canonical_event_id,event_status,event_start_date,event_end_date,date_precision,locality_name,division,region,latitude,longitude,location_precision,source_document_title,source_document_url,source_event_id,duplicate_of,evidence_summary,supporting_evidence,evidence_quality
FNR-FLD-2005-001,VERIFIED_FLOOD_EVENT,2005-07-25,2005-07-27,DAY_WINDOW,Maroua,Diamare,Far North,,,LOCALITY,"Mena Marin S. M., Tchotsoua M., Amougou J. A., Tchawa P. (2023), Cameroun: La Problematique des Inondations, Leurs Incidences, International Journal of Latest Engineering Research and Applications 8(1): 76-97",http://www.ijlera.com/papers/v8-i1/7.202211415.pdf,IJLERA-2023-Tableau2,MEDIUM,,"Tableau 2 (Etat des lieux des inondations au nord et a l'extreme nord du Cameroun de 1998 a 2013, sourced to DPC-MINAT Yaounde) records: 'Fortes pluies - Inondation - Maroua 25-27/07/2005 - Maisons detruites, 35 morts, 200 sans-abri, 41 cas cholera, destruction du cimetiere municipal.' Observed inundation with destroyed housing and fatalities.",Geo-Eco-Trop 41(3) 2017 Table 15 lists catastrophic floods '15/07/2005 - Maroua' and '25/07/2005 - Maroua' (https://www.geoecotrop.be/uploads/publications/pub_413_03.pdf); the 15 July entry is merged here as an earlier pulse of the same July 2005 Maroua rainy episode. Saha et al. 2021 Tableau 1: '2005-2006 ... Maroua ... 14 morts; 453 sans abris' (https://piahs.copernicus.org/articles/384/241/2021/piahs-384-241-2021.pdf).
FNR-FLD-2006-001,VERIFIED_FLOOD_EVENT,2006-08-05,2006-08-05,DAY,Maroua,Diamare,Far North,,,LOCALITY,"Bouba L., Sauvagnargues S., Gonne B., Ayral P.-A. (2017), Tendances pluviometriques et alea inondation a l'Extreme-Nord Cameroun, Geo-Eco-Trop 41(3): 339-358",https://www.geoecotrop.be/uploads/publications/pub_413_03.pdf,GEOECOTROP-2017-Table15,MEDIUM,,Table 15 (Relation temporelle entre historique des inondations catastrophiques et variations pluviometriques a l'Extreme-Nord Cameroun) lists a catastrophic flood dated '05/08/2006' for the commune of Maroua.,"Afrique SCIENCE 11(1) 2015 on Maroua: 'des debordements donnant lieu aux inondations spectaculaires comme celles enregistrees en 2006 (02 morts) ... les quartiers sont transformees en de veritables piscines, des maisons sont submergees, des routes principales et secondaires coupees' (https://www.ajol.info/index.php/afsci/article/download/118455/107990/0). Saha et al. 2021 Tableau 1: '2006-2007 ... Maroua ... 2 morts; 1042 sans abris' (https://piahs.copernicus.org/articles/384/241/2021/piahs-384-241-2021.pdf)."
FNR-FLD-2007-001,VERIFIED_FLOOD_EVENT,2007-08-02,2007-08-17,DAY_WINDOW,Mokolo; Sarki-Fada; Tongo; Tourou; Dza-Wandai; Idanang; Mendeze; Nassarawo; Domayo; Djimeta; Bonguele; Guimengayak; Zimangayak; Kolofata,UNKNOWN (primary source names localities only; Mokolo and Kolofata appear as communes in the supporting scientific table),Far North,,,LOCALITY,"IFRC, Cameroon: Floods - DREF Bulletin No. MDRCM005, GLIDE no. FL-2007-000149-CMR, 31 August 2007",https://www.ifrc.org/docs/appeals/07/MDRCM005.pdf,IFRC-MDRCM005,VERY_HIGH,,"'Between 2 and 17 August 2007, heavy rains fell in Mokolo ... causing serious flooding in the Sarki-Fada, Tongo, Tourou, Dza-Wandai, Idanang, Mendeze, Nassarawo, Domayo, Djimeta, Bonguele, Guimengayak and Zimangayak neighbourhoods.' Six deaths, about 20 injured, 1,220 persons homeless (124 families), 1,440 seriously affected, livestock lost; displaced sheltered at the Franco Arabic School and the Imam's compound.","Geo-Eco-Trop Table 15 lists '02/08/2007 - Mokolo', '04/08/2007 - Mokolo' and '02/08/2007 - Kolofata' (https://www.geoecotrop.be/uploads/publications/pub_413_03.pdf). IFRC GO event record 'Cameroon - Floods Mokolo', appeal MDRCM005 (https://goadmin.ifrc.org/api/v2/event/1171/?format=json)."
FNR-FLD-2007-002,VERIFIED_FLOOD_EVENT,2007-08-05,2007-08-05,DAY,Yagoua; Gueme; Maga; Doukoula,Mayo-Danay (division named in the supporting Saha et al. table; primary source names the communes),Far North,,,LOCALITY,"Bouba L. et al. (2017), Tendances pluviometriques et alea inondation a l'Extreme-Nord Cameroun, Geo-Eco-Trop 41(3)",https://www.geoecotrop.be/uploads/publications/pub_413_03.pdf,GEOECOTROP-2017-Table15,MEDIUM,,"Table 15 lists a catastrophic flood dated '05/08/2007' affecting the communes 'Yagoua - Gueme - Maga', plus a second entry '05/08/2007 - Doukoula'. Distinct Logone-floodplain front, contemporaneous with but separate from the Mokolo/Mandara episode FNR-FLD-2007-001.",Saha et al. 2021 Tableau 1 of major Far North floods: '2007-2008 ... Mayo Danay ... 8 morts; 4421 sans abris' (https://piahs.copernicus.org/articles/384/241/2021/piahs-384-241-2021.pdf).
FNR-FLD-2010-001,VERIFIED_FLOOD_EVENT,2010-07-22,2010-07-22,DAY,Pouss; Maga subdivision,Mayo-Danay,Far North,,,LOCALITY,"IFRC, Cameroon: Floods in Pouss (Far North Region) - DREF operation n. MDRCM010, GLIDE n. FL-2010-000154-CMR, 6 August 2010",https://www.ifrc.org/docs/appeals/10/MDRCM010do.pdf,IFRC-MDRCM010,VERY_HIGH,,"'On 22 July 2010, torrential rain coupled with violent wind caused serious floods in Pouss, a locality of the Far North Region of Cameroon. The flood is reported to have claimed 13 lives and left 95 people wounded. In addition, over 300 houses have been destroyed and close to 600 families have been left homeless ... 1000 ha of crops have been destroyed or washed away.' The document places Pouss in Maga subdivision, Mayo-Danay division.","IRIN/ReliefWeb 4 Aug 2010: 'Dans la region de l'Extreme Nord, au moins 15 personnes ont trouve la mort et 5 000 ont perdu leur maison dans les violentes tempetes de la fin juillet' (https://reliefweb.int/report/burkina-faso/afrique-de-louest-temp%C3%AAtes-de-gr%C3%AAle-et-pluies-record). Geo-Eco-Trop Table 15: '22/07/2010 - Maga (Pouss)' (https://www.geoecotrop.be/uploads/publications/pub_413_03.pdf). Saha et al. 2021: '2010-2011 ... Pouss ... 12 morts; 3000 sans abris' (https://piahs.copernicus.org/articles/384/241/2021/piahs-384-241-2021.pdf)."
FNR-FLD-2012-001,VERIFIED_FLOOD_EVENT,2012-08-15,2012-09-17,DAY,Begue; Grong; Blah; Varaye; Gaya; Doreissou; Palam; Dougui; Pouss; Tekele; Yagoua; Vele and Kai-Kai subdivisions; Maga subdivision,Mayo-Danay,Far North,,,LOCALITY,"IFRC, Cameroon: Floods in the North and Far North Regions - DREF operation n. MDRCM014, GLIDE n. FL-2012-000157-CMR, 6 September 2012",https://www.ifrc.org/docs/appeals/12/MDRCM014.pdf,IFRC-MDRCM014,VERY_HIGH,,"'Since 15 August 2012 ... In the Far North Region, especially in the Vele subdivision of the Mayo Danay division, the situation has worsened due to the collapse of the Maga dyke, in Begue some 50 km from Yagoua ... The rupture of this dyke ... has caused floods in Grong, Blah, Varaye, Gaya, Doreissou, Begue, Palam, Dougui, Pouss and Tekele villages. 600 families, about 3000 people, are presently homeless.' End date bounded by the World Bank's 15 August - 17 September 2012 exceptional-rainfall window. NASA Earth Observatory: satellite observation shows flooding at maximum extent on 17 September 2012, compared with no flooding on 18 September 2011 (https://science.nasa.gov/earth/earth-observatory/flooding-in-northern-cameroon-79216/).","World Bank Cameroon Flood Emergency Project: 'The hydraulic infrastructure of the Maga dam faced a critical situation on the heels of exceptionally high rainfall between August 15 to September 17, 2012' (https://documents1.worldbank.org/curated/en/371911624993978741/txt/Cameroon-Flood-Emergency-Project.txt). International Charter activation 2012-09-06, 'Lieu de l'evenement - Maga, Mayo-Danay' (https://disasterscharter.org/fr/activations/extreme-floods-in-north-province-of-cameroon). MSF (https://www.msf.ch/nos-actualites/articles/milliers-dhabitants-deplaces-inondations-lextreme-nord-du-cameroun). The IJLERA-recorded 08/09/2012 Maga and 27/09/2012 Logone-et-Chari entries are merged here as later pulses of the same 2012 Logone episode (http://www.ijlera.com/papers/v8-i1/7.202211415.pdf)."
FNR-FLD-2012-002,VERIFIED_FLOOD_EVENT,2012-10,2012-11-26,MONTH_OR_WINDOW,Kousseri (ten quartiers); Blangoua; Maga district,Logone-et-Chari,Far North,,,LOCALITY,"Medecins Sans Frontieres, Des milliers d'habitants deplaces par les inondations dans l'Extreme-Nord du Cameroun",https://www.msf.ch/nos-actualites/articles/milliers-dhabitants-deplaces-inondations-lextreme-nord-du-cameroun,MSF-CMR-KOUSSERI-2012,HIGH,,"'Le debordement du fleuve Logone a touche dix quartiers de la ville de Kousseri, situee a la frontiere avec le Tchad ... Des milliers de deplaces contraints de quitter leurs maisons, leurs biens et leurs cultures se sont spontanement installes dans huit camps le long du fleuve.' MSF treated 'pres de 2100 sinistres ... depuis la mi-octobre' in Maga district before moving north, opened a health centre in a displacement camp in early November, and visited Blangoua (Logone-et-Chari).","IJLERA Tableau 2: 'Inondations - Kusser 26/11/2012 - 10.000 personnes sans logements' (http://www.ijlera.com/papers/v8-i1/7.202211415.pdf). UNICEF Cameroon Monthly Humanitarian Situation Report, 27 May 2013: 'In Far North Region, an estimated 1 500 displaced families have been resettled in April in Blangoua, Logone and Chari Subdivision' following 'the August - September 2012 flood crisis' (https://www.ecoi.net/en/file/local/1290391/1930_1370346310_unicef-cameroon-sitrep-may-2013.pdf). Separated from FNR-FLD-2012-001 as a downstream, later-dated Logone-et-Chari wave."
FNR-FLD-2013-001,VERIFIED_FLOOD_EVENT,2013-09-17,2013-09-18,DAY_WINDOW,Dougui; Kai-Kai district; Begue; Palam; Djafga,Mayo-Danay,Far North,,,LOCALITY,"IFRC, Cameroon: Flash floods - DREF operation n. MDRCM016, 1 October 2013",https://www.ifrc.org/docs/appeals/13/MDRCM016.pdf,IFRC-MDRCM016-rupture1,VERY_HIGH,,"'On the night of September 17 to 18, 2013, heavy rains fell in the Mayo-Danay and caused the rupture of the dam along the Logone River at the town of Dougui, District of Kai kai Far North Region, Cameroon.' 805 affected individuals reported; Begue, Palam and Djafga seriously affected, with damage to farmland and loss of household items and livestock.","Cameroun24: 'L'ouvrage de retenue du fleuve Logone a litteralement cede sur une distance de 30 metres au niveau de Dougui' (https://cameroun24.net/article/12383-CimUroin___CiiisirophU_3A_Li_digiU_dU_Migi_fiii_in_m.html). IJLERA Tableau 2: 'Inondations - Logone et Chari et Mayo Danay 18/09/2013 - Affaissement de la digue' (http://www.ijlera.com/papers/v8-i1/7.202211415.pdf). IJEMS: 'En septembre 2013, la digue de Douki a cede' (https://ijemsjournal.com/index.php/home/article/download/86/72/284)."
FNR-FLD-2013-002,VERIFIED_FLOOD_EVENT,2013-09-27,2013-09-27,DAY,Dougui (breach 4 km from the first rupture); Kai-Kai district,Mayo-Danay,Far North,,,LOCALITY,"IFRC, Cameroon: Flash floods - DREF operation n. MDRCM016, 1 October 2013",https://www.ifrc.org/docs/appeals/13/MDRCM016.pdf,IFRC-MDRCM016-rupture2,VERY_HIGH,,"'On September 27, 2013, a second rupture in the dam 4 km from the first rupture started flooding the area and nearly 9,000 people were evacuated immediately.' The source explicitly distinguishes this from the 17-18 September breach, establishing a separate flood wave nine days later.","IFRC GO event record 'Cameroon - Floods', appeal MDRCM016 (https://goadmin.ifrc.org/api/v2/event/472/?format=json)."
FNR-FLD-2015-001,VERIFIED_FLOOD_EVENT,2015-08-28,2015-08-28,DAY,Makabaye; Harde; Salak; Djarengol; Zileng; carrefour Gakle; Mayo-Ferngo (Maroua-Mindif road); Gakle-Goyang-Kaoutal road; lycee de Domayo,Diamare,Far North,,,LOCALITY,"Mouhaman Arabi, Risques en milieu urbain sahelien : cas de Maroua au Cameroun, Analele Universitatii din Bucuresti - Geografie (2022)",https://www.annalsreview.geo.unibuc.ro/2022/Arabi.pdf,ARABI-2022-Tableau2,MEDIUM,,Tableau 2 of Maroua flood events (sources: Sapeurs-pompiers et Prefecture du Diamare) records '28 aout 2015 - Makabaye; Harde; Salak; Djarengol et Zileng - L'effondrement des immeubles ; Destruction des cultures; Noyade des animaux domestiques ; Engloutissement des reserves des produits vivriers ; Destruction des axes routiers et des ouvrages de franchissement (carrefour Gakle; destruction du radier du Mayo-Ferngo axe Maroua Mindif; destruction de la route en terre Gakle-Goyang-Kaoutal)'.,"Saha et al. 2021 Tableau 1: '2015-2016 ... Maroua, Gazawa et Ndoukoula ... 5 morts, 6200 sans abris' (https://piahs.copernicus.org/articles/384/241/2021/piahs-384-241-2021.pdf)."
FNR-FLD-2018-001,VERIFIED_FLOOD_EVENT,2018-07-24,2018-07-25,DAY_WINDOW,Gakle; Katoual; Maroua 1er (commune),Diamare,Far North,,,LOCALITY,"Victimes des inondations a Gakle et Katoual : les attentions du couple presidentiel (Cameroon Tribune, 26 August 2018)",https://www.cameroon-tribune.cm/article.html/20146/en.html/Victimes-des-inondations-Gakle-et-Katoual-les-attentions-du-couple-pr-sidentiel,CT-2018-20146,HIGH,,"Torrential rains falling 'dans la nuit du 24 au 25 juillet 2018' left households homeless, destroyed property and swept away livestock at Gakle and Katoual in the commune of Maroua 1er, Diamare. 187 families were officially enumerated as disaster victims and received state relief handed over by the Minister of Territorial Administration at Gakle public school.","MINAT relief operation constitutes the institutional assessment (187 families enumerated). VOA Afrique, 27 July 2018, reports an eight-year-old drowned in Maroua after heavy rain, several houses destroyed and around 150 people homeless per CRTV (https://www.voaafrique.com/a/mort-d-un-enfant-dans-des-inondations-au-cameroun/4502813.html); merged here as the same July 2018 Maroua rainfall sequence rather than counted separately. Cameroon's national compendium logs 1 Far North flood in 2018 (https://unstats.un.org/unsd/envstats/Compendia/Cameroun_Composante4_FR_Compendium2022.pdf)."
FNR-FLD-2019-001,VERIFIED_FLOOD_EVENT,2019-09-28,2019-10-14,DAY_WINDOW,Zina; Maga; Kai-Kai; Yagoua; Mre Arabe; Mre Kotoko; Ngoudougouli; Sakim; Karam-Nord; Yare-Kalkoussam; Sara Sara (dyke); Nohoye; Pinfoung; Koundouma; Guiding; Sarahara; Lahai; Guirvidig; Dawaya; Gounmi; Mourna,Logone-et-Chari; Mayo-Danay,Far North,,,LOCALITY,"Cameroun : Extreme-Nord, Logone-et-Chari, Mayo-Danay - Inondations, Situation Report No. 01 (UN OCHA)",https://www.unocha.org/publications/report/cameroon/cameroun-extr-me-nord-logone-et-chari-mayo-danay-inondations-situation-report-no-01,OCHA-CMR-2019-SITREP01,VERY_HIGH,,"OCHA reports a Logone river surge from 28 September 2019 combined with the rupture of several community dykes, directly affecting more than 40,000 people in the arrondissements of Zina (Logone-et-Chari) and Maga and Kai-Kai (Mayo-Danay). 60 of Zina's 110 villages were hit (2,319 households / 19,359 people), more than 47,000 ha of crops destroyed in Zina alone, over 20,000 people forced from their homes, 3,000 people sheltering on the Sara Sara dyke, 44 schools hit and 3 health centres non-functional.","International Charter Activation 627: the Logone 'broke its banks on 1 October' affecting Zina district, and 'on 14 October the river overflowed again affecting communities in Mayo-Danay' (https://disasterscharter.org/activations/flood-flash-in-cameroon-activation-627-). ACAPS START briefing note, 11 Oct 2019 (https://www.acaps.org/fileadmin/Data_Product/Main_media/11102019_acaps_start_briefing_note_far_north_region_cameroon_0.pdf). IFRC EPoA MDRCM028, 24 Oct 2019: 25,582 people / 3,402 households across Maga, Kai-Kai, Yagoua and Zina (https://adore.ifrc.org/Download.aspx?FileId=264743). OCHA Bulletin Humanitaire No. 12 (https://www.ecoi.net/en/file/local/2021286/cmr_bulletin_humanitaire_numero_12_v_04.pdf). The 1 and 14 October pulses are treated as escalations inside this window."
FNR-FLD-2019-002,VERIFIED_FLOOD_EVENT,2019-11-04,2019-11-12,DAY_WINDOW,Darak; Waza; Blangoua; Hile Alifa,Logone-et-Chari,Far North,,,LOCALITY,"Cameroun : Extreme-Nord, Logone-et-Chari, Mayo-Danay - Situation Report No. 02 (UN OCHA, covering 16 October - 12 November 2019)",https://www.unocha.org/publications/report/cameroon/cameroun-extr-me-nord-logone-et-chari-mayo-danay-situation-report-no-02,OCHA-CMR-2019-SITREP02,VERY_HIGH,,"OCHA reports that 'la semaine du 4 novembre ... de nouvelles inondations ont ete signalees' in the arrondissement of Darak, affecting 7 villages and leaving approximately 243 households homeless, with several hectares of fields destroyed. New floods were also announced at Waza, Darak and Blangoua.","OCHA explicitly labels these 'de nouvelles inondations', separating them from the September-October 2019 episode FNR-FLD-2019-001. Same report references Hile Alifa among affected areas."
FNR-FLD-2020-001,VERIFIED_FLOOD_EVENT,2020-08,2020-08-31,MONTH_OR_WINDOW,Maroua (bridge collapse); Palar; Gagkle; Ngassa,Diamare; Logone-et-Chari; Mayo-Sava; Mayo-Danay; Mayo-Kani,Far North,,,LOCALITY,"Cameroon - Floods in Far North Region, Emergency Plan of Action (EPoA), DREF Operation MDRCM029 (IFRC)",https://reliefweb.int/report/cameroon/cameroon-floods-far-north-region-emergency-plan-action-epoa-dref-operation-no,IFRC-MDRCM029-aug,VERY_HIGH,,"The IFRC records that 'during the month of August 2020, torrential rains ... with an important peak on 31 August 2020, [caused] floods and substantial damage, such as the collapse of a bridge in the city of Maroua'.","IFRC MDRCM029 Final Report, 3 September 2021: total people affected 158,279 (https://adore.ifrc.org/Download.aspx?FileId=444064). Actu Cameroun, 7 Sept 2020, describes 'l'effondrement du pont de Palar', flooding at Gagkle and the rupture of the Ngassa culvert, water reaching 70 cm at Ouro-Tchede, Pitoare, Djarengol, Doualare, Lopere Harde, Meskine and Yoldeo (https://actucameroun.com/2020/09/07/maroua-inondations-le-chaos/)."
FNR-FLD-2020-002,VERIFIED_FLOOD_EVENT,2020-09-11,2020-09-12,DAY_WINDOW,Gobo; Guere; Vele; Kai-Kai; Moulvoudaye; Kaele; Arafai; Gougoum Goudoum,Mayo-Danay; Mayo-Kani,Far North,,,LOCALITY,"Cameroon - Floods in Far North Region, Emergency Plan of Action (EPoA), DREF Operation MDRCM029 (IFRC)",https://reliefweb.int/report/cameroon/cameroon-floods-far-north-region-emergency-plan-action-epoa-dref-operation-no,IFRC-MDRCM029-sep,VERY_HIGH,,"'On 11 and 12 September 2020, intense and continuous rains poured in Mayo-Danay and Mayo-Kani ... rainfall ranging between 40 mm and 85 mm', affecting 26,402 people (19,218 in Mayo-Danay, 7,184 in Mayo-Kani) and killing 11. Assessment covered 3,152 households / 13,832 people; 62% lost shelter; 463 rice farms, 424 sorghum and 374 maize plots destroyed.","IFRC MDRCM029 Final Report repeats the dated statement and the district list Gobo, Guere, Vele, Kai-Kai, Moulvoudaye, Kaele (https://adore.ifrc.org/Download.aspx?FileId=444064). Explicitly dated apart from the August 2020 episode by the same source."
FNR-FLD-2020-003,VERIFIED_FLOOD_EVENT,2020-11-01,2020-11-30,MONTH,Kousseri; Biamo; Fotokol; Maroua-Kousseri axis via Zina,Logone-et-Chari,Far North,,,LOCALITY,"Cameroun : Extreme-Nord, Rapport de situation No. 4, Novembre 2020 (UN OCHA, covering 1-30 November 2020)",https://www.unocha.org/publications/report/cameroon/cameroun-extr-me-nord-rapport-de-situation-no-4-novembre-2020,OCHA-CMR-2020-SITREP04,VERY_HIGH,,"OCHA reports that 'les inondations se poursuivent en novembre 2020, notamment dans le departement du Logone et Chari, ou la crue de la riviere du Logone a provoque des inondations dans la ville de Kousseri pour la premiere fois depuis 2012', displacing 1,477 households / 11,521 people. The Maroua-Kousseri axis via Zina remained impassable and road access to Fotokol impossible; 400 Nigerian nationals took refuge at Biamo.","IFRC MDRCM029 Final Report: 'the rainfall continued in November in the Logone and Chari division' (https://adore.ifrc.org/Download.aspx?FileId=444064). Villes et Communes: more than 10,000 people left homeless in Kousseri, response by the 402nd fire company (https://www.villesetcommunes.info/actu/inondations-a-kousseri-sapeurs-pompiers-viennent-aide-a-10-000-personnes/). Distinct river-flood phase separated by OCHA from the August/September pluvial episodes."
FNR-FLD-2021-001,VERIFIED_FLOOD_EVENT,2021-07-01,2021-07-31,MONTH,Seradoumda; Mora and Makary health-district roads,Mayo-Sava,Far North,,,LOCALITY,"Cameroon Humanitarian Bulletin Issue N.23, August 2021 (UN OCHA)",https://www.unocha.org/publications/report/cameroon/cameroon-humanitarian-bulletin-issue-n-23-august-2021,OCHA-CMR-BULL23-2021,VERY_HIGH,,"OCHA states that 'in July 2021 only, floods have affected more than 2,400 people in the Mayo-Sava division', with 3 deaths, more than 360 collapsed houses, and deteriorated bridges and roads.","OCHA Far North Situation Report, August 2021: IOM and AAEDC distributed transitional shelter kits to 168 'sinistres des inondations de la localite de Seradoumda dans le Mayo-Sava'; flooded roads to the Makary and Mora health districts (https://www.ecoi.net/en/file/local/2061718/cameroon_far_north_situation_report_-_august_2021.pdf)."
FNR-FLD-2021-002,VERIFIED_FLOOD_EVENT,2021-06,2021-08-31,MONTH_OR_WINDOW,"UNKNOWN (division-level footprint; access constraints reported at Makari, Fotokol, Blangoua, Zina, Logone-Birni)",Mayo-Danay; Mayo-Kani,Far North,,,ADMINISTRATIVE_FOOTPRINT,"Extreme-Nord : plus de 22 000 personnes sinistrees par les inondations (StopBlablaCam, reporting attributed OCHA figures)",https://www.stopblablacam.com/societe/1810-9518-extreme-nord-plus-de-22-000-personnes-sinistrees-par-les-inondations,SBBC-2021-9518,HIGH,,"Citing OCHA, the outlet reports that as of 31 August 2021 more than 3,836 households (22,776 people) had been affected by floods in Mayo-Danay and Mayo-Kani, following rains that began in June. Reported impacts: 2 deaths, 5,443 shelters destroyed, more than 1,500 ha of fields flooded, about 2,700 animals lost, about 10 schools flooded, more than 200 latrines and 20 water points damaged.","Distinct from FNR-FLD-2021-001 by division and by reported caseload. Secondary outlet reporting an explicitly attributed OCHA assessment; the primary OCHA note was not retrieved, which caps quality at HIGH. OCHA Humanitarian Bulletin N.25 (October 2021) was checked and contains no flood content for this period."
FNR-FLD-2022-001,VERIFIED_FLOOD_EVENT,2022-08-15,2022-09-26,DAY_WINDOW,Tekele; Alvakai; Dibissa; Maga; Gobo; Yagoua; Kai-Kai; Vele; Guere; Wina; Kousseri; Makary; Zina; Logone-Birni,Mayo-Danay; Logone-et-Chari; Mayo-Tsanaga,Far North,,,LOCALITY,Cameroun - Extreme-Nord : Note d'information sur les inondations n.1 (au 26 septembre 2022) (UN OCHA),https://reliefweb.int/report/cameroon/cameroun-extreme-nord-note-dinformation-sur-les-inondations-ndeg1-au-26-septembre-2022,OCHA-CMR-2022-NOTE1,VERY_HIGH,,"OCHA reports that 'depuis mi-aout 2022' flooding has affected the Far North, with dykes breaking on 17 and 21 September 2022 between Tekele and Alvakai (Maga, Mayo-Danay) and at Dibissa village (Zina, Logone-et-Chari). About 37,000 people affected across Mayo-Danay, Logone-et-Chari and Mayo-Tsanaga; 2 dead and 95 injured; more than 9,400 houses destroyed; 88 schools flooded affecting 26,615 pupils; about 2,400 ha of crops and 3,019 animals lost.","ReliefWeb disaster page FL-2022-000349-CMR (https://reliefweb.int/disaster/fl-2022-000349-cmr). OCHA Far North Emergency Tracking Report n.39, 22 Sept 2022: floods in 8 localities of Yagoua, 10 of Gobo and 2 of Kai-Kai after heavy rains of 16-19 September, 3,219 households / 11,930 individuals (https://reliefweb.int/report/cameroon/cameroun-region-de-lextreme-nord-suivi-des-urgences-rapport-ndeg39-22-septembre-2022). Africa Check on the Yagoua floods (https://africacheck.org/fr/fact-checks/meta-programme-fact-checks/inondations-yagoua-dans-lextreme-nord-du-cameroun-les-eaux)."
FNR-FLD-2022-002,VERIFIED_FLOOD_EVENT,2022-10-01,2022-12-05,DAY_WINDOW,Kousseri; Madagascar; Gote; Mada; Maynanani; Kourouan; Djambalbar; Gozo; Marouare; Tchidam; Madana (Kousseri quartiers); Fotokol; Makary; Blangoua; Logone-Birni; Goulfey,Logone-et-Chari,Far North,,,LOCALITY,Cameroun - Extreme-Nord : Note d'information sur les inondations n.3 (au 15 novembre 2022) (UN OCHA),https://www.unocha.org/publications/report/cameroon/cameroun-extreme-nord-note-dinformation-sur-les-inondations-ndeg3-au-15-novembre-2022,OCHA-CMR-2022-NOTE3,VERY_HIGH,,"By 15 November 2022 OCHA reported more than 258,000 people affected, with 10,295 households / 70,288 people displaced, more than 48,000 ha of crops destroyed, 6,735 animals lost, more than 200 water points and 2,623 latrines damaged and more than 133 schools affected; all ten arrondissements of Logone-et-Chari, including Kousseri, were hit, and a cholera outbreak had reached 395 cases and 17 deaths as of 13 November 2022. Separated from FNR-FLD-2022-001 by mechanism: Chari/Logone river rise concentrated on Logone-et-Chari rather than Mayo-Danay dyke rupture.","OCHA Note d'information n.4 (au 5 decembre 2022) records 'plusieurs localites ... nouvellement affectees' in Fotokol, Makary, Blangoua and Logone-Birni, more than 313,200 affected regionally and 17,348 households displaced (https://reliefweb.int/report/cameroon/cameroun-extreme-nord-note-dinformation-sur-les-inondations-ndeg4-au-5-decembre-2022); merged here as the late-season continuation of this Logone-et-Chari phase. Cameroon Tribune, 21 Oct 2022, names the ten flooded Kousseri quartiers (https://cameroon-tribune.cm/article.html/52000/en.html/inondations-kousseri-le-recensement-sinistres). UNFPA October 2022 sitrep: all six divisions affected as of 27 October (https://cameroon.unfpa.org/en/publications/flooding-situation-reportfar-north-and-north-regions_october-2022)."
FNR-FLD-2023-001,VERIFIED_FLOOD_EVENT,2023-07,2023-09-27,MONTH_OR_WINDOW,Yagoua; Vele; Kai-Kai; Blouaina; Logone-Birni; Maga; Zina; Gabar; Mourla,Mayo-Danay; Logone-et-Chari,Far North,,,LOCALITY,Cameroun - Extreme-Nord : Note d'information n.3 sur la preparation et la reponse aux inondations et la reponse aux sinistres accueillis a Mourla (27 septembre 2023) (UN OCHA),https://reliefweb.int/report/cameroon/cameroun-extreme-nord-note-dinformation-ndeg3-sur-la-preparation-et-la-reponse-aux-inondations-reponse-aux-sinistres-accueillis-mourla-27-septembre-2023,OCHA-CMR-2023-NOTE3,VERY_HIGH,,"OCHA documents a progressive rise in water levels since early July 2023 at Yagoua, Vele and Kai-Kai (Mayo-Danay) and Blouaina and Logone-Birni (Logone-et-Chari), with 337 ha of rice destroyed in Maga arrondissement and 1,340 ha of rice, sorghum, maize and okra destroyed in Zina. Heavy rains from 15 to 21 September at Gabar (Vele arrondissement) destroyed houses and left about 25 households homeless.","StopBlablaCam, 12 Oct 2023, reports the same crop-loss figures and localities Yagoua, Vele, Kai-Kai, Blangoua, Zina and Logone-Birni, plus 90 houses destroyed 15-21 September (https://www.stopblablacam.com/society/1210-11278-far-north-flooding-destroys-300-hectares-of-rice-fields). The 15-21 September Gabar rains are recorded as a sub-event within this episode, not separately."
FNR-FLD-2023-002,VERIFIED_FLOOD_EVENT,2023-11-01,2023-11-30,MONTH,Blangoua; Blaram; Wayawaya; Ngarinyobe; Tilde (Logone-Birni); Malika (Mora),Logone-et-Chari; Mayo-Sava,Far North,,,LOCALITY,"Cameroun : Extreme-Nord, Rapport de situation No. 38 - novembre 2023 (UN OCHA)",https://www.unocha.org/publications/report/cameroon/cameroun-extreme-nord-rapport-de-situation-no-38-novembre-2023,OCHA-CMR-2023-SITREP38,VERY_HIGH,,"OCHA reports flooding caused by the overflow of the Chari combined with torrential rains at Blangoua, affecting around 10,000 people and displacing 23 households, with 19 schools, 3 health centres and several hectares of cropland flooded or destroyed; Blaram, Wayawaya and Ngarinyobe are named and the Maroua-Bogo-Kousseri axis became impassable.","Same report records flood-related impacts at Tilde (Logone-Birni) and Malika (Mora, Mayo-Sava). Separated from FNR-FLD-2023-001 by season phase (November river flood versus July-September rise) and by a distinct affected area centred on Blangoua."
FNR-FLD-2024-001,VERIFIED_FLOOD_EVENT,2024-08-10,2024-09-12,DAY_WINDOW,Blangoua; Makary; Zina; Maga; Yagoua; Ndoukoula; Mokolo; Maroua; Kalfou; Kar-Hay; Datcheka; Tchatibali; Doukoula; Gobo; Guere,Logone-et-Chari; Mayo-Danay; Diamare; Mayo-Tsanaga; Mayo-Kani,Far North,,,LOCALITY,"Cameroon - Far North Floods, DREF Operation Appeal MDRCM039 (IFRC)",https://reliefweb.int/report/cameroon/cameroon-far-north-floods-dref-operation-appeal-mdrcm039,IFRC-MDRCM039-2024,VERY_HIGH,,"The IFRC records that rains intensified from 10 August 2024, that 'series of floods have been recorded since August 19', that river levels reached critical thresholds in Logone-et-Chari and Mayo-Danay between 11 and 21 August, and that 'the peak of the floods was recorded on August 28', when water-retention dykes broke in Mayo-Danay and flooded Yagoua. Caseloads: Blangoua ~75,000, Makary 43,000, Maga 18,000, Yagoua ~13,000, Zina 9,000, Ndoukoula over 400, Mokolo about 200.","OCHA Note d'information sur les inondations (au 4 septembre 2024): at least 200,075 people affected in 5 divisions since July, at least 11 deaths including 4 children drowned in Maroua, more than 12,541 houses destroyed or damaged, 7,870 ha flooded (https://www.unocha.org/publications/report/cameroon/cameroun-extreme-nord-note-dinformation-sur-les-inondations-au-04-septembre-2024). ACAPS Cameroon 10 Sept 2024 update (https://www.acaps.org/en/countries/cameroon). Cameroon Tribune, 12 Sept 2024, reports Yagoua cut in two and all eleven Mayo-Danay arrondissements affected (https://www.cameroon-tribune.cm/article.html/67034/fr.html/extreme-nord-inondations-devastatrices); merged here as the escalation of this pluvial phase."
FNR-FLD-2024-002,VERIFIED_FLOOD_EVENT,2024-10-01,2024-11-11,DAY_WINDOW,Kousseri; Ndou (reception site),Logone-et-Chari; Mayo-Danay,Far North,,,LOCALITY,"Cameroun : Extreme-Nord, Rapport de situation No. 49 - octobre 2024 (UN OCHA, covering 1-31 October 2024)",https://www.unocha.org/publications/report/cameroon/cameroun-extreme-nord-rapport-de-situation-no49-octobre-2024,OCHA-CMR-2024-SITREP49,VERY_HIGH,,"OCHA states that 'le mois d'octobre a ete marque par le debut des inondations fluviales', with Logone river surges in several arrondissements of Mayo-Danay and Logone-et-Chari; by end-October some 459,000 people (65,945 households) were affected and about 56,000 houses destroyed, with roughly 15 reception sites in Kousseri hosting about 37,592 households. OCHA itself dates the onset of river (as opposed to pluvial) flooding to October 2024, which is the basis for separating this from FNR-FLD-2024-001.","OCHA Apercu des inondations (au 18 octobre 2024): more than 459,000 affected (https://reliefweb.int/report/cameroon/cameroun-extreme-nord-apercu-des-inondations-au-18-octobre-2024). OCHA Note d'information (au 11 novembre 2024): about 84,000 newly affected between 19 September and 11 November, 38 killed, 56,084 houses destroyed, 85,253 ha of crops (https://reliefweb.int/report/cameroon/cameroun-extreme-nord-note-dinformation-sur-les-inondations-au-11-novembre-2024). IFRC MDRCM039 Operation Update No. 3 (https://go-api.ifrc.org/api/downloadfile/92340/MDRCM039eu3). ACAPS 7 Oct 2024 update (https://www.acaps.org/en/countries/cameroon)."
FNR-FLD-2025-001,VERIFIED_FLOOD_EVENT,2025-07-13,2025-07-13,DAY,Mozogo; Nguetchewe; Korsamba; Kaliari,Mayo-Tsanaga,Far North,,,LOCALITY,"Cameroon - Far North Floods, DREF Operation MDRCM039, Operation Update No. 3 (IFRC)",https://go-api.ifrc.org/api/downloadfile/92340/MDRCM039eu3,IFRC-MDRCM039-eu3-0713,VERY_HIGH,,"The IFRC records that floods on 13 July 2025 in Mozogo, Nguetchewe, Korsamba and Kaliari (Mayo-Tsanaga) affected 914 people (269 households) and destroyed 292 houses, 117 ha of crops, 392 latrines and 77 water points.","The same document reports that early seasonal rains in July 2025 affected more than 700 people in Mayo-Danay and Logone-et-Chari, with 2 deaths, more than 500 houses and 109 classrooms damaged."
FNR-FLD-2025-002,VERIFIED_FLOOD_EVENT,2025-08-05,2025-08-05,DAY,Gobo; Yagoua; Guere; Wina; Datcheka; Doukoula; Tchatibali; Vele; Kai-Kai; Maga; Kar-Hay,Mayo-Danay,Far North,,,LOCALITY,"Cameroon - Far North Floods, DREF Operation MDRCM039, Operation Update No. 3 (IFRC)",https://go-api.ifrc.org/api/downloadfile/92340/MDRCM039eu3,IFRC-MDRCM039-eu3-0805,VERY_HIGH,,"More than five hours of torrential rain on 5 August 2025 destroyed crops (millet, maize, cotton, groundnut) and homes across the eleven arrondissements of Mayo-Danay, including Gobo, Yagoua, Guere, Wina, Datcheka, Doukoula, Tchatibali, Vele, Kai-Kai and Maga.","OCHA Cameroun : Extreme-Nord, Rapport de situation No. 59 (aout 2025) records August 2025 flooding across Kar-Hay, Kai-Kai, Guere, Tchatibali, Datcheka, Wina, Maga, Vele, Yagoua and Gobo (Mayo-Danay) plus Hina (Mayo-Tsanaga), affecting 85 localities and 2,176 people (321 households) (https://reliefweb.int/report/cameroon/cameroun-extreme-nord-rapport-de-situation-no-59-aout-2025)."
FNR-FLD-2025-003,VERIFIED_FLOOD_EVENT,2025-08-12,2025-08-12,DAY,Hina,Mayo-Tsanaga,Far North,,,LOCALITY,"Cameroon - Far North Floods, DREF Operation MDRCM039, Operation Update No. 3 (IFRC)",https://go-api.ifrc.org/api/downloadfile/92340/MDRCM039eu3,IFRC-MDRCM039-eu3-0812,VERY_HIGH,,"The IFRC records floods on 12 August 2025 in Hina subdivision (Mayo-Tsanaga) damaging farmland, homes and community infrastructure. Distinct date and subdivision from the 13 July Mayo-Tsanaga flash floods and the 5 August Mayo-Danay rains.",OCHA Rapport de situation No. 59 (aout 2025) independently lists Hina among the flood-affected arrondissements in August 2025 (https://reliefweb.int/report/cameroon/cameroun-extreme-nord-rapport-de-situation-no-59-aout-2025).
FNR-FLD-2025-004,VERIFIED_FLOOD_EVENT,2025-07,2025-08,MONTH_OR_WINDOW,Kai-Kai,Mayo-Danay,Far North,,,LOCALITY,"Cameroun : Extreme-Nord, Rapport de situation No. 61 - octobre 2025 (UN OCHA, covering 1-31 October 2025)",https://reliefweb.int/report/cameroon/cameroun-extreme-nord-rapport-de-situation-no-61-octobre-2025,OCHA-CMR-2025-SITREP61,VERY_HIGH,,"OCHA reports that heavy July and August rains combined with the overflow of the Logone affected about 2,800 households (roughly 16,000 people) in Kai-Kai arrondissement, submerging homes and destroying crops; an intersectoral assessment mission was conducted on 16-17 October. The assessment date is explicitly separated from the July-August flood window.","The same report documents a further distinct October 2025 wave in Logone-et-Chari: floods on 7-8 October 2025 affecting 389 households / 1,239 people, destroying 40 shelters and latrines and killing 80 animals; October floods across the region totalled 4,826 households / about 30,000 people, and the Logone-Birni-Zina road became impassable."
FNR-FLD-2025-005,VERIFIED_FLOOD_EVENT,2025-10-07,2025-10-08,DAY_WINDOW,UNKNOWN (Logone-et-Chari arrondissement-level footprint; locality names truncated in the retrieved sitrep text),Logone-et-Chari,Far North,,,ADMINISTRATIVE_FOOTPRINT,"Cameroun : Extreme-Nord, Rapport de situation No. 61 - octobre 2025 (UN OCHA, covering 1-31 October 2025)",https://reliefweb.int/report/cameroon/cameroun-extreme-nord-rapport-de-situation-no-61-octobre-2025,OCHA-CMR-2025-SITREP61-oct,HIGH,,"OCHA records a distinct flood wave on 7-8 October 2025 in Logone-et-Chari affecting 389 households / 1,239 people, destroying 40 shelters and latrines, killing 80 animals and injuring 2 people; the Logone-Birni-Zina road became impassable. Separated from the July-August Kai-Kai episode by a bounded, explicitly dated two-day window in a different division.","OCHA October 2025 Far North reporting relayed by StopBlaBlaCam attributes a 7-8 October flood to Hile-Alifa, Katikime and Tchika (https://www.stopblablacam.com/society/0901-15574-cameroon-far-north-records-nearly-7-000-people-affected-by-floods-in-2025); locality assignment is held at administrative-footprint precision here because the primary sitrep text retrieved was truncated at that point."
FNR-FLD-2026-001,VERIFIED_FLOOD_EVENT,2026-08-18,2026-08-18,DAY,Maroua; radier / pont de Palar,UNKNOWN (sources name Maroua only; Diamare not stated explicitly),Far North,,,LOCALITY,"Noyade au radier de Palar a Maroua : un homme emporte par les eaux (Actu Cameroun, 19 August 2026)",https://actucameroun.com/2026/08/19/noyade-au-radie-de-palar-a-maroua-un-homme-emporte-par-les-eaux/,ACTUCMR-2026-PALAR,MEDIUM,,A man of around 55 was swept away and drowned while attempting to cross the flooded Palar causeway in Maroua on 18 August 2026; his body was recovered by the fire brigade. Observed inundation of the crossing with a fire-brigade recovery operation.,Cameroon Web reports the same drowning during flooding at the Palar bridge in Maroua (https://www.camerounweb.com/CameroonHomePage/regional/Drame-Maroua-Un-homme-p-ri-dans-Inondations-sur-le-pont-de-Palar-796673). No UN or government assessment of the 2026 Far North rainy season had been published as of 4 September 2026 (OCHA sitreps 64 and 65 and the March 2026 Humanitarian Update were checked and contain no 2026 Far North flood content).
FNR-FLD-2011-001,VERIFIED_FLOOD_EVENT,2011-07,2011-09,MONTH_OR_WINDOW,Makabaye; Harde (Maroua),Diamare,Far North,,,LOCALITY,"Risques en milieu urbain sahelien : cas de Maroua au Cameroun (M. Arabi, Annals of the University of Bucharest - Geography series, 2022), Tableau 2",https://www.annalsreview.geo.unibuc.ro/2022/Arabi.pdf,ARABI-2022-T2-2011,,"Documented-floods table for Maroua (sources: fire brigade and Diamare prefecture) records an observed flood in 'Juillet/Septembre 2011' in the Makabaye and Harde quartiers, with houses destroyed and loss of life.","Partial only: SAHA (2020) Annexe 8 records a 2011 Far North flood with 4,360 homeless and 4,360 houses destroyed but names no locality - https://fr.scribd.com/document/938251419/ThA-se-SAHA-Finale",MEDIUM
FNR-FLD-2007-003,VERIFIED_FLOOD_EVENT,2007-08-05,2007-08-05,DAY,Yagoua; Gueme; Maga; Doukoula,Mayo-Danay,Far North,,,LOCALITY,"Tendances pluviometriques et alea inondation a l'Extreme-Nord Cameroun (Geo-Eco-Trop vol. 41 n.3), Tableau 15",https://geoecotrop.be/uploads/publications/pub_413_03.pdf,GEO-ECO-TROP-T15-20070805,,Geo-Eco-Trop inventory dates catastrophic floods on 05/08/2007 at Yagoua-Gueme-Maga and at Doukoula - a Mayo-Danay wave distinct from the Mokolo/Kolofata events of 2-4 August.,SAHA (2020) Annexe 8 lists 'departement du Mayo Danay' among 2007 flood-affected areas - https://fr.scribd.com/document/938251419/ThA-se-SAHA-Finale,HIGH
FNR-FLD-2007-004,VERIFIED_FLOOD_EVENT,2007-09-03,2007-09-03,DAY,Bogo; Meri; Pette; Dargala,Diamare,Far North,,,LOCALITY,"Tendances pluviometriques et alea inondation a l'Extreme-Nord Cameroun (Geo-Eco-Trop vol. 41 n.3), Tableau 15",https://geoecotrop.be/uploads/publications/pub_413_03.pdf,GEO-ECO-TROP-T15-20070903,,"Geo-Eco-Trop inventory dates a catastrophic flood on 03/09/2007 affecting Bogo, Meri, Pette and Dargala - a distinct September wave one month after the August 2007 events.",No second independent document naming these four localities was retrieved.,MEDIUM
FNR-FLD-2007-005,VERIFIED_FLOOD_EVENT,2007-09-04,2007-09-04,DAY,Kolofata,Mayo-Sava,Far North,,,LOCALITY,"Tendances pluviometriques et alea inondation a l'Extreme-Nord Cameroun (Geo-Eco-Trop vol. 41 n.3), Tableau 15",https://geoecotrop.be/uploads/publications/pub_413_03.pdf,GEO-ECO-TROP-T15-20070904-KOLOFATA,,"Geo-Eco-Trop inventory dates a second catastrophic flood at Kolofata to 04/09/2007. IFRC records that DREF MDRCM005 was extended on 3 October 2007 because the disaster had extended to Kolofata, adding 9,079 affected persons - consistent with a September wave separate from early August.","IFRC DREF MDRCM005 final report, extension of 3 Oct 2007 (+9,079 persons, Kolofata) - https://go-api.ifrc.org/publicfile/download?path=/docs/appeals/07/&name=MDRCM005fr.pdf",HIGH
