event_id,date,locality,location_confidence
FNR-FLD-2007-002,2007-08-05,Yagoua,high
FNR-FLD-2007-002,2007-08-05,Guémé,high
FNR-FLD-2007-002,2007-08-05,Maga,high
FNR-FLD-2007-002,2007-08-05,Doukoula,high
FNR-FLD-2013-002,2013-09-27,Dougui,high
FNR-FLD-2013-002,2013-09-27,Kai-Kai,high
FNR-FLD-2015-001,2015-08-28,Makabaye,high
FNR-FLD-2015-001,2015-08-28,Harde,high
FNR-FLD-2015-001,2015-08-28,Salak,high
FNR-FLD-2015-001,2015-08-28,Djarèngol,high
FNR-FLD-2015-001,2015-08-28,Gaklé,high
FNR-FLD-2025-002,2025-08-05,Gobo,high
FNR-FLD-2025-002,2025-08-05,Yagoua,high
FNR-FLD-2025-002,2025-08-05,Guere,high
FNR-FLD-2025-002,2025-08-05,Wina,high
FNR-FLD-2025-002,2025-08-05,Datchéka,high
FNR-FLD-2025-002,2025-08-05,Tchatibali,high
FNR-FLD-2025-002,2025-08-05,Vele,high
FNR-FLD-2025-002,2025-08-05,Kai-Kai,high
FNR-FLD-2025-002,2025-08-05,Maga,high
FNR-FLD-2025-002,2025-08-05,Kar-Hay,high
FNR-FLD-2020-002,2020-09-11,Gobo,high
FNR-FLD-2020-002,2020-09-12,Guere,high
FNR-FLD-2020-002,2020-09-12,Vele,high
FNR-FLD-2020-002,2020-09-12,Kai-Kai,high
FNR-FLD-2020-002,2020-09-12,Moulvoudaye,high
FNR-FLD-2020-002,2020-09-12,Kaélé,high
FNR-FLD-2024-001,2024-08-28,Blangoua,high
FNR-FLD-2024-001,2024-08-28,Makary,high
FNR-FLD-2024-001,2024-08-28,Zina,high
FNR-FLD-2024-001,2024-08-28,Maga,high
FNR-FLD-2024-001,2024-08-28,Yagoua,high
FNR-FLD-2012-001,2012-09-17,Maga,high
FNR-FLD-2017-001,2017-09-01,Zina,month-level
FNR-FLD-2019-001a,2019-10-01,Zina,high
FNR-FLD-2021-001,2021-07-01,Mora,proxy
FNR-FLD-2021-002,2021-06-01,Yagoua,proxy
FNR-FLD-2023-001,2023-11-01,Blangoua,high
FNR-FLD-2020-001,2020-08-31,Maroua I,high
FNR-FLD-2020-001,2020-08-31,Maroua II,high
