canonical_event_id,event_status,event_start_date,event_end_date,date_precision,locality_name,division,region,latitude,longitude,location_precision,source_document_title,source_document_url,source_event_id,duplicate_of,evidence_summary,supporting_evidence,evidence_quality,training_status
FNR-FLD-2005-001,VERIFIED_FLOOD_EVENT,2005-07-25,2005-07-27,DAY_WINDOW,Maroua,Diamare,Far North,,,LOCALITY,"Mena Marin S. M., Tchotsoua M., Amougou J. A., Tchawa P. (2023), Cameroun: La Problematique des Inondations, Leurs Incidences, International Journal of Latest Engineering Research and Applications 8(1): 76-97",http://www.ijlera.com/papers/v8-i1/7.202211415.pdf,IJLERA-2023-Tableau2,MEDIUM,,"Tableau 2 (Etat des lieux des inondations au nord et a l'extreme nord du Cameroun de 1998 a 2013, sourced to DPC-MINAT Yaounde) records: 'Fortes pluies - Inondation - Maroua 25-27/07/2005 - Maisons detruites, 35 morts, 200 sans-abri, 41 cas cholera, destruction du cimetiere municipal.' Observed inundation with destroyed housing and fatalities.",Geo-Eco-Trop 41(3) 2017 Table 15 lists catastrophic floods '15/07/2005 - Maroua' and '25/07/2005 - Maroua' (https://www.geoecotrop.be/uploads/publications/pub_413_03.pdf); the 15 July entry is merged here as an earlier pulse of the same July 2005 Maroua rainy episode. Saha et al. 2021 Tableau 1: '2005-2006 ... Maroua ... 14 morts; 453 sans abris' (https://piahs.copernicus.org/articles/384/241/2021/piahs-384-241-2021.pdf).,NOT_YET_USABLE_NO_2004_2014_ENVIRONMENTAL_LAYER
FNR-FLD-2006-001,VERIFIED_FLOOD_EVENT,2006-08-05,2006-08-05,DAY,Maroua,Diamare,Far North,,,LOCALITY,"Bouba L., Sauvagnargues S., Gonne B., Ayral P.-A. (2017), Tendances pluviometriques et alea inondation a l'Extreme-Nord Cameroun, Geo-Eco-Trop 41(3): 339-358",https://www.geoecotrop.be/uploads/publications/pub_413_03.pdf,GEOECOTROP-2017-Table15,MEDIUM,,Table 15 (Relation temporelle entre historique des inondations catastrophiques et variations pluviometriques a l'Extreme-Nord Cameroun) lists a catastrophic flood dated '05/08/2006' for the commune of Maroua.,"Afrique SCIENCE 11(1) 2015 on Maroua: 'des debordements donnant lieu aux inondations spectaculaires comme celles enregistrees en 2006 (02 morts) ... les quartiers sont transformees en de veritables piscines, des maisons sont submergees, des routes principales et secondaires coupees' (https://www.ajol.info/index.php/afsci/article/download/118455/107990/0). Saha et al. 2021 Tableau 1: '2006-2007 ... Maroua ... 2 morts; 1042 sans abris' (https://piahs.copernicus.org/articles/384/241/2021/piahs-384-241-2021.pdf).",NOT_YET_USABLE_NO_2004_2014_ENVIRONMENTAL_LAYER
FNR-FLD-2007-001,VERIFIED_FLOOD_EVENT,2007-08-02,2007-08-17,DAY_WINDOW,Mokolo; Sarki-Fada; Tongo; Tourou; Dza-Wandai; Idanang; Mendeze; Nassarawo; Domayo; Djimeta; Bonguele; Guimengayak; Zimangayak; Kolofata,UNKNOWN (primary source names localities only; Mokolo and Kolofata appear as communes in the supporting scientific table),Far North,,,LOCALITY,"IFRC, Cameroon: Floods - DREF Bulletin No. MDRCM005, GLIDE no. FL-2007-000149-CMR, 31 August 2007",https://www.ifrc.org/docs/appeals/07/MDRCM005.pdf,IFRC-MDRCM005,VERY_HIGH,,"'Between 2 and 17 August 2007, heavy rains fell in Mokolo ... causing serious flooding in the Sarki-Fada, Tongo, Tourou, Dza-Wandai, Idanang, Mendeze, Nassarawo, Domayo, Djimeta, Bonguele, Guimengayak and Zimangayak neighbourhoods.' Six deaths, about 20 injured, 1,220 persons homeless (124 families), 1,440 seriously affected, livestock lost; displaced sheltered at the Franco Arabic School and the Imam's compound.","Geo-Eco-Trop Table 15 lists '02/08/2007 - Mokolo', '04/08/2007 - Mokolo' and '02/08/2007 - Kolofata' (https://www.geoecotrop.be/uploads/publications/pub_413_03.pdf). IFRC GO event record 'Cameroon - Floods Mokolo', appeal MDRCM005 (https://goadmin.ifrc.org/api/v2/event/1171/?format=json).",NOT_YET_USABLE_NO_2004_2014_ENVIRONMENTAL_LAYER
FNR-FLD-2007-002,VERIFIED_FLOOD_EVENT,2007-08-05,2007-08-05,DAY,Yagoua; Gueme; Maga; Doukoula,Mayo-Danay (division named in the supporting Saha et al. table; primary source names the communes),Far North,,,LOCALITY,"Bouba L. et al. (2017), Tendances pluviometriques et alea inondation a l'Extreme-Nord Cameroun, Geo-Eco-Trop 41(3)",https://www.geoecotrop.be/uploads/publications/pub_413_03.pdf,GEOECOTROP-2017-Table15,MEDIUM,,"Table 15 lists a catastrophic flood dated '05/08/2007' affecting the communes 'Yagoua - Gueme - Maga', plus a second entry '05/08/2007 - Doukoula'. Distinct Logone-floodplain front, contemporaneous with but separate from the Mokolo/Mandara episode FNR-FLD-2007-001.",Saha et al. 2021 Tableau 1 of major Far North floods: '2007-2008 ... Mayo Danay ... 8 morts; 4421 sans abris' (https://piahs.copernicus.org/articles/384/241/2021/piahs-384-241-2021.pdf).,NOT_YET_USABLE_NO_2004_2014_ENVIRONMENTAL_LAYER
FNR-FLD-2010-001,VERIFIED_FLOOD_EVENT,2010-07-22,2010-07-22,DAY,Pouss; Maga subdivision,Mayo-Danay,Far North,,,LOCALITY,"IFRC, Cameroon: Floods in Pouss (Far North Region) - DREF operation n. MDRCM010, GLIDE n. FL-2010-000154-CMR, 6 August 2010",https://www.ifrc.org/docs/appeals/10/MDRCM010do.pdf,IFRC-MDRCM010,VERY_HIGH,,"'On 22 July 2010, torrential rain coupled with violent wind caused serious floods in Pouss, a locality of the Far North Region of Cameroon. The flood is reported to have claimed 13 lives and left 95 people wounded. In addition, over 300 houses have been destroyed and close to 600 families have been left homeless ... 1000 ha of crops have been destroyed or washed away.' The document places Pouss in Maga subdivision, Mayo-Danay division.","IRIN/ReliefWeb 4 Aug 2010: 'Dans la region de l'Extreme Nord, au moins 15 personnes ont trouve la mort et 5 000 ont perdu leur maison dans les violentes tempetes de la fin juillet' (https://reliefweb.int/report/burkina-faso/afrique-de-louest-temp%C3%AAtes-de-gr%C3%AAle-et-pluies-record). Geo-Eco-Trop Table 15: '22/07/2010 - Maga (Pouss)' (https://www.geoecotrop.be/uploads/publications/pub_413_03.pdf). Saha et al. 2021: '2010-2011 ... Pouss ... 12 morts; 3000 sans abris' (https://piahs.copernicus.org/articles/384/241/2021/piahs-384-241-2021.pdf).",NOT_YET_USABLE_NO_2004_2014_ENVIRONMENTAL_LAYER
FNR-FLD-2012-001,VERIFIED_FLOOD_EVENT,2012-08-15,2012-09-17,DAY_WINDOW,Begue; Grong; Blah; Varaye; Gaya; Doreissou; Palam; Dougui; Pouss; Tekele; Yagoua; Vele and Kai-Kai subdivisions; Maga subdivision,Mayo-Danay,Far North,,,LOCALITY,"IFRC, Cameroon: Floods in the North and Far North Regions - DREF operation n. MDRCM014, GLIDE n. FL-2012-000157-CMR, 6 September 2012",https://www.ifrc.org/docs/appeals/12/MDRCM014.pdf,IFRC-MDRCM014,VERY_HIGH,,"'Since 15 August 2012 ... In the Far North Region, especially in the Vele subdivision of the Mayo Danay division, the situation has worsened due to the collapse of the Maga dyke, in Begue some 50 km from Yagoua ... The rupture of this dyke ... has caused floods in Grong, Blah, Varaye, Gaya, Doreissou, Begue, Palam, Dougui, Pouss and Tekele villages. 600 families, about 3000 people, are presently homeless.' End date bounded by the World Bank's 15 August - 17 September 2012 exceptional-rainfall window.","World Bank Cameroon Flood Emergency Project: 'The hydraulic infrastructure of the Maga dam faced a critical situation on the heels of exceptionally high rainfall between August 15 to September 17, 2012' (https://documents1.worldbank.org/curated/en/371911624993978741/txt/Cameroon-Flood-Emergency-Project.txt). International Charter activation 2012-09-06, 'Lieu de l'evenement - Maga, Mayo-Danay' (https://disasterscharter.org/fr/activations/extreme-floods-in-north-province-of-cameroon). MSF (https://www.msf.ch/nos-actualites/articles/milliers-dhabitants-deplaces-inondations-lextreme-nord-du-cameroun). The IJLERA-recorded 08/09/2012 Maga and 27/09/2012 Logone-et-Chari entries are merged here as later pulses of the same 2012 Logone episode (http://www.ijlera.com/papers/v8-i1/7.202211415.pdf).",NOT_YET_USABLE_NO_2004_2014_ENVIRONMENTAL_LAYER
FNR-FLD-2012-002,VERIFIED_FLOOD_EVENT,2012-10,2012-11-26,MONTH_OR_WINDOW,Kousseri (ten quartiers); Blangoua; Maga district,Logone-et-Chari,Far North,,,LOCALITY,"Medecins Sans Frontieres, Des milliers d'habitants deplaces par les inondations dans l'Extreme-Nord du Cameroun",https://www.msf.ch/nos-actualites/articles/milliers-dhabitants-deplaces-inondations-lextreme-nord-du-cameroun,MSF-CMR-KOUSSERI-2012,HIGH,,"'Le debordement du fleuve Logone a touche dix quartiers de la ville de Kousseri, situee a la frontiere avec le Tchad ... Des milliers de deplaces contraints de quitter leurs maisons, leurs biens et leurs cultures se sont spontanement installes dans huit camps le long du fleuve.' MSF treated 'pres de 2100 sinistres ... depuis la mi-octobre' in Maga district before moving north, opened a health centre in a displacement camp in early November, and visited Blangoua (Logone-et-Chari).","IJLERA Tableau 2: 'Inondations - Kusser 26/11/2012 - 10.000 personnes sans logements' (http://www.ijlera.com/papers/v8-i1/7.202211415.pdf). UNICEF Cameroon Monthly Humanitarian Situation Report, 27 May 2013: 'In Far North Region, an estimated 1 500 displaced families have been resettled in April in Blangoua, Logone and Chari Subdivision' following 'the August - September 2012 flood crisis' (https://www.ecoi.net/en/file/local/1290391/1930_1370346310_unicef-cameroon-sitrep-may-2013.pdf). Separated from FNR-FLD-2012-001 as a downstream, later-dated Logone-et-Chari wave.",NOT_YET_USABLE_NO_2004_2014_ENVIRONMENTAL_LAYER
FNR-FLD-2013-001,VERIFIED_FLOOD_EVENT,2013-09-17,2013-09-18,DAY_WINDOW,Dougui; Kai-Kai district; Begue; Palam; Djafga,Mayo-Danay,Far North,,,LOCALITY,"IFRC, Cameroon: Flash floods - DREF operation n. MDRCM016, 1 October 2013",https://www.ifrc.org/docs/appeals/13/MDRCM016.pdf,IFRC-MDRCM016-rupture1,VERY_HIGH,,"'On the night of September 17 to 18, 2013, heavy rains fell in the Mayo-Danay and caused the rupture of the dam along the Logone River at the town of Dougui, District of Kai kai Far North Region, Cameroon.' 805 affected individuals reported; Begue, Palam and Djafga seriously affected, with damage to farmland and loss of household items and livestock.","Cameroun24: 'L'ouvrage de retenue du fleuve Logone a litteralement cede sur une distance de 30 metres au niveau de Dougui' (https://cameroun24.net/article/12383-CimUroin___CiiisirophU_3A_Li_digiU_dU_Migi_fiii_in_m.html). IJLERA Tableau 2: 'Inondations - Logone et Chari et Mayo Danay 18/09/2013 - Affaissement de la digue' (http://www.ijlera.com/papers/v8-i1/7.202211415.pdf). IJEMS: 'En septembre 2013, la digue de Douki a cede' (https://ijemsjournal.com/index.php/home/article/download/86/72/284).",NOT_YET_USABLE_NO_2004_2014_ENVIRONMENTAL_LAYER
FNR-FLD-2013-002,VERIFIED_FLOOD_EVENT,2013-09-27,2013-09-27,DAY,Dougui (breach 4 km from the first rupture); Kai-Kai district,Mayo-Danay,Far North,,,LOCALITY,"IFRC, Cameroon: Flash floods - DREF operation n. MDRCM016, 1 October 2013",https://www.ifrc.org/docs/appeals/13/MDRCM016.pdf,IFRC-MDRCM016-rupture2,VERY_HIGH,,"'On September 27, 2013, a second rupture in the dam 4 km from the first rupture started flooding the area and nearly 9,000 people were evacuated immediately.' The source explicitly distinguishes this from the 17-18 September breach, establishing a separate flood wave nine days later.","IFRC GO event record 'Cameroon - Floods', appeal MDRCM016 (https://goadmin.ifrc.org/api/v2/event/472/?format=json).",NOT_YET_USABLE_NO_2004_2014_ENVIRONMENTAL_LAYER
FNR-FLD-2020-001,VERIFIED_FLOOD_EVENT,2020-08,2020-08-31,MONTH_OR_WINDOW,Maroua (bridge collapse); Palar; Gagkle; Ngassa,Diamare; Logone-et-Chari; Mayo-Sava; Mayo-Danay; Mayo-Kani,Far North,,,LOCALITY,"Cameroon - Floods in Far North Region, Emergency Plan of Action (EPoA), DREF Operation MDRCM029 (IFRC)",https://reliefweb.int/report/cameroon/cameroon-floods-far-north-region-emergency-plan-action-epoa-dref-operation-no,IFRC-MDRCM029-aug,VERY_HIGH,,"The IFRC records that 'during the month of August 2020, torrential rains ... with an important peak on 31 August 2020, [caused] floods and substantial damage, such as the collapse of a bridge in the city of Maroua'.","IFRC MDRCM029 Final Report, 3 September 2021: total people affected 158,279 (https://adore.ifrc.org/Download.aspx?FileId=444064). Actu Cameroun, 7 Sept 2020, describes 'l'effondrement du pont de Palar', flooding at Gagkle and the rupture of the Ngassa culvert, water reaching 70 cm at Ouro-Tchede, Pitoare, Djarengol, Doualare, Lopere Harde, Meskine and Yoldeo (https://actucameroun.com/2020/09/07/maroua-inondations-le-chaos/).",NOT_YET_USABLE_NO_2004_2014_ENVIRONMENTAL_LAYER
FNR-FLD-2021-002,VERIFIED_FLOOD_EVENT,2021-06,2021-08-31,MONTH_OR_WINDOW,"UNKNOWN (division-level footprint; access constraints reported at Makari, Fotokol, Blangoua, Zina, Logone-Birni)",Mayo-Danay; Mayo-Kani,Far North,,,ADMINISTRATIVE_FOOTPRINT,"Extreme-Nord : plus de 22 000 personnes sinistrees par les inondations (StopBlablaCam, reporting attributed OCHA figures)",https://www.stopblablacam.com/societe/1810-9518-extreme-nord-plus-de-22-000-personnes-sinistrees-par-les-inondations,SBBC-2021-9518,HIGH,,"Citing OCHA, the outlet reports that as of 31 August 2021 more than 3,836 households (22,776 people) had been affected by floods in Mayo-Danay and Mayo-Kani, following rains that began in June. Reported impacts: 2 deaths, 5,443 shelters destroyed, more than 1,500 ha of fields flooded, about 2,700 animals lost, about 10 schools flooded, more than 200 latrines and 20 water points damaged.","Distinct from FNR-FLD-2021-001 by division and by reported caseload. Secondary outlet reporting an explicitly attributed OCHA assessment; the primary OCHA note was not retrieved, which caps quality at HIGH. OCHA Humanitarian Bulletin N.25 (October 2021) was checked and contains no flood content for this period.",NOT_YET_USABLE_NO_2004_2014_ENVIRONMENTAL_LAYER
FNR-FLD-2023-001,VERIFIED_FLOOD_EVENT,2023-07,2023-09-27,MONTH_OR_WINDOW,Yagoua; Vele; Kai-Kai; Blouaina; Logone-Birni; Maga; Zina; Gabar; Mourla,Mayo-Danay; Logone-et-Chari,Far North,,,LOCALITY,Cameroun - Extreme-Nord : Note d'information n.3 sur la preparation et la reponse aux inondations et la reponse aux sinistres accueillis a Mourla (27 septembre 2023) (UN OCHA),https://reliefweb.int/report/cameroon/cameroun-extreme-nord-note-dinformation-ndeg3-sur-la-preparation-et-la-reponse-aux-inondations-reponse-aux-sinistres-accueillis-mourla-27-septembre-2023,OCHA-CMR-2023-NOTE3,VERY_HIGH,,"OCHA documents a progressive rise in water levels since early July 2023 at Yagoua, Vele and Kai-Kai (Mayo-Danay) and Blouaina and Logone-Birni (Logone-et-Chari), with 337 ha of rice destroyed in Maga arrondissement and 1,340 ha of rice, sorghum, maize and okra destroyed in Zina. Heavy rains from 15 to 21 September at Gabar (Vele arrondissement) destroyed houses and left about 25 households homeless.","StopBlablaCam, 12 Oct 2023, reports the same crop-loss figures and localities Yagoua, Vele, Kai-Kai, Blangoua, Zina and Logone-Birni, plus 90 houses destroyed 15-21 September (https://www.stopblablacam.com/society/1210-11278-far-north-flooding-destroys-300-hectares-of-rice-fields). The 15-21 September Gabar rains are recorded as a sub-event within this episode, not separately.",NOT_YET_USABLE_NO_2004_2014_ENVIRONMENTAL_LAYER
FNR-FLD-2025-004,VERIFIED_FLOOD_EVENT,2025-07,2025-08,MONTH_OR_WINDOW,Kai-Kai,Mayo-Danay,Far North,,,LOCALITY,"Cameroun : Extreme-Nord, Rapport de situation No. 61 - octobre 2025 (UN OCHA, covering 1-31 October 2025)",https://reliefweb.int/report/cameroon/cameroun-extreme-nord-rapport-de-situation-no-61-octobre-2025,OCHA-CMR-2025-SITREP61,VERY_HIGH,,"OCHA reports that heavy July and August rains combined with the overflow of the Logone affected about 2,800 households (roughly 16,000 people) in Kai-Kai arrondissement, submerging homes and destroying crops; an intersectoral assessment mission was conducted on 16-17 October. The assessment date is explicitly separated from the July-August flood window.","The same report documents a further distinct October 2025 wave in Logone-et-Chari: floods on 7-8 October 2025 affecting 389 households / 1,239 people, destroying 40 shelters and latrines and killing 80 animals; October floods across the region totalled 4,826 households / about 30,000 people, and the Logone-Birni-Zina road became impassable.",NOT_YET_USABLE_NO_2004_2014_ENVIRONMENTAL_LAYER
FNR-FLD-2026-001,VERIFIED_FLOOD_EVENT,2026-08-18,2026-08-18,DAY,Maroua; radier / pont de Palar,UNKNOWN (sources name Maroua only; Diamare not stated explicitly),Far North,,,LOCALITY,"Noyade au radier de Palar a Maroua : un homme emporte par les eaux (Actu Cameroun, 19 August 2026)",https://actucameroun.com/2026/08/19/noyade-au-radie-de-palar-a-maroua-un-homme-emporte-par-les-eaux/,ACTUCMR-2026-PALAR,MEDIUM,,A man of around 55 was swept away and drowned while attempting to cross the flooded Palar causeway in Maroua on 18 August 2026; his body was recovered by the fire brigade. Observed inundation of the crossing with a fire-brigade recovery operation.,Cameroon Web reports the same drowning during flooding at the Palar bridge in Maroua (https://www.camerounweb.com/CameroonHomePage/regional/Drame-Maroua-Un-homme-p-ri-dans-Inondations-sur-le-pont-de-Palar-796673). No UN or government assessment of the 2026 Far North rainy season had been published as of 4 September 2026 (OCHA sitreps 64 and 65 and the March 2026 Humanitarian Update were checked and contain no 2026 Far North flood content).,NOT_YET_USABLE_NO_2004_2014_ENVIRONMENTAL_LAYER
