Event_ID,Date,Precise_Location,Proof_Source,Source_URL,audit_status,canonical_event_id,audit_reason_and_remaining_evidence,scope_label
FLD-CMR-2015-001,Oct 2015,"Zina subdivision, Logone-et-Chari",UNOCHA West & Central Africa Weekly Snapshot,https://reliefweb.int/report/cameroon/west-and-central-africa-region-weekly-regional-humanitarian-snapshot-27-october-2,FLOOD_EVIDENCE_NEEDS_DATE,,Cited weekly snapshot was not available as a source document establishing an October 2015 flood in Zina. Obtain the snapshot page/PDF with the flood statement and its stated date/window.,"Far North region only, 2015-2025"
FLD-CMR-2016-001,Aug 2016,Mayo-Danay division localities,UNHCR/IOM DTM Report Cameroon No. 4,https://data.unhcr.org/ar/documents/download/51154,FLOOD_EVIDENCE_NEEDS_DATE,,The cited DTM report must be opened to establish a flood occurrence/date; the candidate text alone is not sufficient. Obtain the specific page naming Mayo-Danay and the event window.,"Far North region only, 2015-2025"
FLD-CMR-2017-001,Sep 2017,"Zina subdivision, Logone-et-Chari",Historical OCHA Baseline Data / UN-SPIDER Archive,https://reliefweb.int/report/cameroon/un-spider-supports-response-floods-far-north-cameroon,ADDITIONAL_SUPPORTING_EVIDENCE,FLD-CMR-2017-001,Already a canonical September 2017 Zina episode; not an additional label.,"Far North region only, 2015-2025"
FLD-CMR-2018-001,Jul-Aug 2018,"Mora and Kolofata subdivisions, Mayo-Sava",IFRC Cholera & Floods Response Baseline,https://reliefweb.int/updates?list=Cameroon%3A%20Cholera%20Outbreak%20-%20Jul%202018%20Updates&advanced-search=%28D46464%29,GENERAL_FLOOD_REFERENCE,,"Retrieved 2018 material concerns cholera/displacement response in Mora and Kolofata, not a documented flood event at the claimed date/location.","Far North region only, 2015-2025"
FLD-CMR-2019-001,1 Oct 2019,"Zina commune valley, Logone-et-Chari",ACAPS Briefing Note / Satellite Water Extent,https://reliefweb.int/map/cameroon/satellite-detected-water-extent-over-mayo-danay-and-logone-et-chari-department-far,ADDITIONAL_SUPPORTING_EVIDENCE,FLD-CMR-2019-001,Same 1 October 2019 Zina flood within the existing 2019 episode.,"Far North region only, 2015-2025"
FLD-CMR-2019-002,4 Oct 2019,"Maga Sub-Division (Nohoye, Pinfoung, Koundouma, Guiding)",IFRC EPoA MDRCM028,https://reliefweb.int/report/cameroon/cameroon-floods-emergency-plan-action-epoa,ADDITIONAL_SUPPORTING_EVIDENCE,FLD-CMR-2019-001,Same 4 October 2019 Maga flood wave within the existing 2019 episode.,"Far North region only, 2015-2025"
FLD-CMR-2019-003,14 Oct 2019,"Kaï-Kaï district, Mayo-Danay",UNICEF Cameroon Humanitarian Situation Report,https://reliefweb.int/report/cameroon/unicef-cameroon-humanitarian-situation-report-october-2019,ADDITIONAL_SUPPORTING_EVIDENCE,FLD-CMR-2019-001,Same October 2019 Logone/Mayo-Danay flood episode; do not duplicate it.,"Far North region only, 2015-2025"
FLD-CMR-2020-001,Jul 2020,"Kousseri town, Logone-et-Chari",UNOCHA Field Assessment Profile,https://reliefweb.int/disaster/fl-2020-000195-cmr,ADDITIONAL_SUPPORTING_EVIDENCE,FLD-CMR-2020-001,Already a canonical July 2020 Kousseri/Logone-et-Chari episode.,"Far North region only, 2015-2025"
FNR-FLD-2020-002,31 Aug 2020,"Maroua (bridge collapse), Diamaré, Mayo-Sava, Mayo-Danay, Mayo-Kani",IFRC DREF MDRCM029,https://reliefweb.int/report/cameroon/cameroon-floods-far-north-region-operation-update-n-1-dref-operation-n-mdrcm029,ADDITIONAL_SUPPORTING_EVIDENCE,FNR-FLD-2020-002,Already canonical: 31 August 2020 IFRC-confirmed flood wave.,"Far North region only, 2015-2025"
FNR-FLD-2020-003,11-12 Sep 2020,Mayo-Danay and Mayo-Kani divisions,IFRC DREF MDRCM029 Final Report,https://reliefweb.int/report/cameroon/cameroon-floods-far-north-region-final-report-dref-operation-no-mdrcm029,ADDITIONAL_SUPPORTING_EVIDENCE,FNR-FLD-2020-003,Already canonical: 11-12 September 2020 IFRC-confirmed flood wave.,"Far North region only, 2015-2025"
FLD-CMR-2020-004,Oct 2020,"Blangoua and Logone-Birni, Logone-et-Chari",UNOCHA Cameroon Situation Report Year-End,https://reliefweb.int/report/cameroon/cameroun-rapport-de-situation-17-d-c-2020,VERIFIED_FLOOD_EVENT,FNR-FLD-2020-004,"Independent web-source verification: Cameroon Tribune, 27 October 2020, explicitly reports El Beid overflow/flooding in Makary and Blangoua after weeks of heavy rain. This late-October Logone-et-Chari wave is retained separately from the August 31 and September 11-12 documented waves.","Far North region only, 2015-2025"
FLD-CMR-2021-001,Jul 2021,"Seradoumda, Mayo-Sava division",UNOCHA Cameroon Humanitarian Bulletin Issue 23,https://reliefweb.int/report/cameroon/cameroon-humanitarian-bulletin-issue-n-23-august-2021,ADDITIONAL_SUPPORTING_EVIDENCE,FLD-CMR-2021-001,Already a canonical July 2021 Seradoumda episode.,"Far North region only, 2015-2025"
FLD-CMR-2021-002,Aug 2021,"Makary and Goulfey, Logone-et-Chari",UNOCHA Situation Update,https://reliefweb.int/report/cameroon/cameroon-humanitarian-bulletin-issue-n-23-august-2021,FLOOD_EVIDENCE_NEEDS_DATE,,"Makary/Goulfey are named, but the cited bulletin must explicitly state a flood event and its date/window. The candidate entry does not provide source text proving that.","Far North region only, 2015-2025"
FLD-CMR-2021-003,Sep 2021,"Yagoua commune plain, Mayo-Danay",Croix-Rouge Camerounaise Emergency Database,https://reliefweb.int/report/cameroon/cameroon-floods-far-north-region-final-report-dref-operation-no-mdrcm029,INVALID_EVENT_DATE,,"Claims September 2021 but cites MDRCM029, a 2020 flood operation. The source cannot validate this date.","Far North region only, 2015-2025"
FLD-CMR-2022-001,Aug 2022,"Mokolo & Gwarza, Mayo-Tsanaga",UNFPA Flooding Situation Report / ReliefWeb FL-2022-000349,https://reliefweb.int/disaster/fl-2022-000349-cmr,ADDITIONAL_SUPPORTING_EVIDENCE,FLD-CMR-2022-001,Within the already-canonical August-November 2022 Far North episode.,"Far North region only, 2015-2025"
FLD-CMR-2022-002,11-15 Sep 2022,"Yagoua, Vele and Gobo communes, Mayo-Danay",UNOCHA Flash Info Bulletin No. 2,https://reliefweb.int/report/cameroon/cameroun-extreme-nord-note-dinformation-sur-les-inondations-ndeg2-au-18-octobre-2022,ADDITIONAL_SUPPORTING_EVIDENCE,FLD-CMR-2022-001,A September impact report inside the already-canonical August-November 2022 episode; not an independent wave.,"Far North region only, 2015-2025"
FLD-CMR-2022-003,Oct 2022,"Kousseri urban center and dikes, Logone-et-Chari",UNOCHA Situation Report No. 5,https://reliefweb.int/report/cameroon/cameroun-extreme-nord-note-dinformation-sur-les-inondations-ndeg5-au-6-janvier-2022,INVALID_EVENT_DATE,,Candidate cites an OCHA note dated 6 January 2022 for an alleged October 2022 event. Source-date conflict must be resolved with the actual October report.,"Far North region only, 2015-2025"
FLD-CMR-2023-001,Nov 2023,"Blangoua, Logone-et-Chari",UNOCHA Field Update,https://response.reliefweb.int/fr/cameroon/reports?page=39,ADDITIONAL_SUPPORTING_EVIDENCE,FLD-CMR-2023-001,Already a canonical November 2023 Blangoua episode.,"Far North region only, 2015-2025"
FLD-CMR-2023-002,Aug 2023,"Bourrha and Mogodé, Mayo-Tsanaga",WFP Vulnerability Analysis Assessment,https://response.reliefweb.int/fr/cameroon/reports?page=80,FLOOD_EVIDENCE_NEEDS_DATE,,The supplied source/reference does not establish an August 2023 flood in Bourrha/Mogodé. Obtain a source page with flood impact plus event date/window.,"Far North region only, 2015-2025"
FLD-CMR-2023-003,Sep 2023,"Maga dam buffer localities, Mayo-Danay",Famine Early Warning Systems Network (FEWS NET),https://fscluster.org/document/geospatial-analysis-riverine-flood-risk,VERIFIED_FLOOD_EVENT,FNR-FLD-2023-002,"Independent web-source verification: OCHA-attributed reporting says water rose from early July through September 2023 across Mayo-Danay and Logone-et-Chari, with 337 hectares of rice fields destroyed in 12 Maga-arrondissement villages. This is distinct from the existing November 2023 Blangoua episode.","Far North region only, 2015-2025"
FLD-CMR-2024-001,Jul-Aug 2024,Mokolo district (Mayo-Tsanaga); Ndoukoula district (Diamaré),IFRC DREF Appeal MDRCM039,https://reliefweb.int/report/cameroon/cameroon-far-north-floods-dref-operation-appeal-mdrcm039,ADDITIONAL_SUPPORTING_EVIDENCE,FLD-CMR-2024-001,Part of the existing July-November 2024 regional episode.,"Far North region only, 2015-2025"
FLD-CMR-2024-002,28 Aug 2024,"Yagoua town (major dike break), Mayo-Danay",IFRC Appeal MDRCM039 / VOA News,https://reliefweb.int/report/cameroon/cameroon-far-north-floods-dref-operation-appeal-mdrcm039,ADDITIONAL_SUPPORTING_EVIDENCE,FLD-CMR-2024-001,28 August Yagoua dike breach is the established peak within the existing 2024 episode.,"Far North region only, 2015-2025"
FLD-CMR-2024-003,Sep 2024,"Blangoua, Makary, and Zina riverbanks, Logone-et-Chari",UNICEF Flash Update #3,https://reliefweb.int/report/cameroon/unicef-cameroon-humanitarian-flash-update-no-3-floods-far-north-25-september-2024,ADDITIONAL_SUPPORTING_EVIDENCE,FLD-CMR-2024-001,September Logone-et-Chari impact is supporting evidence for the existing 2024 episode.,"Far North region only, 2015-2025"
FLD-CMR-2024-004,11 Oct 2024,"Kaï-Kaï agricultural basin, Mayo-Danay",UNICEF Situation Update No. 5,https://reliefweb.int/report/cameroon/unicef-cameroon-floods-flash-update-no-5-far-north-24-october-2024,ADDITIONAL_SUPPORTING_EVIDENCE,FLD-CMR-2024-001,11 October Kaï-Kaï impacts fall within the existing 2024 episode.,"Far North region only, 2015-2025"
FLD-CMR-2024-005,10 Nov 2024,"Kousseri (dyke damage), Logone-et-Chari",UNFPA Situation Report No. 2,https://cameroon.unfpa.org/en/publications/situation-report-n%C2%B0002floods-far-north,ADDITIONAL_SUPPORTING_EVIDENCE,FLD-CMR-2024-001,10 November Kousseri dyke damage refines the existing 2024 episode.,"Far North region only, 2015-2025"
FLD-CMR-2024-006,17 Nov 2024,"Biamo village, Makary Subdivision (dyke break)",UNFPA Situation Report No. 2,https://cameroon.unfpa.org/en/publications/situation-report-n%C2%B0002floods-far-north,ADDITIONAL_SUPPORTING_EVIDENCE,FLD-CMR-2024-001,17 November Biamo/Makary dyke break refines the existing 2024 episode.,"Far North region only, 2015-2025"
FNR-FLD-2025-001,13 Jul 2025,"Mayo-Tsanaga: Mozogo, Nguetchewé, Korsamba, Kaliari",IFRC Operation Update #3 MDRCM039,https://go-api.ifrc.org/api/downloadfile/92340/MDRCM039eu3,ADDITIONAL_SUPPORTING_EVIDENCE,FNR-FLD-2025-001,Already canonical: 13 July 2025 Mayo-Tsanaga event.,"Far North region only, 2015-2025"
FNR-FLD-2025-002,5 Aug 2025,"Mayo-Danay: Gobo, Yagoua, Guere, Wina, Datcheka, Doukoula (11 arrondissements)",IFRC Operation Update #3 MDRCM039,https://go-api.ifrc.org/api/downloadfile/92340/MDRCM039eu3,ADDITIONAL_SUPPORTING_EVIDENCE,FNR-FLD-2025-001,"Same July-August 2025 episode, not a separate label.","Far North region only, 2015-2025"
FNR-FLD-2025-003,12 Aug 2025,"Hina subdivision, Mayo-Tsanaga",IFRC Operation Update #3 MDRCM039,https://go-api.ifrc.org/api/downloadfile/92340/MDRCM039eu3,ADDITIONAL_SUPPORTING_EVIDENCE,FNR-FLD-2025-001,"Same July-August 2025 episode, not a separate label.","Far North region only, 2015-2025"
FNR-FLD-2025-004,30 Sep 2025,"Vele and Maga lowlands, Mayo-Danay",UNICEF Situation Report No. 3 (3rd Quarter),https://reliefweb.int/report/cameroon/unicef-cameroon-humanitarian-situation-report-no-3-3rd-quarter-30-september-2025,FLOOD_EVIDENCE_NEEDS_DATE,,"UNICEF Q3 report confirms flood impacts, but 30 September is the report-period end, not a defensible event date. Obtain the cited underlying flood incident/date.","Far North region only, 2015-2025"
FNR-FLD-2025-005,7-8 Oct 2025,"Logone-et-Chari: Hile-Alifa, Katikime, Tchika",OCHA via StopBlablacam / UN-SPIDER,https://www.stopblablacam.com/society/0901-15574-cameroon-far-north-records-nearly-7-000-displaced-amid-violence-and-floods,ADDITIONAL_SUPPORTING_EVIDENCE,FNR-FLD-2025-002,Already canonical: distinct 7-8 October 2025 Logone-et-Chari event.,"Far North region only, 2015-2025"
