date,name,lat,lon,rainfall_mm,rainfall_1d,rainfall_3d,rainfall_7d,rainfall_14d,rainfall_anomaly,swvl1,locality,discharge_m3s,glofas_grid_lat,glofas_grid_lon,discharge_lag1,discharge_lag3,discharge_lag7,elevation_m,slope_deg,basin_id,season,flood_label,location_confidence
2023-11-01,Blangoua,12.7744071,14.60364055633545,0.0,0.0,0.0,0.0,0.0,-8.549684275845982,0.13333511,Blangoua,424.6289,12.774999999999997,14.625000000000025,447.67578,500.0625,646.28125,287.3567199707031,0.0024472374934703,1060695700.0,dry,1,high
2024-08-10,Blangoua,12.7744071,14.60364055633545,0.0,0.0,29.300421714782715,36.95339345932007,98.73223376274107,28.403709183474085,0.4032631,Blangoua,504.90625,12.774999999999997,14.625000000000025,536.5547,548.6797,324.39062,287.3567199707031,0.0024472374934703,1060695700.0,wet,1,high
2019-11-04,Darak,12.7712781,14.3276351,0.0,0.0,0.0,0.0,2.091240167617798,-8.351136941000373,0.037384033,Darak,0.0,12.774999999999997,14.32500000000002,0.0,0.0,0.0,282.91015625,0.0024472374934703,1060695540.0,dry,1,high
2013-09-17,Dougui,12.6249042,14.9787219,0.0,0.0,0.0,2.457114696502685,42.32065486907959,-8.985071132934882,0.27331543,Dougui,0.03125,12.624999999999991,14.975000000000028,0.03125,0.03125,0.015625,289.944580078125,0.0024472374934703,1060695700.0,wet,1,high
2013-09-27,Dougui,12.6249042,14.9787219,1.728369116783142,1.728369116783142,6.830422759056091,17.03453004360199,17.03453004360199,5.592344214164422,0.21588135,Dougui,0.015625,12.624999999999991,14.975000000000028,0.015625,0.015625,0.015625,289.944580078125,0.0024472374934703,1060695700.0,wet,1,high
2018-07-24,Gaklé,10.5222309,14.2649294,8.89557933807373,8.89557933807373,8.89557933807373,35.18072986602783,66.22271013259888,19.2557580877196,0.29127502,Gaklé,0.0,10.524999999999965,14.275000000000018,0.0,0.0,0.0,419.5437927246094,0.1879784911870956,1060707270.0,dry,1,high
2020-09-11,Gobo,10.0676925,15.4685991,7.764495849609375,7.764495849609375,30.30659580230713,55.86555004119873,128.56245708465576,39.93637783999694,0.28518677,Gobo,5.03125,10.074999999999957,15.375,5.3671875,5.9375,6.5234375,332.77789306640625,0.0152405689255484,1060754730.0,wet,1,high
2025-08-05,Gobo,10.0676925,15.4685991,28.33142471313477,28.33142471313477,35.41428089141846,86.67986297607422,123.05577087402344,70.75069077487242,0.25083923,Gobo,10.671875,10.074999999999957,15.375,10.765625,10.109375,10.390625,332.77789306640625,0.0152405689255484,1060754730.0,wet,1,high
2025-10-07,Hilé - Alifa,12.6840971,14.350398063659668,8.484584554935282e-07,8.484584554935282e-07,7.45798362700765,14.8583713909847,25.79093457667653,5.050854126684676,0.20230103,Hilé - Alifa,0.0,12.674999999999994,14.37500000000002,0.0,0.0,0.0,282.8954772949219,0.0024472374934703,1060695540.0,wet,1,high
2025-08-12,Hina,10.3304094,13.822816848754885,8.881293296813965,8.881293296813965,34.81767463684082,85.98293876647949,158.8561954498291,67.5581145765907,0.25772095,Hina,0.25,10.32499999999996,13.825000000000012,0.28125,0.296875,0.328125,627.6494750976562,0.0360344015061855,1060832310.0,wet,1,high
2007-09-04,Kolofata,11.1405968,14.0155389,18.455135345458984,18.455135345458984,36.91027116775513,66.08250093460083,144.4819073677063,50.1606482518194,0.45713806,Kolofata,5.015625,11.124999999999972,14.025000000000016,4.1953125,4.4453125,6.1875,372.999755859375,0.0204014666378498,1060707270.0,wet,1,high
2020-11-01,Kousséri,12.0610872,14.9685362,0.0,0.0,0.0,6.651498794555664,6.651498794555664,-6.031325130527126,0.20101166,Kousséri,0.0,12.074999999999983,14.975000000000028,0.0,0.0,0.0,292.59002685546875,0.0024472374934703,1060707270.0,dry,1,high
2022-10-01,Kousséri,12.0610872,14.9685362,0.0,0.0,2.447424899321049,10.713319684844464,35.97696533380076,-1.9695042402383256,0.26626968,Kousséri,0.0078125,12.074999999999983,14.975000000000028,0.0078125,0.015625,0.0625,292.59002685546875,0.0024472374934703,1060707270.0,wet,1,high
2024-10-01,Kousséri,12.0610872,14.9685362,2.194708585739136,2.194708585739136,2.194708585739136,14.68021845817566,58.21446204185486,1.9973945330928693,0.31635284,Kousséri,0.203125,12.074999999999983,14.975000000000028,0.2421875,0.3359375,0.5859375,292.59002685546875,0.0024472374934703,1060707270.0,wet,1,high
2015-08-28,Makabaye,10.5764701,14.3011699,51.92924880981445,51.92924880981445,64.91156101226807,107.69137907028198,154.11324167251587,91.80361491295456,0.45352554,Makabaye,3.890625,10.574999999999964,14.32500000000002,4.09375,2.96875,2.859375,404.8264770507813,0.1879784911870956,1060707270.0,wet,1,high
2007-08-02,Mokolo,10.6648854,13.8506852,2.632387399673462,2.632387399673462,21.10318160057068,93.73628687858582,160.4425437450409,74.91080643183399,0.27592468,Mokolo,0.40625,10.674999999999963,13.875000000000012,0.4375,0.515625,0.46875,741.9115600585938,0.0360344015061855,1060832310.0,wet,1,high
2021-07-01,Mora,11.1556241,14.2395159,0.0,0.0,4.2233710289001465,25.010942697525024,39.47686243057251,9.831691322159278,0.12223053,Mora,0.015625,11.174999999999972,14.225000000000016,0.015625,0.015625,0.03125,332.70477294921875,0.0204014666378498,1060707270.0,dry,1,proxy
2025-07-13,Mozogo,11.0405929,13.8724737,19.75776672363281,19.75776672363281,32.929612159729004,62.40137004852295,106.24376440048218,45.32725938123152,0.3426361,Mozogo,0.015625,11.02499999999997,13.875000000000012,0.015625,0.015625,0.015625,453.55511474609375,0.1944153159856796,1060707270.0,dry,1,high
2007-08-05,Yagoua,10.2111589,15.2469254,10.018126487731934,10.018126487731934,20.036252975463867,48.148515701293945,113.85288333892822,32.31138894223031,0.4477234,Yagoua,0.75,10.22499999999996,15.225000000000032,0.640625,0.515625,0.703125,328.3748474121094,0.0152405686676502,1060832320.0,wet,1,proxy
2019-09-28,Zina,11.2302296,14.8939423,8.21202278137207,8.21202278137207,29.76858139038086,29.76858139038086,55.33943462371826,15.106532467590943,0.19477844,Zina,0.0390625,11.224999999999971,14.875000000000028,0.0390625,0.0390625,0.0390625,303.95135498046875,0.0204014666378498,1060707270.0,wet,1,high
2005-01-14,Blangoua,12.7744071,14.60364055633545,0.0,0.0,0.0,0.0,0.0,-8.549684275845982,0.19676208,Blangoua,300.79688,12.774999999999997,14.625000000000025,303.5625,309.28125,322.17188,287.3567199707031,0.0024472374934703,1060695700.0,dry,0,high
2005-01-15,Blangoua,12.7744071,14.60364055633545,0.0,0.0,0.0,0.0,0.0,-8.549684275845982,0.19677734,Blangoua,298.04688,12.774999999999997,14.625000000000025,300.79688,306.35938,318.82812,287.3567199707031,0.0024472374934703,1060695700.0,dry,0,high
2005-01-16,Blangoua,12.7744071,14.60364055633545,0.0,0.0,0.0,0.0,0.0,-8.549684275845982,0.19680786,Blangoua,295.3125,12.774999999999997,14.625000000000025,298.04688,303.5625,315.54688,287.3567199707031,0.0024472374934703,1060695700.0,dry,0,high
2005-01-17,Blangoua,12.7744071,14.60364055633545,0.0,0.0,0.0,0.0,0.0,-8.549684275845982,0.19683838,Blangoua,292.625,12.774999999999997,14.625000000000025,295.3125,300.79688,312.34375,287.3567199707031,0.0024472374934703,1060695700.0,dry,0,high
2005-01-18,Blangoua,12.7744071,14.60364055633545,0.0,0.0,0.0,0.0,0.0,-8.549684275845982,0.1968689,Blangoua,284.34375,12.774999999999997,14.625000000000025,292.625,298.04688,309.28125,287.3567199707031,0.0024472374934703,1060695700.0,dry,0,high
2005-01-19,Blangoua,12.7744071,14.60364055633545,0.0,0.0,0.0,0.0,0.0,-8.549684275845982,0.19689941,Blangoua,274.3125,12.774999999999997,14.625000000000025,284.34375,295.3125,306.35938,287.3567199707031,0.0024472374934703,1060695700.0,dry,0,high
2005-01-20,Blangoua,12.7744071,14.60364055633545,0.0,0.0,0.0,0.0,0.0,-8.549684275845982,0.19689941,Blangoua,269.21875,12.774999999999997,14.625000000000025,274.3125,292.625,303.5625,287.3567199707031,0.0024472374934703,1060695700.0,dry,0,high
2005-01-21,Blangoua,12.7744071,14.60364055633545,0.0,0.0,0.0,0.0,0.0,-8.549684275845982,0.19691467,Blangoua,266.32812,12.774999999999997,14.625000000000025,269.21875,284.34375,300.79688,287.3567199707031,0.0024472374934703,1060695700.0,dry,0,high
2005-01-22,Blangoua,12.7744071,14.60364055633545,0.0,0.0,0.0,0.0,0.0,-8.549684275845982,0.19692993,Blangoua,263.85938,12.774999999999997,14.625000000000025,266.32812,274.3125,298.04688,287.3567199707031,0.0024472374934703,1060695700.0,dry,0,high
2005-01-23,Blangoua,12.7744071,14.60364055633545,0.0,0.0,0.0,0.0,0.0,-8.549684275845982,0.19696045,Blangoua,261.59375,12.774999999999997,14.625000000000025,263.85938,269.21875,295.3125,287.3567199707031,0.0024472374934703,1060695700.0,dry,0,high
2005-01-14,Darak,12.7712781,14.3276351,0.0,0.0,0.0,0.0,0.0,-8.351136941000373,0.19676208,Darak,0.0,12.774999999999997,14.32500000000002,0.0,0.0,0.0,282.91015625,0.0024472374934703,1060695540.0,dry,0,high
2005-01-15,Darak,12.7712781,14.3276351,0.0,0.0,0.0,0.0,0.0,-8.351136941000373,0.19677734,Darak,0.0,12.774999999999997,14.32500000000002,0.0,0.0,0.0,282.91015625,0.0024472374934703,1060695540.0,dry,0,high
2005-01-16,Darak,12.7712781,14.3276351,0.0,0.0,0.0,0.0,0.0,-8.351136941000373,0.19680786,Darak,0.0,12.774999999999997,14.32500000000002,0.0,0.0,0.0,282.91015625,0.0024472374934703,1060695540.0,dry,0,high
2005-01-17,Darak,12.7712781,14.3276351,0.0,0.0,0.0,0.0,0.0,-8.351136941000373,0.19683838,Darak,0.0,12.774999999999997,14.32500000000002,0.0,0.0,0.0,282.91015625,0.0024472374934703,1060695540.0,dry,0,high
2005-01-18,Darak,12.7712781,14.3276351,0.0,0.0,0.0,0.0,0.0,-8.351136941000373,0.1968689,Darak,0.0,12.774999999999997,14.32500000000002,0.0,0.0,0.0,282.91015625,0.0024472374934703,1060695540.0,dry,0,high
2005-01-19,Darak,12.7712781,14.3276351,0.0,0.0,0.0,0.0,0.0,-8.351136941000373,0.19689941,Darak,0.0,12.774999999999997,14.32500000000002,0.0,0.0,0.0,282.91015625,0.0024472374934703,1060695540.0,dry,0,high
2005-01-20,Darak,12.7712781,14.3276351,0.0,0.0,0.0,0.0,0.0,-8.351136941000373,0.19689941,Darak,0.0,12.774999999999997,14.32500000000002,0.0,0.0,0.0,282.91015625,0.0024472374934703,1060695540.0,dry,0,high
2005-01-21,Darak,12.7712781,14.3276351,0.0,0.0,0.0,0.0,0.0,-8.351136941000373,0.19691467,Darak,0.0,12.774999999999997,14.32500000000002,0.0,0.0,0.0,282.91015625,0.0024472374934703,1060695540.0,dry,0,high
2005-01-22,Darak,12.7712781,14.3276351,0.0,0.0,0.0,0.0,0.0,-8.351136941000373,0.19692993,Darak,0.0,12.774999999999997,14.32500000000002,0.0,0.0,0.0,282.91015625,0.0024472374934703,1060695540.0,dry,0,high
2005-01-23,Darak,12.7712781,14.3276351,0.0,0.0,0.0,0.0,0.0,-8.351136941000373,0.19696045,Darak,0.0,12.774999999999997,14.32500000000002,0.0,0.0,0.0,282.91015625,0.0024472374934703,1060695540.0,dry,0,high
2005-01-14,Dougui,12.6249042,14.9787219,0.0,0.0,0.0,0.0,0.0,-11.442185829437568,0.19676208,Dougui,0.0,12.624999999999991,14.975000000000028,0.0,0.0,0.0,289.944580078125,0.0024472374934703,1060695700.0,dry,0,high
2005-01-15,Dougui,12.6249042,14.9787219,0.0,0.0,0.0,0.0,0.0,-11.442185829437568,0.19677734,Dougui,0.0,12.624999999999991,14.975000000000028,0.0,0.0,0.0,289.944580078125,0.0024472374934703,1060695700.0,dry,0,high
2005-01-16,Dougui,12.6249042,14.9787219,0.0,0.0,0.0,0.0,0.0,-11.442185829437568,0.19680786,Dougui,0.0,12.624999999999991,14.975000000000028,0.0,0.0,0.0,289.944580078125,0.0024472374934703,1060695700.0,dry,0,high
2005-01-17,Dougui,12.6249042,14.9787219,0.0,0.0,0.0,0.0,0.0,-11.442185829437568,0.19683838,Dougui,0.0,12.624999999999991,14.975000000000028,0.0,0.0,0.0,289.944580078125,0.0024472374934703,1060695700.0,dry,0,high
2005-01-18,Dougui,12.6249042,14.9787219,0.0,0.0,0.0,0.0,0.0,-11.442185829437568,0.1968689,Dougui,0.0,12.624999999999991,14.975000000000028,0.0,0.0,0.0,289.944580078125,0.0024472374934703,1060695700.0,dry,0,high
2005-01-19,Dougui,12.6249042,14.9787219,0.0,0.0,0.0,0.0,0.0,-11.442185829437568,0.19689941,Dougui,0.0,12.624999999999991,14.975000000000028,0.0,0.0,0.0,289.944580078125,0.0024472374934703,1060695700.0,dry,0,high
2005-01-20,Dougui,12.6249042,14.9787219,0.0,0.0,0.0,0.0,0.0,-11.442185829437568,0.19689941,Dougui,0.0,12.624999999999991,14.975000000000028,0.0,0.0,0.0,289.944580078125,0.0024472374934703,1060695700.0,dry,0,high
2005-01-21,Dougui,12.6249042,14.9787219,0.0,0.0,0.0,0.0,0.0,-11.442185829437568,0.19691467,Dougui,0.0,12.624999999999991,14.975000000000028,0.0,0.0,0.0,289.944580078125,0.0024472374934703,1060695700.0,dry,0,high
2005-01-22,Dougui,12.6249042,14.9787219,0.0,0.0,0.0,0.0,0.0,-11.442185829437568,0.19692993,Dougui,0.0,12.624999999999991,14.975000000000028,0.0,0.0,0.0,289.944580078125,0.0024472374934703,1060695700.0,dry,0,high
2005-01-23,Dougui,12.6249042,14.9787219,0.0,0.0,0.0,0.0,0.0,-11.442185829437568,0.19696045,Dougui,0.0,12.624999999999991,14.975000000000028,0.0,0.0,0.0,289.944580078125,0.0024472374934703,1060695700.0,dry,0,high
2005-01-14,Gaklé,10.5222309,14.2649294,0.0,0.0,0.0,0.0,0.0,-15.924971778308231,0.19676208,Gaklé,0.0,10.524999999999965,14.275000000000018,0.0,0.0,0.0,419.5437927246094,0.1879784911870956,1060707270.0,dry,0,high
2005-01-15,Gaklé,10.5222309,14.2649294,0.0,0.0,0.0,0.0,0.0,-15.924971778308231,0.19677734,Gaklé,0.0,10.524999999999965,14.275000000000018,0.0,0.0,0.0,419.5437927246094,0.1879784911870956,1060707270.0,dry,0,high
2005-01-16,Gaklé,10.5222309,14.2649294,0.0,0.0,0.0,0.0,0.0,-15.924971778308231,0.19680786,Gaklé,0.0,10.524999999999965,14.275000000000018,0.0,0.0,0.0,419.5437927246094,0.1879784911870956,1060707270.0,dry,0,high
2005-01-17,Gaklé,10.5222309,14.2649294,0.0,0.0,0.0,0.0,0.0,-15.924971778308231,0.19683838,Gaklé,0.0,10.524999999999965,14.275000000000018,0.0,0.0,0.0,419.5437927246094,0.1879784911870956,1060707270.0,dry,0,high
2005-01-18,Gaklé,10.5222309,14.2649294,0.0,0.0,0.0,0.0,0.0,-15.924971778308231,0.1968689,Gaklé,0.0,10.524999999999965,14.275000000000018,0.0,0.0,0.0,419.5437927246094,0.1879784911870956,1060707270.0,dry,0,high
2005-01-19,Gaklé,10.5222309,14.2649294,0.0,0.0,0.0,0.0,0.0,-15.924971778308231,0.19689941,Gaklé,0.0,10.524999999999965,14.275000000000018,0.0,0.0,0.0,419.5437927246094,0.1879784911870956,1060707270.0,dry,0,high
2005-01-20,Gaklé,10.5222309,14.2649294,0.0,0.0,0.0,0.0,0.0,-15.924971778308231,0.19689941,Gaklé,0.0,10.524999999999965,14.275000000000018,0.0,0.0,0.0,419.5437927246094,0.1879784911870956,1060707270.0,dry,0,high
2005-01-21,Gaklé,10.5222309,14.2649294,0.0,0.0,0.0,0.0,0.0,-15.924971778308231,0.19691467,Gaklé,0.0,10.524999999999965,14.275000000000018,0.0,0.0,0.0,419.5437927246094,0.1879784911870956,1060707270.0,dry,0,high
2005-01-22,Gaklé,10.5222309,14.2649294,0.0,0.0,0.0,0.0,0.0,-15.924971778308231,0.19692993,Gaklé,0.0,10.524999999999965,14.275000000000018,0.0,0.0,0.0,419.5437927246094,0.1879784911870956,1060707270.0,dry,0,high
2005-01-23,Gaklé,10.5222309,14.2649294,0.0,0.0,0.0,0.0,0.0,-15.924971778308231,0.19696045,Gaklé,0.0,10.524999999999965,14.275000000000018,0.0,0.0,0.0,419.5437927246094,0.1879784911870956,1060707270.0,dry,0,high
2005-01-14,Gobo,10.0676925,15.4685991,0.0,0.0,0.0,0.0,0.0,-15.929172201201787,0.19676208,Gobo,0.0,10.074999999999957,15.375,0.0,0.0,0.0,332.77789306640625,0.0152405689255484,1060754730.0,dry,0,high
2005-01-15,Gobo,10.0676925,15.4685991,0.0,0.0,0.0,0.0,0.0,-15.929172201201787,0.19677734,Gobo,0.0,10.074999999999957,15.375,0.0,0.0,0.0,332.77789306640625,0.0152405689255484,1060754730.0,dry,0,high
2005-01-16,Gobo,10.0676925,15.4685991,0.0,0.0,0.0,0.0,0.0,-15.929172201201787,0.19680786,Gobo,0.0,10.074999999999957,15.375,0.0,0.0,0.0,332.77789306640625,0.0152405689255484,1060754730.0,dry,0,high
2005-01-17,Gobo,10.0676925,15.4685991,0.0,0.0,0.0,0.0,0.0,-15.929172201201787,0.19683838,Gobo,0.0,10.074999999999957,15.375,0.0,0.0,0.0,332.77789306640625,0.0152405689255484,1060754730.0,dry,0,high
2005-01-18,Gobo,10.0676925,15.4685991,0.0,0.0,0.0,0.0,0.0,-15.929172201201787,0.1968689,Gobo,0.0,10.074999999999957,15.375,0.0,0.0,0.0,332.77789306640625,0.0152405689255484,1060754730.0,dry,0,high
2005-01-19,Gobo,10.0676925,15.4685991,0.0,0.0,0.0,0.0,0.0,-15.929172201201787,0.19689941,Gobo,0.0,10.074999999999957,15.375,0.0,0.0,0.0,332.77789306640625,0.0152405689255484,1060754730.0,dry,0,high
2005-01-20,Gobo,10.0676925,15.4685991,0.0,0.0,0.0,0.0,0.0,-15.929172201201787,0.19689941,Gobo,0.0,10.074999999999957,15.375,0.0,0.0,0.0,332.77789306640625,0.0152405689255484,1060754730.0,dry,0,high
2005-01-21,Gobo,10.0676925,15.4685991,0.0,0.0,0.0,0.0,0.0,-15.929172201201787,0.19691467,Gobo,0.0,10.074999999999957,15.375,0.0,0.0,0.0,332.77789306640625,0.0152405689255484,1060754730.0,dry,0,high
2005-01-22,Gobo,10.0676925,15.4685991,0.0,0.0,0.0,0.0,0.0,-15.929172201201787,0.19692993,Gobo,0.0,10.074999999999957,15.375,0.0,0.0,0.0,332.77789306640625,0.0152405689255484,1060754730.0,dry,0,high
2005-01-23,Gobo,10.0676925,15.4685991,0.0,0.0,0.0,0.0,0.0,-15.929172201201787,0.19696045,Gobo,0.0,10.074999999999957,15.375,0.0,0.0,0.0,332.77789306640625,0.0152405689255484,1060754730.0,dry,0,high
2005-01-14,Hilé - Alifa,12.6840971,14.350398063659668,0.0,0.0,0.0,0.0,0.0,-9.807517264300024,0.19676208,Hilé - Alifa,0.0,12.674999999999994,14.37500000000002,0.0,0.0,0.0,282.8954772949219,0.0024472374934703,1060695540.0,dry,0,high
2005-01-15,Hilé - Alifa,12.6840971,14.350398063659668,0.0,0.0,0.0,0.0,0.0,-9.807517264300024,0.19677734,Hilé - Alifa,0.0,12.674999999999994,14.37500000000002,0.0,0.0,0.0,282.8954772949219,0.0024472374934703,1060695540.0,dry,0,high
2005-01-16,Hilé - Alifa,12.6840971,14.350398063659668,0.0,0.0,0.0,0.0,0.0,-9.807517264300024,0.19680786,Hilé - Alifa,0.0,12.674999999999994,14.37500000000002,0.0,0.0,0.0,282.8954772949219,0.0024472374934703,1060695540.0,dry,0,high
2005-01-17,Hilé - Alifa,12.6840971,14.350398063659668,0.0,0.0,0.0,0.0,0.0,-9.807517264300024,0.19683838,Hilé - Alifa,0.0,12.674999999999994,14.37500000000002,0.0,0.0,0.0,282.8954772949219,0.0024472374934703,1060695540.0,dry,0,high
2005-01-18,Hilé - Alifa,12.6840971,14.350398063659668,0.0,0.0,0.0,0.0,0.0,-9.807517264300024,0.1968689,Hilé - Alifa,0.0,12.674999999999994,14.37500000000002,0.0,0.0,0.0,282.8954772949219,0.0024472374934703,1060695540.0,dry,0,high
2005-01-19,Hilé - Alifa,12.6840971,14.350398063659668,0.0,0.0,0.0,0.0,0.0,-9.807517264300024,0.19689941,Hilé - Alifa,0.0,12.674999999999994,14.37500000000002,0.0,0.0,0.0,282.8954772949219,0.0024472374934703,1060695540.0,dry,0,high
2005-01-20,Hilé - Alifa,12.6840971,14.350398063659668,0.0,0.0,0.0,0.0,0.0,-9.807517264300024,0.19689941,Hilé - Alifa,0.0,12.674999999999994,14.37500000000002,0.0,0.0,0.0,282.8954772949219,0.0024472374934703,1060695540.0,dry,0,high
2005-01-21,Hilé - Alifa,12.6840971,14.350398063659668,0.0,0.0,0.0,0.0,0.0,-9.807517264300024,0.19691467,Hilé - Alifa,0.0,12.674999999999994,14.37500000000002,0.0,0.0,0.0,282.8954772949219,0.0024472374934703,1060695540.0,dry,0,high
2005-01-22,Hilé - Alifa,12.6840971,14.350398063659668,0.0,0.0,0.0,0.0,0.0,-9.807517264300024,0.19692993,Hilé - Alifa,0.0,12.674999999999994,14.37500000000002,0.0,0.0,0.0,282.8954772949219,0.0024472374934703,1060695540.0,dry,0,high
2005-01-23,Hilé - Alifa,12.6840971,14.350398063659668,0.0,0.0,0.0,0.0,0.0,-9.807517264300024,0.19696045,Hilé - Alifa,0.0,12.674999999999994,14.37500000000002,0.0,0.0,0.0,282.8954772949219,0.0024472374934703,1060695540.0,dry,0,high
2005-01-14,Hina,10.3304094,13.822816848754885,0.0,0.0,0.0,0.0,0.0,-18.424824189888792,0.19676208,Hina,0.0,10.32499999999996,13.825000000000012,0.0,0.0,0.0,627.6494750976562,0.0360344015061855,1060832310.0,dry,0,high
2005-01-15,Hina,10.3304094,13.822816848754885,0.0,0.0,0.0,0.0,0.0,-18.424824189888792,0.19677734,Hina,0.0,10.32499999999996,13.825000000000012,0.0,0.0,0.0,627.6494750976562,0.0360344015061855,1060832310.0,dry,0,high
2005-01-16,Hina,10.3304094,13.822816848754885,0.0,0.0,0.0,0.0,0.0,-18.424824189888792,0.19680786,Hina,0.0,10.32499999999996,13.825000000000012,0.0,0.0,0.0,627.6494750976562,0.0360344015061855,1060832310.0,dry,0,high
2005-01-17,Hina,10.3304094,13.822816848754885,0.0,0.0,0.0,0.0,0.0,-18.424824189888792,0.19683838,Hina,0.0,10.32499999999996,13.825000000000012,0.0,0.0,0.0,627.6494750976562,0.0360344015061855,1060832310.0,dry,0,high
2005-01-18,Hina,10.3304094,13.822816848754885,0.0,0.0,0.0,0.0,0.0,-18.424824189888792,0.1968689,Hina,0.0,10.32499999999996,13.825000000000012,0.0,0.0,0.0,627.6494750976562,0.0360344015061855,1060832310.0,dry,0,high
2005-01-19,Hina,10.3304094,13.822816848754885,0.0,0.0,0.0,0.0,0.0,-18.424824189888792,0.19689941,Hina,0.0,10.32499999999996,13.825000000000012,0.0,0.0,0.0,627.6494750976562,0.0360344015061855,1060832310.0,dry,0,high
2005-01-20,Hina,10.3304094,13.822816848754885,0.0,0.0,0.0,0.0,0.0,-18.424824189888792,0.19689941,Hina,0.0,10.32499999999996,13.825000000000012,0.0,0.0,0.0,627.6494750976562,0.0360344015061855,1060832310.0,dry,0,high
2005-01-21,Hina,10.3304094,13.822816848754885,0.0,0.0,0.0,0.0,0.0,-18.424824189888792,0.19691467,Hina,0.0,10.32499999999996,13.825000000000012,0.0,0.0,0.0,627.6494750976562,0.0360344015061855,1060832310.0,dry,0,high
2005-01-22,Hina,10.3304094,13.822816848754885,0.0,0.0,0.0,0.0,0.0,-18.424824189888792,0.19692993,Hina,0.0,10.32499999999996,13.825000000000012,0.0,0.0,0.0,627.6494750976562,0.0360344015061855,1060832310.0,dry,0,high
2005-01-23,Hina,10.3304094,13.822816848754885,0.0,0.0,0.0,0.0,0.0,-18.424824189888792,0.19696045,Hina,0.0,10.32499999999996,13.825000000000012,0.0,0.0,0.0,627.6494750976562,0.0360344015061855,1060832310.0,dry,0,high
2005-01-14,Kai-Kai,10.6246579,14.9736643,0.0,0.0,0.0,0.0,0.0,-14.924715230483343,0.19676208,Kai-Kai,0.0,10.624999999999964,14.975000000000028,0.0,0.0,0.0,313.0599670410156,0.1879784911870956,1060754730.0,dry,0,high
2005-01-15,Kai-Kai,10.6246579,14.9736643,0.0,0.0,0.0,0.0,0.0,-14.924715230483343,0.19677734,Kai-Kai,0.0,10.624999999999964,14.975000000000028,0.0,0.0,0.0,313.0599670410156,0.1879784911870956,1060754730.0,dry,0,high
2005-01-16,Kai-Kai,10.6246579,14.9736643,0.0,0.0,0.0,0.0,0.0,-14.924715230483343,0.19680786,Kai-Kai,0.0,10.624999999999964,14.975000000000028,0.0,0.0,0.0,313.0599670410156,0.1879784911870956,1060754730.0,dry,0,high
2005-01-17,Kai-Kai,10.6246579,14.9736643,0.0,0.0,0.0,0.0,0.0,-14.924715230483343,0.19683838,Kai-Kai,0.0,10.624999999999964,14.975000000000028,0.0,0.0,0.0,313.0599670410156,0.1879784911870956,1060754730.0,dry,0,high
2005-01-18,Kai-Kai,10.6246579,14.9736643,0.0,0.0,0.0,0.0,0.0,-14.924715230483343,0.1968689,Kai-Kai,0.0,10.624999999999964,14.975000000000028,0.0,0.0,0.0,313.0599670410156,0.1879784911870956,1060754730.0,dry,0,high
2005-01-19,Kai-Kai,10.6246579,14.9736643,0.0,0.0,0.0,0.0,0.0,-14.924715230483343,0.19689941,Kai-Kai,0.0,10.624999999999964,14.975000000000028,0.0,0.0,0.0,313.0599670410156,0.1879784911870956,1060754730.0,dry,0,high
2005-01-20,Kai-Kai,10.6246579,14.9736643,0.0,0.0,0.0,0.0,0.0,-14.924715230483343,0.19689941,Kai-Kai,0.0,10.624999999999964,14.975000000000028,0.0,0.0,0.0,313.0599670410156,0.1879784911870956,1060754730.0,dry,0,high
2005-01-21,Kai-Kai,10.6246579,14.9736643,0.0,0.0,0.0,0.0,0.0,-14.924715230483343,0.19691467,Kai-Kai,0.0,10.624999999999964,14.975000000000028,0.0,0.0,0.0,313.0599670410156,0.1879784911870956,1060754730.0,dry,0,high
2005-01-22,Kai-Kai,10.6246579,14.9736643,0.0,0.0,0.0,0.0,0.0,-14.924715230483343,0.19692993,Kai-Kai,0.0,10.624999999999964,14.975000000000028,0.0,0.0,0.0,313.0599670410156,0.1879784911870956,1060754730.0,dry,0,high
2005-01-23,Kai-Kai,10.6246579,14.9736643,0.0,0.0,0.0,0.0,0.0,-14.924715230483343,0.19696045,Kai-Kai,0.0,10.624999999999964,14.975000000000028,0.0,0.0,0.0,313.0599670410156,0.1879784911870956,1060754730.0,dry,0,high
2005-01-14,Kolofata,11.1405968,14.0155389,0.0,0.0,0.0,0.0,0.0,-15.921852682781434,0.19676208,Kolofata,2.015625,11.124999999999972,14.025000000000016,2.015625,2.015625,2.03125,372.999755859375,0.0204014666378498,1060707270.0,dry,0,high
2005-01-15,Kolofata,11.1405968,14.0155389,0.0,0.0,0.0,0.0,0.0,-15.921852682781434,0.19677734,Kolofata,2.015625,11.124999999999972,14.025000000000016,2.015625,2.015625,2.03125,372.999755859375,0.0204014666378498,1060707270.0,dry,0,high
2005-01-16,Kolofata,11.1405968,14.0155389,0.0,0.0,0.0,0.0,0.0,-15.921852682781434,0.19680786,Kolofata,2.0,11.124999999999972,14.025000000000016,2.015625,2.015625,2.03125,372.999755859375,0.0204014666378498,1060707270.0,dry,0,high
2005-01-17,Kolofata,11.1405968,14.0155389,0.0,0.0,0.0,0.0,0.0,-15.921852682781434,0.19683838,Kolofata,2.0,11.124999999999972,14.025000000000016,2.0,2.015625,2.03125,372.999755859375,0.0204014666378498,1060707270.0,dry,0,high
2005-01-18,Kolofata,11.1405968,14.0155389,0.0,0.0,0.0,0.0,0.0,-15.921852682781434,0.1968689,Kolofata,1.984375,11.124999999999972,14.025000000000016,2.0,2.015625,2.015625,372.999755859375,0.0204014666378498,1060707270.0,dry,0,high
2005-01-19,Kolofata,11.1405968,14.0155389,0.0,0.0,0.0,0.0,0.0,-15.921852682781434,0.19689941,Kolofata,1.96875,11.124999999999972,14.025000000000016,1.984375,2.0,2.015625,372.999755859375,0.0204014666378498,1060707270.0,dry,0,high
2005-01-20,Kolofata,11.1405968,14.0155389,0.0,0.0,0.0,0.0,0.0,-15.921852682781434,0.19689941,Kolofata,1.96875,11.124999999999972,14.025000000000016,1.96875,2.0,2.015625,372.999755859375,0.0204014666378498,1060707270.0,dry,0,high
2005-01-21,Kolofata,11.1405968,14.0155389,0.0,0.0,0.0,0.0,0.0,-15.921852682781434,0.19691467,Kolofata,1.96875,11.124999999999972,14.025000000000016,1.96875,1.984375,2.015625,372.999755859375,0.0204014666378498,1060707270.0,dry,0,high
2005-01-22,Kolofata,11.1405968,14.0155389,0.0,0.0,0.0,0.0,0.0,-15.921852682781434,0.19692993,Kolofata,1.953125,11.124999999999972,14.025000000000016,1.96875,1.96875,2.015625,372.999755859375,0.0204014666378498,1060707270.0,dry,0,high
2005-01-23,Kolofata,11.1405968,14.0155389,0.0,0.0,0.0,0.0,0.0,-15.921852682781434,0.19696045,Kolofata,1.953125,11.124999999999972,14.025000000000016,1.953125,1.96875,2.0,372.999755859375,0.0204014666378498,1060707270.0,dry,0,high
2005-01-14,Kousséri,12.0610872,14.9685362,0.0,0.0,0.0,0.0,0.0,-12.68282392508279,0.19676208,Kousséri,0.0,12.074999999999983,14.975000000000028,0.0,0.0,0.0,292.59002685546875,0.0024472374934703,1060707270.0,dry,0,high
2005-01-15,Kousséri,12.0610872,14.9685362,0.0,0.0,0.0,0.0,0.0,-12.68282392508279,0.19677734,Kousséri,0.0,12.074999999999983,14.975000000000028,0.0,0.0,0.0,292.59002685546875,0.0024472374934703,1060707270.0,dry,0,high
2005-01-16,Kousséri,12.0610872,14.9685362,0.0,0.0,0.0,0.0,0.0,-12.68282392508279,0.19680786,Kousséri,0.0,12.074999999999983,14.975000000000028,0.0,0.0,0.0,292.59002685546875,0.0024472374934703,1060707270.0,dry,0,high
2005-01-17,Kousséri,12.0610872,14.9685362,0.0,0.0,0.0,0.0,0.0,-12.68282392508279,0.19683838,Kousséri,0.0,12.074999999999983,14.975000000000028,0.0,0.0,0.0,292.59002685546875,0.0024472374934703,1060707270.0,dry,0,high
2005-01-18,Kousséri,12.0610872,14.9685362,0.0,0.0,0.0,0.0,0.0,-12.68282392508279,0.1968689,Kousséri,0.0,12.074999999999983,14.975000000000028,0.0,0.0,0.0,292.59002685546875,0.0024472374934703,1060707270.0,dry,0,high
2005-01-19,Kousséri,12.0610872,14.9685362,0.0,0.0,0.0,0.0,0.0,-12.68282392508279,0.19689941,Kousséri,0.0,12.074999999999983,14.975000000000028,0.0,0.0,0.0,292.59002685546875,0.0024472374934703,1060707270.0,dry,0,high
2005-01-20,Kousséri,12.0610872,14.9685362,0.0,0.0,0.0,0.0,0.0,-12.68282392508279,0.19689941,Kousséri,0.0,12.074999999999983,14.975000000000028,0.0,0.0,0.0,292.59002685546875,0.0024472374934703,1060707270.0,dry,0,high
2005-01-21,Kousséri,12.0610872,14.9685362,0.0,0.0,0.0,0.0,0.0,-12.68282392508279,0.19691467,Kousséri,0.0,12.074999999999983,14.975000000000028,0.0,0.0,0.0,292.59002685546875,0.0024472374934703,1060707270.0,dry,0,high
2005-01-22,Kousséri,12.0610872,14.9685362,0.0,0.0,0.0,0.0,0.0,-12.68282392508279,0.19692993,Kousséri,0.0,12.074999999999983,14.975000000000028,0.0,0.0,0.0,292.59002685546875,0.0024472374934703,1060707270.0,dry,0,high
2005-01-23,Kousséri,12.0610872,14.9685362,0.0,0.0,0.0,0.0,0.0,-12.68282392508279,0.19696045,Kousséri,0.0,12.074999999999983,14.975000000000028,0.0,0.0,0.0,292.59002685546875,0.0024472374934703,1060707270.0,dry,0,high
2005-01-14,Makabaye,10.5764701,14.3011699,0.0,0.0,0.0,0.0,0.0,-15.88776415732742,0.19676208,Makabaye,2.625,10.574999999999964,14.32500000000002,2.625,2.625,2.625,404.8264770507813,0.1879784911870956,1060707270.0,dry,0,high
2005-01-15,Makabaye,10.5764701,14.3011699,0.0,0.0,0.0,0.0,0.0,-15.88776415732742,0.19677734,Makabaye,2.609375,10.574999999999964,14.32500000000002,2.625,2.625,2.625,404.8264770507813,0.1879784911870956,1060707270.0,dry,0,high
2005-01-16,Makabaye,10.5764701,14.3011699,0.0,0.0,0.0,0.0,0.0,-15.88776415732742,0.19680786,Makabaye,2.59375,10.574999999999964,14.32500000000002,2.609375,2.625,2.625,404.8264770507813,0.1879784911870956,1060707270.0,dry,0,high
2005-01-17,Makabaye,10.5764701,14.3011699,0.0,0.0,0.0,0.0,0.0,-15.88776415732742,0.19683838,Makabaye,2.59375,10.574999999999964,14.32500000000002,2.59375,2.625,2.625,404.8264770507813,0.1879784911870956,1060707270.0,dry,0,high
2005-01-18,Makabaye,10.5764701,14.3011699,0.0,0.0,0.0,0.0,0.0,-15.88776415732742,0.1968689,Makabaye,2.59375,10.574999999999964,14.32500000000002,2.59375,2.609375,2.625,404.8264770507813,0.1879784911870956,1060707270.0,dry,0,high
2005-01-19,Makabaye,10.5764701,14.3011699,0.0,0.0,0.0,0.0,0.0,-15.88776415732742,0.19689941,Makabaye,2.59375,10.574999999999964,14.32500000000002,2.59375,2.59375,2.625,404.8264770507813,0.1879784911870956,1060707270.0,dry,0,high
2005-01-20,Makabaye,10.5764701,14.3011699,0.0,0.0,0.0,0.0,0.0,-15.88776415732742,0.19689941,Makabaye,2.59375,10.574999999999964,14.32500000000002,2.59375,2.59375,2.625,404.8264770507813,0.1879784911870956,1060707270.0,dry,0,high
2005-01-21,Makabaye,10.5764701,14.3011699,0.0,0.0,0.0,0.0,0.0,-15.88776415732742,0.19691467,Makabaye,2.59375,10.574999999999964,14.32500000000002,2.59375,2.59375,2.625,404.8264770507813,0.1879784911870956,1060707270.0,dry,0,high
2005-01-22,Makabaye,10.5764701,14.3011699,0.0,0.0,0.0,0.0,0.0,-15.88776415732742,0.19692993,Makabaye,2.578125,10.574999999999964,14.32500000000002,2.59375,2.59375,2.609375,404.8264770507813,0.1879784911870956,1060707270.0,dry,0,high
2005-01-23,Makabaye,10.5764701,14.3011699,0.0,0.0,0.0,0.0,0.0,-15.88776415732742,0.19696045,Makabaye,2.578125,10.574999999999964,14.32500000000002,2.578125,2.59375,2.59375,404.8264770507813,0.1879784911870956,1060707270.0,dry,0,high
2005-01-14,Mokolo,10.6648854,13.8506852,0.0,0.0,0.0,0.0,0.0,-18.825480446751826,0.19676208,Mokolo,0.0,10.674999999999963,13.875000000000012,0.0,0.0,0.0,741.9115600585938,0.0360344015061855,1060832310.0,dry,0,high
2005-01-15,Mokolo,10.6648854,13.8506852,0.0,0.0,0.0,0.0,0.0,-18.825480446751826,0.19677734,Mokolo,0.0,10.674999999999963,13.875000000000012,0.0,0.0,0.0,741.9115600585938,0.0360344015061855,1060832310.0,dry,0,high
2005-01-16,Mokolo,10.6648854,13.8506852,0.0,0.0,0.0,0.0,0.0,-18.825480446751826,0.19680786,Mokolo,0.0,10.674999999999963,13.875000000000012,0.0,0.0,0.0,741.9115600585938,0.0360344015061855,1060832310.0,dry,0,high
2005-01-17,Mokolo,10.6648854,13.8506852,0.0,0.0,0.0,0.0,0.0,-18.825480446751826,0.19683838,Mokolo,0.0,10.674999999999963,13.875000000000012,0.0,0.0,0.0,741.9115600585938,0.0360344015061855,1060832310.0,dry,0,high
2005-01-18,Mokolo,10.6648854,13.8506852,0.0,0.0,0.0,0.0,0.0,-18.825480446751826,0.1968689,Mokolo,0.0,10.674999999999963,13.875000000000012,0.0,0.0,0.0,741.9115600585938,0.0360344015061855,1060832310.0,dry,0,high
2005-01-19,Mokolo,10.6648854,13.8506852,0.0,0.0,0.0,0.0,0.0,-18.825480446751826,0.19689941,Mokolo,0.0,10.674999999999963,13.875000000000012,0.0,0.0,0.0,741.9115600585938,0.0360344015061855,1060832310.0,dry,0,high
2005-01-20,Mokolo,10.6648854,13.8506852,0.0,0.0,0.0,0.0,0.0,-18.825480446751826,0.19689941,Mokolo,0.0,10.674999999999963,13.875000000000012,0.0,0.0,0.0,741.9115600585938,0.0360344015061855,1060832310.0,dry,0,high
2005-01-21,Mokolo,10.6648854,13.8506852,0.0,0.0,0.0,0.0,0.0,-18.825480446751826,0.19691467,Mokolo,0.0,10.674999999999963,13.875000000000012,0.0,0.0,0.0,741.9115600585938,0.0360344015061855,1060832310.0,dry,0,high
2005-01-22,Mokolo,10.6648854,13.8506852,0.0,0.0,0.0,0.0,0.0,-18.825480446751826,0.19692993,Mokolo,0.0,10.674999999999963,13.875000000000012,0.0,0.0,0.0,741.9115600585938,0.0360344015061855,1060832310.0,dry,0,high
2005-01-23,Mokolo,10.6648854,13.8506852,0.0,0.0,0.0,0.0,0.0,-18.825480446751826,0.19696045,Mokolo,0.0,10.674999999999963,13.875000000000012,0.0,0.0,0.0,741.9115600585938,0.0360344015061855,1060832310.0,dry,0,high
2005-01-14,Mora,11.1556241,14.2395159,0.0,0.0,0.0,0.0,0.0,-15.179251375365746,0.19676208,Mora,0.0,11.174999999999972,14.225000000000016,0.0,0.0,0.0,332.70477294921875,0.0204014666378498,1060707270.0,dry,0,proxy
2005-01-15,Mora,11.1556241,14.2395159,0.0,0.0,0.0,0.0,0.0,-15.179251375365746,0.19677734,Mora,0.0,11.174999999999972,14.225000000000016,0.0,0.0,0.0,332.70477294921875,0.0204014666378498,1060707270.0,dry,0,proxy
2005-01-16,Mora,11.1556241,14.2395159,0.0,0.0,0.0,0.0,0.0,-15.179251375365746,0.19680786,Mora,0.0,11.174999999999972,14.225000000000016,0.0,0.0,0.0,332.70477294921875,0.0204014666378498,1060707270.0,dry,0,proxy
2005-01-17,Mora,11.1556241,14.2395159,0.0,0.0,0.0,0.0,0.0,-15.179251375365746,0.19683838,Mora,0.0,11.174999999999972,14.225000000000016,0.0,0.0,0.0,332.70477294921875,0.0204014666378498,1060707270.0,dry,0,proxy
2005-01-18,Mora,11.1556241,14.2395159,0.0,0.0,0.0,0.0,0.0,-15.179251375365746,0.1968689,Mora,0.0,11.174999999999972,14.225000000000016,0.0,0.0,0.0,332.70477294921875,0.0204014666378498,1060707270.0,dry,0,proxy
2005-01-19,Mora,11.1556241,14.2395159,0.0,0.0,0.0,0.0,0.0,-15.179251375365746,0.19689941,Mora,0.0,11.174999999999972,14.225000000000016,0.0,0.0,0.0,332.70477294921875,0.0204014666378498,1060707270.0,dry,0,proxy
2005-01-20,Mora,11.1556241,14.2395159,0.0,0.0,0.0,0.0,0.0,-15.179251375365746,0.19689941,Mora,0.0,11.174999999999972,14.225000000000016,0.0,0.0,0.0,332.70477294921875,0.0204014666378498,1060707270.0,dry,0,proxy
2005-01-21,Mora,11.1556241,14.2395159,0.0,0.0,0.0,0.0,0.0,-15.179251375365746,0.19691467,Mora,0.0,11.174999999999972,14.225000000000016,0.0,0.0,0.0,332.70477294921875,0.0204014666378498,1060707270.0,dry,0,proxy
2005-01-22,Mora,11.1556241,14.2395159,0.0,0.0,0.0,0.0,0.0,-15.179251375365746,0.19692993,Mora,0.0,11.174999999999972,14.225000000000016,0.0,0.0,0.0,332.70477294921875,0.0204014666378498,1060707270.0,dry,0,proxy
2005-01-23,Mora,11.1556241,14.2395159,0.0,0.0,0.0,0.0,0.0,-15.179251375365746,0.19696045,Mora,0.0,11.174999999999972,14.225000000000016,0.0,0.0,0.0,332.70477294921875,0.0204014666378498,1060707270.0,dry,0,proxy
2005-01-14,Mozogo,11.0405929,13.8724737,0.0,0.0,0.0,0.0,0.0,-17.074110667291436,0.19676208,Mozogo,0.046875,11.02499999999997,13.875000000000012,0.046875,0.046875,0.046875,453.55511474609375,0.1944153159856796,1060707270.0,dry,0,high
2005-01-15,Mozogo,11.0405929,13.8724737,0.0,0.0,0.0,0.0,0.0,-17.074110667291436,0.19677734,Mozogo,0.046875,11.02499999999997,13.875000000000012,0.046875,0.046875,0.046875,453.55511474609375,0.1944153159856796,1060707270.0,dry,0,high
2005-01-16,Mozogo,11.0405929,13.8724737,0.0,0.0,0.0,0.0,0.0,-17.074110667291436,0.19680786,Mozogo,0.046875,11.02499999999997,13.875000000000012,0.046875,0.046875,0.046875,453.55511474609375,0.1944153159856796,1060707270.0,dry,0,high
2005-01-17,Mozogo,11.0405929,13.8724737,0.0,0.0,0.0,0.0,0.0,-17.074110667291436,0.19683838,Mozogo,0.046875,11.02499999999997,13.875000000000012,0.046875,0.046875,0.046875,453.55511474609375,0.1944153159856796,1060707270.0,dry,0,high
2005-01-18,Mozogo,11.0405929,13.8724737,0.0,0.0,0.0,0.0,0.0,-17.074110667291436,0.1968689,Mozogo,0.046875,11.02499999999997,13.875000000000012,0.046875,0.046875,0.046875,453.55511474609375,0.1944153159856796,1060707270.0,dry,0,high
2005-01-19,Mozogo,11.0405929,13.8724737,0.0,0.0,0.0,0.0,0.0,-17.074110667291436,0.19689941,Mozogo,0.046875,11.02499999999997,13.875000000000012,0.046875,0.046875,0.046875,453.55511474609375,0.1944153159856796,1060707270.0,dry,0,high
2005-01-20,Mozogo,11.0405929,13.8724737,0.0,0.0,0.0,0.0,0.0,-17.074110667291436,0.19689941,Mozogo,0.046875,11.02499999999997,13.875000000000012,0.046875,0.046875,0.046875,453.55511474609375,0.1944153159856796,1060707270.0,dry,0,high
2005-01-21,Mozogo,11.0405929,13.8724737,0.0,0.0,0.0,0.0,0.0,-17.074110667291436,0.19691467,Mozogo,0.046875,11.02499999999997,13.875000000000012,0.046875,0.046875,0.046875,453.55511474609375,0.1944153159856796,1060707270.0,dry,0,high
2005-01-22,Mozogo,11.0405929,13.8724737,0.0,0.0,0.0,0.0,0.0,-17.074110667291436,0.19692993,Mozogo,0.046875,11.02499999999997,13.875000000000012,0.046875,0.046875,0.046875,453.55511474609375,0.1944153159856796,1060707270.0,dry,0,high
2005-01-23,Mozogo,11.0405929,13.8724737,0.0,0.0,0.0,0.0,0.0,-17.074110667291436,0.19696045,Mozogo,0.046875,11.02499999999997,13.875000000000012,0.046875,0.046875,0.046875,453.55511474609375,0.1944153159856796,1060707270.0,dry,0,high
2005-01-14,Yagoua,10.2111589,15.2469254,0.0,0.0,0.0,0.0,0.0,-15.837126759063636,0.19676208,Yagoua,0.0,10.22499999999996,15.225000000000032,0.0,0.0,0.0,328.3748474121094,0.0152405686676502,1060832320.0,dry,0,proxy
2005-01-15,Yagoua,10.2111589,15.2469254,0.0,0.0,0.0,0.0,0.0,-15.837126759063636,0.19677734,Yagoua,0.0,10.22499999999996,15.225000000000032,0.0,0.0,0.0,328.3748474121094,0.0152405686676502,1060832320.0,dry,0,proxy
2005-01-16,Yagoua,10.2111589,15.2469254,0.0,0.0,0.0,0.0,0.0,-15.837126759063636,0.19680786,Yagoua,0.0,10.22499999999996,15.225000000000032,0.0,0.0,0.0,328.3748474121094,0.0152405686676502,1060832320.0,dry,0,proxy
2005-01-17,Yagoua,10.2111589,15.2469254,0.0,0.0,0.0,0.0,0.0,-15.837126759063636,0.19683838,Yagoua,0.0,10.22499999999996,15.225000000000032,0.0,0.0,0.0,328.3748474121094,0.0152405686676502,1060832320.0,dry,0,proxy
2005-01-18,Yagoua,10.2111589,15.2469254,0.0,0.0,0.0,0.0,0.0,-15.837126759063636,0.1968689,Yagoua,0.0,10.22499999999996,15.225000000000032,0.0,0.0,0.0,328.3748474121094,0.0152405686676502,1060832320.0,dry,0,proxy
2005-01-19,Yagoua,10.2111589,15.2469254,0.0,0.0,0.0,0.0,0.0,-15.837126759063636,0.19689941,Yagoua,0.0,10.22499999999996,15.225000000000032,0.0,0.0,0.0,328.3748474121094,0.0152405686676502,1060832320.0,dry,0,proxy
2005-01-20,Yagoua,10.2111589,15.2469254,0.0,0.0,0.0,0.0,0.0,-15.837126759063636,0.19689941,Yagoua,0.0,10.22499999999996,15.225000000000032,0.0,0.0,0.0,328.3748474121094,0.0152405686676502,1060832320.0,dry,0,proxy
2005-01-21,Yagoua,10.2111589,15.2469254,0.0,0.0,0.0,0.0,0.0,-15.837126759063636,0.19691467,Yagoua,0.0,10.22499999999996,15.225000000000032,0.0,0.0,0.0,328.3748474121094,0.0152405686676502,1060832320.0,dry,0,proxy
2005-01-22,Yagoua,10.2111589,15.2469254,0.0,0.0,0.0,0.0,0.0,-15.837126759063636,0.19692993,Yagoua,0.0,10.22499999999996,15.225000000000032,0.0,0.0,0.0,328.3748474121094,0.0152405686676502,1060832320.0,dry,0,proxy
2005-01-23,Yagoua,10.2111589,15.2469254,0.0,0.0,0.0,0.0,0.0,-15.837126759063636,0.19696045,Yagoua,0.0,10.22499999999996,15.225000000000032,0.0,0.0,0.0,328.3748474121094,0.0152405686676502,1060832320.0,dry,0,proxy
2005-01-14,Zina,11.2302296,14.8939423,0.0,0.0,0.0,0.0,0.0,-14.662048922789916,0.19676208,Zina,0.0,11.224999999999971,14.875000000000028,0.0,0.0,0.0,303.95135498046875,0.0204014666378498,1060707270.0,dry,0,high
2005-01-15,Zina,11.2302296,14.8939423,0.0,0.0,0.0,0.0,0.0,-14.662048922789916,0.19677734,Zina,0.0,11.224999999999971,14.875000000000028,0.0,0.0,0.0,303.95135498046875,0.0204014666378498,1060707270.0,dry,0,high
2005-01-16,Zina,11.2302296,14.8939423,0.0,0.0,0.0,0.0,0.0,-14.662048922789916,0.19680786,Zina,0.0,11.224999999999971,14.875000000000028,0.0,0.0,0.0,303.95135498046875,0.0204014666378498,1060707270.0,dry,0,high
2005-01-17,Zina,11.2302296,14.8939423,0.0,0.0,0.0,0.0,0.0,-14.662048922789916,0.19683838,Zina,0.0,11.224999999999971,14.875000000000028,0.0,0.0,0.0,303.95135498046875,0.0204014666378498,1060707270.0,dry,0,high
2005-01-18,Zina,11.2302296,14.8939423,0.0,0.0,0.0,0.0,0.0,-14.662048922789916,0.1968689,Zina,0.0,11.224999999999971,14.875000000000028,0.0,0.0,0.0,303.95135498046875,0.0204014666378498,1060707270.0,dry,0,high
2005-01-19,Zina,11.2302296,14.8939423,0.0,0.0,0.0,0.0,0.0,-14.662048922789916,0.19689941,Zina,0.0,11.224999999999971,14.875000000000028,0.0,0.0,0.0,303.95135498046875,0.0204014666378498,1060707270.0,dry,0,high
2005-01-20,Zina,11.2302296,14.8939423,0.0,0.0,0.0,0.0,0.0,-14.662048922789916,0.19689941,Zina,0.0,11.224999999999971,14.875000000000028,0.0,0.0,0.0,303.95135498046875,0.0204014666378498,1060707270.0,dry,0,high
2005-01-21,Zina,11.2302296,14.8939423,0.0,0.0,0.0,0.0,0.0,-14.662048922789916,0.19691467,Zina,0.0,11.224999999999971,14.875000000000028,0.0,0.0,0.0,303.95135498046875,0.0204014666378498,1060707270.0,dry,0,high
2005-01-22,Zina,11.2302296,14.8939423,0.0,0.0,0.0,0.0,0.0,-14.662048922789916,0.19692993,Zina,0.0,11.224999999999971,14.875000000000028,0.0,0.0,0.0,303.95135498046875,0.0204014666378498,1060707270.0,dry,0,high
2005-01-23,Zina,11.2302296,14.8939423,0.0,0.0,0.0,0.0,0.0,-14.662048922789916,0.19696045,Zina,0.0,11.224999999999971,14.875000000000028,0.0,0.0,0.0,303.95135498046875,0.0204014666378498,1060707270.0,dry,0,high
2020-08-31 00:00:00,Gobo,10.0676925,15.4685991,21.957494735717773,21.957494735717773,36.595824241638184,90.57947492599487,172.15216875076294,74.65030272479308,0.3678703308105469,Gobo,5.4296875,10.074999999999957,15.375,5.6015625,4.25,3.3203125,332.77789306640625,0.0152405689255484,1060754730.0,wet,1,high
2020-09-11 00:00:00,Gobo,10.0676925,15.4685991,7.764495849609375,7.764495849609375,30.30659580230713,55.86555004119873,128.56245708465576,39.93637783999694,0.285186767578125,Gobo,5.03125,10.074999999999957,15.375,5.3671875,5.9375,6.5234375,332.77789306640625,0.0152405689255484,1060754730.0,wet,1,high
2012-09-17 00:00:00,Yagoua,10.2111589,15.2469254,0.0,0.0,9.04200267791748,25.761945247650146,51.09044599533081,9.92481848858651,0.238525390625,Yagoua,1.765625,10.224999999999959,15.225000000000032,1.578125,1.4453125,1.6328125,328.3748474121094,0.0152405686676502,1060832320.0,wet,1,high
2024-08-28 00:00:00,Yagoua,10.2111589,15.2469254,6.744024276733398,6.744024276733398,19.592027187347412,62.08760952949524,107.95650482177734,46.2504827704316,0.4407501220703125,Yagoua,3.6015625,10.224999999999959,15.225000000000032,3.828125,4.046875,4.1015625,328.3748474121094,0.0152405686676502,1060832320.0,wet,1,high
