source_event_id,event_start_date,event_end_date,locality_name,division,source_document_url,source_verification_status,final_status,independent_episode,rationale
FNR-FLD-2015-001,2015-08-28,2015-08-28,Makabaye; Harde; Salak; Djarengol; Zileng; carrefour Gakle; Mayo-Ferngo (Maroua-Mindif road); Gakle-Goyang-Kaoutal road; lycee de Domayo,Diamare,https://www.annalsreview.geo.unibuc.ro/2022/Arabi.pdf,SOURCE_ACCESSIBLE_OR_PRIOR_AUDIT,POSSIBLE_DUPLICATE,False,Same 2015 Zina episode already canonical as FNR-FLD-2015-001; submitted row is an alternate claim with a different locality/date and is not promoted without source reconciliation.
FNR-FLD-2018-001,2018-07-24,2018-07-25,Gakle; Katoual; Maroua 1er (commune),Diamare,https://www.cameroon-tribune.cm/article.html/20146/en.html/Victimes-des-inondations-Gakle-et-Katoual-les-attentions-du-couple-pr-sidentiel,SOURCE_VERIFIED,VERIFIED_FLOOD_EVENT,True,"Independent July 24–25 2018 Maroua 1er (Gakle/Katoual) flood. Cameroon Tribune page states torrential rain in the night of 24–25 July 2018, 187 families affected, and names Maroua 1er/Diamaré."
FNR-FLD-2019-001,2019-09-28,2019-10-14,Zina; Maga; Kai-Kai; Yagoua; Mre Arabe; Mre Kotoko; Ngoudougouli; Sakim; Karam-Nord; Yare-Kalkoussam; Sara Sara (dyke); Nohoye; Pinfoung; Koundouma; Guiding; Sarahara; Lahai; Guirvidig; Dawaya; Gounmi; Mourna,Logone-et-Chari; Mayo-Danay,https://www.unocha.org/publications/report/cameroon/cameroun-extr-me-nord-logone-et-chari-mayo-danay-inondations-situation-report-no-01,SOURCE_ACCESSIBLE_OR_PRIOR_AUDIT,POSSIBLE_DUPLICATE,False,Same 1 October 2019 Zina pulse as canonical FNR-FLD-2019-001.
FNR-FLD-2019-002,2019-11-04,2019-11-12,Darak; Waza; Blangoua; Hile Alifa,Logone-et-Chari,https://www.unocha.org/publications/report/cameroon/cameroun-extr-me-nord-logone-et-chari-mayo-danay-situation-report-no-02,SOURCE_ACCESSIBLE_OR_PRIOR_AUDIT,POSSIBLE_DUPLICATE,False,November situation report follows the October 2019 Logone/Mayo-Danay crisis; no independent onset is established by the submitted row.
FNR-FLD-2020-002,2020-09-11,2020-09-12,Gobo; Guere; Vele; Kai-Kai; Moulvoudaye; Kaele; Arafai; Gougoum Goudoum,Mayo-Danay; Mayo-Kani,https://reliefweb.int/report/cameroon/cameroon-floods-far-north-region-emergency-plan-action-epoa-dref-operation-no,SOURCE_ACCESSIBLE_OR_PRIOR_AUDIT,POSSIBLE_DUPLICATE,False,Same 31 August 2020 Maroua bridge-collapse event as canonical FNR-FLD-2020-002.
FNR-FLD-2020-003,2020-11-01,2020-11-30,Kousseri; Biamo; Fotokol; Maroua-Kousseri axis via Zina,Logone-et-Chari,https://www.unocha.org/publications/report/cameroon/cameroun-extr-me-nord-rapport-de-situation-no-4-novembre-2020,SOURCE_ACCESSIBLE_OR_PRIOR_AUDIT,POSSIBLE_DUPLICATE,False,Same 11–12 September 2020 Mayo-Danay/Mayo-Kani episode as canonical FNR-FLD-2020-003.
FNR-FLD-2021-001,2021-07-01,2021-07-31,Seradoumda; Mora and Makary health-district roads,Mayo-Sava,https://www.unocha.org/publications/report/cameroon/cameroon-humanitarian-bulletin-issue-n-23-august-2021,SOURCE_ACCESSIBLE_OR_PRIOR_AUDIT,POSSIBLE_DUPLICATE,False,Same July 2021 Seradoumda/Mayo-Sava episode as canonical FLD-CMR-2021-001.
FNR-FLD-2022-001,2022-08-15,2022-09-26,Tekele; Alvakai; Dibissa; Maga; Gobo; Yagoua; Kai-Kai; Vele; Guere; Wina; Kousseri; Makary; Zina; Logone-Birni,Mayo-Danay; Logone-et-Chari; Mayo-Tsanaga,https://reliefweb.int/report/cameroon/cameroun-extreme-nord-note-dinformation-sur-les-inondations-ndeg1-au-26-septembre-2022,SOURCE_ACCESSIBLE_OR_PRIOR_AUDIT,POSSIBLE_DUPLICATE,False,Situation Note 1 is an early report within canonical 2022 episode FLD-CMR-2022-001.
FNR-FLD-2022-002,2022-10-01,2022-12-05,Kousseri; Madagascar; Gote; Mada; Maynanani; Kourouan; Djambalbar; Gozo; Marouare; Tchidam; Madana (Kousseri quartiers); Fotokol; Makary; Blangoua; Logone-Birni; Goulfey,Logone-et-Chari,https://www.unocha.org/publications/report/cameroon/cameroun-extreme-nord-note-dinformation-sur-les-inondations-ndeg3-au-15-novembre-2022,SOURCE_ACCESSIBLE_OR_PRIOR_AUDIT,POSSIBLE_DUPLICATE,False,Situation Note 3 is a later report within canonical 2022 episode FLD-CMR-2022-001.
FNR-FLD-2023-002,2023-11-01,2023-11-30,Blangoua; Blaram; Wayawaya; Ngarinyobe; Tilde (Logone-Birni); Malika (Mora),Logone-et-Chari; Mayo-Sava,https://www.unocha.org/publications/report/cameroon/cameroun-extreme-nord-rapport-de-situation-no-38-novembre-2023,SOURCE_ACCESSIBLE_OR_PRIOR_AUDIT,POSSIBLE_DUPLICATE,False,November 2023 report is already represented by canonical FLD-CMR-2023-001.
FNR-FLD-2024-001,2024-08-10,2024-09-12,Blangoua; Makary; Zina; Maga; Yagoua; Ndoukoula; Mokolo; Maroua; Kalfou; Kar-Hay; Datcheka; Tchatibali; Doukoula; Gobo; Guere,Logone-et-Chari; Mayo-Danay; Diamare; Mayo-Tsanaga; Mayo-Kani,https://reliefweb.int/report/cameroon/cameroon-far-north-floods-dref-operation-appeal-mdrcm039,SOURCE_ACCESSIBLE_OR_PRIOR_AUDIT,POSSIBLE_DUPLICATE,False,MDRCM039 early-period report is supporting evidence for canonical FLD-CMR-2024-001.
FNR-FLD-2024-002,2024-10-01,2024-11-11,Kousseri; Ndou (reception site),Logone-et-Chari; Mayo-Danay,https://www.unocha.org/publications/report/cameroon/cameroun-extreme-nord-rapport-de-situation-no49-octobre-2024,SOURCE_ACCESSIBLE_OR_PRIOR_AUDIT,POSSIBLE_DUPLICATE,False,October 2024 OCHA report is supporting evidence for canonical FLD-CMR-2024-001.
FNR-FLD-2025-001,2025-07-13,2025-07-13,Mozogo; Nguetchewe; Korsamba; Kaliari,Mayo-Tsanaga,https://go-api.ifrc.org/api/downloadfile/92340/MDRCM039eu3,SOURCE_ACCESSIBLE_OR_PRIOR_AUDIT,POSSIBLE_DUPLICATE,False,MDRCM039 update locality cluster is within canonical FNR-FLD-2025-001.
FNR-FLD-2025-002,2025-08-05,2025-08-05,Gobo; Yagoua; Guere; Wina; Datcheka; Doukoula; Tchatibali; Vele; Kai-Kai; Maga; Kar-Hay,Mayo-Danay,https://go-api.ifrc.org/api/downloadfile/92340/MDRCM039eu3,SOURCE_ACCESSIBLE_OR_PRIOR_AUDIT,POSSIBLE_DUPLICATE,False,MDRCM039 update locality cluster is within canonical FNR-FLD-2025-001.
FNR-FLD-2025-003,2025-08-12,2025-08-12,Hina,Mayo-Tsanaga,https://go-api.ifrc.org/api/downloadfile/92340/MDRCM039eu3,SOURCE_ACCESSIBLE_OR_PRIOR_AUDIT,POSSIBLE_DUPLICATE,False,MDRCM039 update locality cluster is within canonical FNR-FLD-2025-001.
FNR-FLD-2025-005,2025-10-07,2025-10-08,UNKNOWN (Logone-et-Chari arrondissement-level footprint; locality names truncated in the retrieved sitrep text),Logone-et-Chari,https://reliefweb.int/report/cameroon/cameroun-extreme-nord-rapport-de-situation-no-61-octobre-2025,SOURCE_ACCESSIBLE_OR_PRIOR_AUDIT,POSSIBLE_DUPLICATE,False,October 2025 OCHA report matches canonical FNR-FLD-2025-002 footprint/window.
