date,name,rainfall_mm,lat,lon,keyname,rainfall_1d,rainfall_3d,rainfall_7d,rainfall_14d,rainfall_anomaly,swvl1,discharge_m3s,discharge_lag1,discharge_lag3,discharge_lag7,elevation_m,slope_deg,basin_id,season,flood_label,location_confidence
2023-11-01,Blangoua,0.0,12.7744071,14.603641,blangoua,0.0,0.0,0.0,0.0,-8.549684275845982,0.13333511,424.6289,447.67578,500.0625,646.28125,287.3567199707031,0.0024472374934703,1060695700,0,1,high
2024-08-28,Blangoua,10.161334037780762,12.7744071,14.603641,blangoua,10.161334037780762,17.804102420806885,35.7299270182848,66.98237223923206,27.180242742438814,0.32757187,1120.5703,978.2344,714.89844,426.64844,287.3567199707031,0.0024472374934703,1060695700,1,1,high
2025-08-05,Datchéka,21.158763885498047,,,datcheka,21.158763885498047,21.158763885498047,88.70549726486206,118.94881010055542,72.64184350274665,0.25083923,2.8125,2.96875,2.75,2.84375,343.99566650390625,0.0152405686676502,1060832320,1,1,high
2013-09-27,Dougui,1.728369116783142,12.6249042,14.9787219,dougui,1.728369116783142,6.830422759056091,17.03453004360199,17.03453004360199,5.592344214164422,0.21588135,0.015625,0.015625,0.015625,0.015625,289.944580078125,0.0024472374934703,1060695700,1,1,high
2015-08-28,Gaklé,55.01326370239258,10.5222309,14.2649294,gakle,55.01326370239258,68.76657962799072,111.15334272384644,162.32061338424683,95.2283709455382,0.47581863,0.0,0.0,0.0,0.0,419.5437927246094,0.1879784911870956,1060707270,1,1,high
2020-09-11,Gobo,7.764495849609375,10.0676925,15.4685991,gobo,7.764495849609375,30.30659580230713,55.86555004119873,128.56245708465576,39.93637783999694,0.28518677,5.03125,5.3671875,5.9375,6.5234375,332.77789306640625,0.0152405689255484,1060754730,1,1,high
2025-08-05,Gobo,28.331424713134766,10.0676925,15.4685991,gobo,28.331424713134766,35.41428089141846,86.67986297607422,123.05577087402344,70.75069077487242,0.25083923,10.671875,10.765625,10.109375,10.390625,332.77789306640625,0.0152405689255484,1060754730,1,1,high
2007-08-05,Guémé,9.69432544708252,10.4357646,15.0771989,gueme,9.69432544708252,19.38865089416504,59.468639850616455,113.80642938613892,45.59481090550706,0.4477234,0.09375,0.09375,0.09375,0.0625,320.784423828125,0.0152405686676502,1060754730,1,1,high
2020-09-12,Guéré,8.393843650817871,,,guere,8.393843650817871,24.089221000671387,45.01638889312744,109.03800106048584,29.072989074627632,0.29519653,0.4296875,0.4609375,0.53125,0.5859375,326.00750732421875,0.0152405686676502,1060832320,1,1,high
2025-08-05,Guéré,23.845518112182617,,,guere,23.845518112182617,31.794023990631104,85.07298040390015,117.31593036651611,69.12958058540033,0.25083923,0.734375,0.765625,0.6875,0.71875,326.00750732421875,0.0152405686676502,1060832320,1,1,high
2015-08-28,Harde,48.23435592651367,,,harde,48.23435592651367,60.29294490814209,102.8100061416626,151.2724781036377,86.78291325181969,0.5003357,3.171875,3.265625,2.578125,2.40625,416.6739807128906,0.1879784911870956,1060707270,1,1,high
2020-09-12,Kaélé,13.516942977905273,,,kaele,13.516942977905273,34.7567081451416,51.49082565307617,156.12453269958496,35.67802568106669,0.4515381,5.546875,5.8203125,6.4375,7.328125,394.2374267578125,0.1879784911870956,1060832320,1,1,high
2013-09-27,Kai-Kai,0.0,10.6246579,14.9736643,kaikai,0.0,6.664578437805176,35.63127422332764,46.85294055938721,20.706558992844293,0.21588135,0.0,0.0,0.0,0.0,313.0599670410156,0.1879784911870956,1060754730,1,1,high
2020-09-12,Kai-Kai,7.6501665115356445,10.6246579,14.9736643,kaikai,7.6501665115356445,29.2713565826416,57.21340370178223,148.17018127441406,42.28868847129888,0.33372116,0.0390625,0.0390625,0.0390625,0.0390625,313.0599670410156,0.1879784911870956,1060754730,1,1,high
2025-08-05,Kai-Kai,37.5906982421875,10.6246579,14.9736643,kaikai,37.5906982421875,37.5906982421875,62.00460338592529,89.85144710540771,47.07988815544195,0.25083923,0.0,0.0,0.0,0.0,313.0599670410156,0.1879784911870956,1060754730,1,1,high
2025-08-05,Kar-Hay,19.760740280151367,,,karhay,19.760740280151367,19.760740280151367,82.43835115432739,111.9577088356018,66.67032817581415,0.25083923,0.59375,0.625,0.578125,0.59375,342.6171264648437,0.1879784911870956,1060832320,1,1,high
2007-08-05,Maga,6.929173946380615,,,maga,6.929173946380615,13.85834789276123,44.63506770133972,116.08741497993469,29.943500124579884,0.4477234,2.046875,2.75,1.71875,2.71875,308.7756652832031,0.1879784911870956,1060707270,1,1,high
2012-09-17,Maga,7.158581256866455,,,maga,7.158581256866455,10.737871885299683,27.814898252487183,45.40475416183472,13.123330675727345,0.23852539,6.2265625,5.9765625,5.1953125,5.75,308.7756652832031,0.1879784911870956,1060707270,1,1,high
2024-08-28,Maga,10.55084228515625,,,maga,10.55084228515625,14.384360313415527,47.200581312179565,112.00446021556854,32.50901373541973,0.4033203,7.2890625,8.4375,11.1328125,8.5625,308.7756652832031,0.1879784911870956,1060707270,1,1,high
2025-08-05,Maga,23.509410858154297,,,maga,23.509410858154297,23.509410858154297,62.497711181640625,85.96973323822021,47.80614360488079,0.25083923,2.765625,2.4375,2.40625,2.328125,308.7756652832031,0.1879784911870956,1060707270,1,1,high
2015-08-28,Makabaye,51.92924880981445,10.5764701,14.3011699,makabaye,51.92924880981445,64.91156101226807,107.69137907028198,154.11324167251587,91.80361491295456,0.45352554,3.890625,4.09375,2.96875,2.859375,404.8264770507813,0.1879784911870956,1060707270,1,1,high
2024-08-28,Makary,18.13011932373047,,,makary,18.13011932373047,24.88070321083069,50.96355959773064,98.88514801859856,39.35286693687213,0.43711853,0.0234375,0.0234375,0.03125,0.0390625,288.9185791015625,0.0024472374934703,1060707270,1,1,high
2020-08-31,Maroua I,28.979591369628903,10.5403214,14.2894117,marouai,28.979591369628903,86.93877220153809,170.9811248779297,222.0866289138794,155.06998766959475,0.46636963,0.0703125,0.0859375,0.0703125,0.078125,410.5362854003906,0.1879784911870956,1060707270,1,1,high
2020-08-31,Maroua II,32.10846328735352,10.6415798,14.3117543,marouaii,32.10846328735352,85.62256717681888,165.11519050598145,216.75189876556396,148.95145125528853,0.45718384,1.1875,0.4921875,1.546875,4.8515625,447.19036865234375,0.1879784911870956,1060707270,1,1,high
2021-07-01,Mora,0.0,11.1556241,14.2395159,mora,0.0,4.2233710289001465,25.010942697525024,39.47686243057251,9.831691322159278,0.12223053,0.015625,0.015625,0.015625,0.03125,332.70477294921875,0.0204014666378498,1060707270,0,1,proxy
2020-09-12,Moulvoudaye,15.557394981384277,,,moulvoudaye,15.557394981384277,33.439589977264404,58.83238410949707,157.737811088562,43.815954683780994,0.43421936,0.046875,0.0546875,0.09375,0.171875,335.166748046875,0.1879784911870956,1060754730,1,1,high
2025-08-05,Tchatibali,18.936132431030273,,,tchatibali,18.936132431030273,18.936132431030273,78.34521913528442,119.34651231765747,61.852980513561434,0.25083923,1.125,1.1875,1.078125,1.109375,351.9421081542969,0.0277432706207036,1060832320,1,1,high
2020-09-12,Vélé,8.902904510498047,,,vele,8.902904510498047,38.31489944458008,69.07853507995605,168.38964557647705,53.61354551504946,0.31472778,1092.6641,1087.9844,1062.5156,886.6797,318.514892578125,0.0152405686676502,1060754730,1,1,high
2025-08-05,Vélé,37.06937789916992,,,vele,37.06937789916992,37.06937789916992,58.269805908203125,97.02804374694824,42.80481634329653,0.25083923,1218.4062,1184.0781,854.4531,647.7031,318.514892578125,0.0152405686676502,1060754730,1,1,high
2025-08-05,Wina,21.830358505249023,,,wina,21.830358505249023,29.107144832611084,80.203773021698,116.71599054336548,64.07999724307678,0.25083923,4.640625,4.890625,4.515625,4.671875,332.6845397949219,0.0152405686676502,1060832320,1,1,high
2007-08-05,Yagoua,10.018126487731934,10.2111589,15.2469254,yagoua,10.018126487731934,20.036252975463867,48.148515701293945,113.85288333892822,32.31138894223031,0.4477234,0.75,0.640625,0.515625,0.703125,328.3748474121094,0.0152405686676502,1060832320,1,1,proxy
2021-06-01,Yagoua,9.408831596374512,10.2111589,15.2469254,yagoua,9.408831596374512,16.11324167251587,16.11324167251587,24.613167762756348,0.2761149134522327,0.15951157,0.0,0.0,0.0,0.0,328.3748474121094,0.0152405686676502,1060832320,1,1,proxy
2024-08-28,Yagoua,6.744024276733398,10.2111589,15.2469254,yagoua,6.744024276733398,19.592027187347412,62.08760952949524,107.95650482177734,46.2504827704316,0.44075012,3.6015625,3.828125,4.046875,4.1015625,328.3748474121094,0.0152405686676502,1060832320,1,1,proxy
2025-08-05,Yagoua,21.262269973754883,10.2111589,15.2469254,yagoua,21.262269973754883,21.262269973754883,78.13433313369751,109.59596300125122,62.29720637463387,0.25083923,1.921875,2.015625,1.8125,1.765625,328.3748474121094,0.0152405686676502,1060832320,1,1,proxy
2017-09-01,Zina,0.0,11.2302296,14.8939423,zina,0.0,0.0,41.983885765075684,83.67158508300781,27.32183684228577,0.370327,0.0390625,0.046875,0.0,0.0,303.95135498046875,0.0204014666378498,1060707270,1,1,high
2019-10-01,Zina,6.180963039398193,11.2302296,14.8939423,zina,6.180963039398193,42.10856103897095,71.8771424293518,89.00174951553345,57.21509350656189,0.29006577,0.046875,0.046875,0.0390625,0.0390625,303.95135498046875,0.0204014666378498,1060707270,1,1,high
2024-08-28,Zina,12.968536376953125,11.2302296,14.8939423,zina,12.968536376953125,16.24984222650528,56.350103318691254,117.66369038820267,41.68805439590134,0.4009056,0.0078125,0.015625,0.0078125,0.0,303.95135498046875,0.0204014666378498,1060707270,1,1,high
2005-01-14,Blangoua,0.0,12.7744071,14.603641,blangoua,0.0,0.0,0.0,0.0,-8.549684275845982,0.19676208,300.79688,303.5625,309.28125,322.17188,287.3567199707031,0.0024472374934703,1060695700,0,0,high
2005-01-15,Blangoua,0.0,12.7744071,14.603641,blangoua,0.0,0.0,0.0,0.0,-8.549684275845982,0.19677734,298.04688,300.79688,306.35938,318.82812,287.3567199707031,0.0024472374934703,1060695700,0,0,high
2005-01-16,Blangoua,0.0,12.7744071,14.603641,blangoua,0.0,0.0,0.0,0.0,-8.549684275845982,0.19680786,295.3125,298.04688,303.5625,315.54688,287.3567199707031,0.0024472374934703,1060695700,0,0,high
2005-01-17,Blangoua,0.0,12.7744071,14.603641,blangoua,0.0,0.0,0.0,0.0,-8.549684275845982,0.19683838,292.625,295.3125,300.79688,312.34375,287.3567199707031,0.0024472374934703,1060695700,0,0,high
2005-01-18,Blangoua,0.0,12.7744071,14.603641,blangoua,0.0,0.0,0.0,0.0,-8.549684275845982,0.1968689,284.34375,292.625,298.04688,309.28125,287.3567199707031,0.0024472374934703,1060695700,0,0,high
2005-01-19,Blangoua,0.0,12.7744071,14.603641,blangoua,0.0,0.0,0.0,0.0,-8.549684275845982,0.19689941,274.3125,284.34375,295.3125,306.35938,287.3567199707031,0.0024472374934703,1060695700,0,0,high
2005-01-20,Blangoua,0.0,12.7744071,14.603641,blangoua,0.0,0.0,0.0,0.0,-8.549684275845982,0.19689941,269.21875,274.3125,292.625,303.5625,287.3567199707031,0.0024472374934703,1060695700,0,0,high
2005-01-21,Blangoua,0.0,12.7744071,14.603641,blangoua,0.0,0.0,0.0,0.0,-8.549684275845982,0.19691467,266.32812,269.21875,284.34375,300.79688,287.3567199707031,0.0024472374934703,1060695700,0,0,high
2005-01-22,Blangoua,0.0,12.7744071,14.603641,blangoua,0.0,0.0,0.0,0.0,-8.549684275845982,0.19692993,263.85938,266.32812,274.3125,298.04688,287.3567199707031,0.0024472374934703,1060695700,0,0,high
2005-01-23,Blangoua,0.0,12.7744071,14.603641,blangoua,0.0,0.0,0.0,0.0,-8.549684275845982,0.19696045,261.59375,263.85938,269.21875,295.3125,287.3567199707031,0.0024472374934703,1060695700,0,0,high
2005-01-14,Darak,0.0,12.7712781,14.3276351,darak,0.0,0.0,0.0,0.0,-8.351136941000373,0.19676208,0.0,0.0,0.0,0.0,282.91015625,0.0024472374934703,1060695540,0,0,high
2005-01-15,Darak,0.0,12.7712781,14.3276351,darak,0.0,0.0,0.0,0.0,-8.351136941000373,0.19677734,0.0,0.0,0.0,0.0,282.91015625,0.0024472374934703,1060695540,0,0,high
2005-01-16,Darak,0.0,12.7712781,14.3276351,darak,0.0,0.0,0.0,0.0,-8.351136941000373,0.19680786,0.0,0.0,0.0,0.0,282.91015625,0.0024472374934703,1060695540,0,0,high
2005-01-17,Darak,0.0,12.7712781,14.3276351,darak,0.0,0.0,0.0,0.0,-8.351136941000373,0.19683838,0.0,0.0,0.0,0.0,282.91015625,0.0024472374934703,1060695540,0,0,high
2005-01-18,Darak,0.0,12.7712781,14.3276351,darak,0.0,0.0,0.0,0.0,-8.351136941000373,0.1968689,0.0,0.0,0.0,0.0,282.91015625,0.0024472374934703,1060695540,0,0,high
2005-01-19,Darak,0.0,12.7712781,14.3276351,darak,0.0,0.0,0.0,0.0,-8.351136941000373,0.19689941,0.0,0.0,0.0,0.0,282.91015625,0.0024472374934703,1060695540,0,0,high
2005-01-20,Darak,0.0,12.7712781,14.3276351,darak,0.0,0.0,0.0,0.0,-8.351136941000373,0.19689941,0.0,0.0,0.0,0.0,282.91015625,0.0024472374934703,1060695540,0,0,high
2005-01-21,Darak,0.0,12.7712781,14.3276351,darak,0.0,0.0,0.0,0.0,-8.351136941000373,0.19691467,0.0,0.0,0.0,0.0,282.91015625,0.0024472374934703,1060695540,0,0,high
2005-01-22,Darak,0.0,12.7712781,14.3276351,darak,0.0,0.0,0.0,0.0,-8.351136941000373,0.19692993,0.0,0.0,0.0,0.0,282.91015625,0.0024472374934703,1060695540,0,0,high
2005-01-23,Darak,0.0,12.7712781,14.3276351,darak,0.0,0.0,0.0,0.0,-8.351136941000373,0.19696045,0.0,0.0,0.0,0.0,282.91015625,0.0024472374934703,1060695540,0,0,high
2005-01-14,Datchéka,0.0,,,datcheka,0.0,0.0,0.0,0.0,-16.06365376211541,0.19676208,0.0,0.0,0.0,0.0,343.99566650390625,0.0152405686676502,1060832320,0,0,high
2005-01-15,Datchéka,0.0,,,datcheka,0.0,0.0,0.0,0.0,-16.06365376211541,0.19677734,0.0,0.0,0.0,0.0,343.99566650390625,0.0152405686676502,1060832320,0,0,high
2005-01-16,Datchéka,0.0,,,datcheka,0.0,0.0,0.0,0.0,-16.06365376211541,0.19680786,0.0,0.0,0.0,0.0,343.99566650390625,0.0152405686676502,1060832320,0,0,high
2005-01-17,Datchéka,0.0,,,datcheka,0.0,0.0,0.0,0.0,-16.06365376211541,0.19683838,0.0,0.0,0.0,0.0,343.99566650390625,0.0152405686676502,1060832320,0,0,high
2005-01-18,Datchéka,0.0,,,datcheka,0.0,0.0,0.0,0.0,-16.06365376211541,0.1968689,0.0,0.0,0.0,0.0,343.99566650390625,0.0152405686676502,1060832320,0,0,high
2005-01-19,Datchéka,0.0,,,datcheka,0.0,0.0,0.0,0.0,-16.06365376211541,0.19689941,0.0,0.0,0.0,0.0,343.99566650390625,0.0152405686676502,1060832320,0,0,high
2005-01-20,Datchéka,0.0,,,datcheka,0.0,0.0,0.0,0.0,-16.06365376211541,0.19689941,0.0,0.0,0.0,0.0,343.99566650390625,0.0152405686676502,1060832320,0,0,high
2005-01-21,Datchéka,0.0,,,datcheka,0.0,0.0,0.0,0.0,-16.06365376211541,0.19691467,0.0,0.0,0.0,0.0,343.99566650390625,0.0152405686676502,1060832320,0,0,high
2005-01-22,Datchéka,0.0,,,datcheka,0.0,0.0,0.0,0.0,-16.06365376211541,0.19692993,0.0,0.0,0.0,0.0,343.99566650390625,0.0152405686676502,1060832320,0,0,high
2005-01-23,Datchéka,0.0,,,datcheka,0.0,0.0,0.0,0.0,-16.06365376211541,0.19696045,0.0,0.0,0.0,0.0,343.99566650390625,0.0152405686676502,1060832320,0,0,high
2005-01-14,Djarèngol,0.0,10.5252741,14.2073945,djarengol,0.0,0.0,0.0,0.0,-14.657092291875388,0.19676208,2.53125,2.53125,2.53125,2.53125,436.4678649902344,0.1879784911870956,1060707270,0,0,high
2005-01-15,Djarèngol,0.0,10.5252741,14.2073945,djarengol,0.0,0.0,0.0,0.0,-14.657092291875388,0.19677734,2.515625,2.53125,2.53125,2.53125,436.4678649902344,0.1879784911870956,1060707270,0,0,high
2005-01-16,Djarèngol,0.0,10.5252741,14.2073945,djarengol,0.0,0.0,0.0,0.0,-14.657092291875388,0.19680786,2.5,2.515625,2.53125,2.53125,436.4678649902344,0.1879784911870956,1060707270,0,0,high
2005-01-17,Djarèngol,0.0,10.5252741,14.2073945,djarengol,0.0,0.0,0.0,0.0,-14.657092291875388,0.19683838,2.5,2.5,2.53125,2.53125,436.4678649902344,0.1879784911870956,1060707270,0,0,high
2005-01-18,Djarèngol,0.0,10.5252741,14.2073945,djarengol,0.0,0.0,0.0,0.0,-14.657092291875388,0.1968689,2.5,2.5,2.515625,2.53125,436.4678649902344,0.1879784911870956,1060707270,0,0,high
2005-01-19,Djarèngol,0.0,10.5252741,14.2073945,djarengol,0.0,0.0,0.0,0.0,-14.657092291875388,0.19689941,2.5,2.5,2.5,2.53125,436.4678649902344,0.1879784911870956,1060707270,0,0,high
2005-01-20,Djarèngol,0.0,10.5252741,14.2073945,djarengol,0.0,0.0,0.0,0.0,-14.657092291875388,0.19689941,2.5,2.5,2.5,2.53125,436.4678649902344,0.1879784911870956,1060707270,0,0,high
2005-01-21,Djarèngol,0.0,10.5252741,14.2073945,djarengol,0.0,0.0,0.0,0.0,-14.657092291875388,0.19691467,2.5,2.5,2.5,2.53125,436.4678649902344,0.1879784911870956,1060707270,0,0,high
2005-01-22,Djarèngol,0.0,10.5252741,14.2073945,djarengol,0.0,0.0,0.0,0.0,-14.657092291875388,0.19692993,2.484375,2.5,2.5,2.515625,436.4678649902344,0.1879784911870956,1060707270,0,0,high
2005-01-23,Djarèngol,0.0,10.5252741,14.2073945,djarengol,0.0,0.0,0.0,0.0,-14.657092291875388,0.19696045,2.5,2.484375,2.5,2.5,436.4678649902344,0.1879784911870956,1060707270,0,0,high
2005-01-14,Dougui,0.0,12.6249042,14.9787219,dougui,0.0,0.0,0.0,0.0,-11.442185829437568,0.19676208,0.0,0.0,0.0,0.0,289.944580078125,0.0024472374934703,1060695700,0,0,high
2005-01-15,Dougui,0.0,12.6249042,14.9787219,dougui,0.0,0.0,0.0,0.0,-11.442185829437568,0.19677734,0.0,0.0,0.0,0.0,289.944580078125,0.0024472374934703,1060695700,0,0,high
2005-01-16,Dougui,0.0,12.6249042,14.9787219,dougui,0.0,0.0,0.0,0.0,-11.442185829437568,0.19680786,0.0,0.0,0.0,0.0,289.944580078125,0.0024472374934703,1060695700,0,0,high
2005-01-17,Dougui,0.0,12.6249042,14.9787219,dougui,0.0,0.0,0.0,0.0,-11.442185829437568,0.19683838,0.0,0.0,0.0,0.0,289.944580078125,0.0024472374934703,1060695700,0,0,high
2005-01-18,Dougui,0.0,12.6249042,14.9787219,dougui,0.0,0.0,0.0,0.0,-11.442185829437568,0.1968689,0.0,0.0,0.0,0.0,289.944580078125,0.0024472374934703,1060695700,0,0,high
2005-01-19,Dougui,0.0,12.6249042,14.9787219,dougui,0.0,0.0,0.0,0.0,-11.442185829437568,0.19689941,0.0,0.0,0.0,0.0,289.944580078125,0.0024472374934703,1060695700,0,0,high
2005-01-20,Dougui,0.0,12.6249042,14.9787219,dougui,0.0,0.0,0.0,0.0,-11.442185829437568,0.19689941,0.0,0.0,0.0,0.0,289.944580078125,0.0024472374934703,1060695700,0,0,high
2005-01-21,Dougui,0.0,12.6249042,14.9787219,dougui,0.0,0.0,0.0,0.0,-11.442185829437568,0.19691467,0.0,0.0,0.0,0.0,289.944580078125,0.0024472374934703,1060695700,0,0,high
2005-01-22,Dougui,0.0,12.6249042,14.9787219,dougui,0.0,0.0,0.0,0.0,-11.442185829437568,0.19692993,0.0,0.0,0.0,0.0,289.944580078125,0.0024472374934703,1060695700,0,0,high
2005-01-23,Dougui,0.0,12.6249042,14.9787219,dougui,0.0,0.0,0.0,0.0,-11.442185829437568,0.19696045,0.0,0.0,0.0,0.0,289.944580078125,0.0024472374934703,1060695700,0,0,high
2005-01-14,Gaklé,0.0,10.5222309,14.2649294,gakle,0.0,0.0,0.0,0.0,-15.924971778308231,0.19676208,0.0,0.0,0.0,0.0,419.5437927246094,0.1879784911870956,1060707270,0,0,high
2005-01-15,Gaklé,0.0,10.5222309,14.2649294,gakle,0.0,0.0,0.0,0.0,-15.924971778308231,0.19677734,0.0,0.0,0.0,0.0,419.5437927246094,0.1879784911870956,1060707270,0,0,high
2005-01-16,Gaklé,0.0,10.5222309,14.2649294,gakle,0.0,0.0,0.0,0.0,-15.924971778308231,0.19680786,0.0,0.0,0.0,0.0,419.5437927246094,0.1879784911870956,1060707270,0,0,high
2005-01-17,Gaklé,0.0,10.5222309,14.2649294,gakle,0.0,0.0,0.0,0.0,-15.924971778308231,0.19683838,0.0,0.0,0.0,0.0,419.5437927246094,0.1879784911870956,1060707270,0,0,high
2005-01-18,Gaklé,0.0,10.5222309,14.2649294,gakle,0.0,0.0,0.0,0.0,-15.924971778308231,0.1968689,0.0,0.0,0.0,0.0,419.5437927246094,0.1879784911870956,1060707270,0,0,high
2005-01-19,Gaklé,0.0,10.5222309,14.2649294,gakle,0.0,0.0,0.0,0.0,-15.924971778308231,0.19689941,0.0,0.0,0.0,0.0,419.5437927246094,0.1879784911870956,1060707270,0,0,high
2005-01-20,Gaklé,0.0,10.5222309,14.2649294,gakle,0.0,0.0,0.0,0.0,-15.924971778308231,0.19689941,0.0,0.0,0.0,0.0,419.5437927246094,0.1879784911870956,1060707270,0,0,high
2005-01-21,Gaklé,0.0,10.5222309,14.2649294,gakle,0.0,0.0,0.0,0.0,-15.924971778308231,0.19691467,0.0,0.0,0.0,0.0,419.5437927246094,0.1879784911870956,1060707270,0,0,high
2005-01-22,Gaklé,0.0,10.5222309,14.2649294,gakle,0.0,0.0,0.0,0.0,-15.924971778308231,0.19692993,0.0,0.0,0.0,0.0,419.5437927246094,0.1879784911870956,1060707270,0,0,high
2005-01-23,Gaklé,0.0,10.5222309,14.2649294,gakle,0.0,0.0,0.0,0.0,-15.924971778308231,0.19696045,0.0,0.0,0.0,0.0,419.5437927246094,0.1879784911870956,1060707270,0,0,high
2005-01-14,Gobo,0.0,10.0676925,15.4685991,gobo,0.0,0.0,0.0,0.0,-15.929172201201789,0.19676208,0.0,0.0,0.0,0.0,332.77789306640625,0.0152405689255484,1060754730,0,0,high
2005-01-15,Gobo,0.0,10.0676925,15.4685991,gobo,0.0,0.0,0.0,0.0,-15.929172201201789,0.19677734,0.0,0.0,0.0,0.0,332.77789306640625,0.0152405689255484,1060754730,0,0,high
2005-01-16,Gobo,0.0,10.0676925,15.4685991,gobo,0.0,0.0,0.0,0.0,-15.929172201201789,0.19680786,0.0,0.0,0.0,0.0,332.77789306640625,0.0152405689255484,1060754730,0,0,high
2005-01-17,Gobo,0.0,10.0676925,15.4685991,gobo,0.0,0.0,0.0,0.0,-15.929172201201789,0.19683838,0.0,0.0,0.0,0.0,332.77789306640625,0.0152405689255484,1060754730,0,0,high
2005-01-18,Gobo,0.0,10.0676925,15.4685991,gobo,0.0,0.0,0.0,0.0,-15.929172201201789,0.1968689,0.0,0.0,0.0,0.0,332.77789306640625,0.0152405689255484,1060754730,0,0,high
2005-01-19,Gobo,0.0,10.0676925,15.4685991,gobo,0.0,0.0,0.0,0.0,-15.929172201201789,0.19689941,0.0,0.0,0.0,0.0,332.77789306640625,0.0152405689255484,1060754730,0,0,high
2005-01-20,Gobo,0.0,10.0676925,15.4685991,gobo,0.0,0.0,0.0,0.0,-15.929172201201789,0.19689941,0.0,0.0,0.0,0.0,332.77789306640625,0.0152405689255484,1060754730,0,0,high
2005-01-21,Gobo,0.0,10.0676925,15.4685991,gobo,0.0,0.0,0.0,0.0,-15.929172201201789,0.19691467,0.0,0.0,0.0,0.0,332.77789306640625,0.0152405689255484,1060754730,0,0,high
2005-01-22,Gobo,0.0,10.0676925,15.4685991,gobo,0.0,0.0,0.0,0.0,-15.929172201201789,0.19692993,0.0,0.0,0.0,0.0,332.77789306640625,0.0152405689255484,1060754730,0,0,high
2005-01-23,Gobo,0.0,10.0676925,15.4685991,gobo,0.0,0.0,0.0,0.0,-15.929172201201789,0.19696045,0.0,0.0,0.0,0.0,332.77789306640625,0.0152405689255484,1060754730,0,0,high
2005-01-14,Guémé,0.0,10.4357646,15.0771989,gueme,0.0,0.0,0.0,0.0,-13.873828945109393,0.19676208,0.0,0.0,0.0,0.0,320.784423828125,0.0152405686676502,1060754730,0,0,high
2005-01-15,Guémé,0.0,10.4357646,15.0771989,gueme,0.0,0.0,0.0,0.0,-13.873828945109393,0.19677734,0.0,0.0,0.0,0.0,320.784423828125,0.0152405686676502,1060754730,0,0,high
2005-01-16,Guémé,0.0,10.4357646,15.0771989,gueme,0.0,0.0,0.0,0.0,-13.873828945109393,0.19680786,0.0,0.0,0.0,0.0,320.784423828125,0.0152405686676502,1060754730,0,0,high
2005-01-17,Guémé,0.0,10.4357646,15.0771989,gueme,0.0,0.0,0.0,0.0,-13.873828945109393,0.19683838,0.0,0.0,0.0,0.0,320.784423828125,0.0152405686676502,1060754730,0,0,high
2005-01-18,Guémé,0.0,10.4357646,15.0771989,gueme,0.0,0.0,0.0,0.0,-13.873828945109393,0.1968689,0.0,0.0,0.0,0.0,320.784423828125,0.0152405686676502,1060754730,0,0,high
2005-01-19,Guémé,0.0,10.4357646,15.0771989,gueme,0.0,0.0,0.0,0.0,-13.873828945109393,0.19689941,0.0,0.0,0.0,0.0,320.784423828125,0.0152405686676502,1060754730,0,0,high
2005-01-20,Guémé,0.0,10.4357646,15.0771989,gueme,0.0,0.0,0.0,0.0,-13.873828945109393,0.19689941,0.0,0.0,0.0,0.0,320.784423828125,0.0152405686676502,1060754730,0,0,high
2005-01-21,Guémé,0.0,10.4357646,15.0771989,gueme,0.0,0.0,0.0,0.0,-13.873828945109393,0.19691467,0.0,0.0,0.0,0.0,320.784423828125,0.0152405686676502,1060754730,0,0,high
2005-01-22,Guémé,0.0,10.4357646,15.0771989,gueme,0.0,0.0,0.0,0.0,-13.873828945109393,0.19692993,0.0,0.0,0.0,0.0,320.784423828125,0.0152405686676502,1060754730,0,0,high
2005-01-23,Guémé,0.0,10.4357646,15.0771989,gueme,0.0,0.0,0.0,0.0,-13.873828945109393,0.19696045,0.0,0.0,0.0,0.0,320.784423828125,0.0152405686676502,1060754730,0,0,high
2005-01-14,Guéré,0.0,,,guere,0.0,0.0,0.0,0.0,-15.94339981849981,0.19676208,0.0,0.0,0.0,0.0,326.00750732421875,0.0152405686676502,1060832320,0,0,high
2005-01-15,Guéré,0.0,,,guere,0.0,0.0,0.0,0.0,-15.94339981849981,0.19677734,0.0,0.0,0.0,0.0,326.00750732421875,0.0152405686676502,1060832320,0,0,high
2005-01-16,Guéré,0.0,,,guere,0.0,0.0,0.0,0.0,-15.94339981849981,0.19680786,0.0,0.0,0.0,0.0,326.00750732421875,0.0152405686676502,1060832320,0,0,high
2005-01-17,Guéré,0.0,,,guere,0.0,0.0,0.0,0.0,-15.94339981849981,0.19683838,0.0,0.0,0.0,0.0,326.00750732421875,0.0152405686676502,1060832320,0,0,high
2005-01-18,Guéré,0.0,,,guere,0.0,0.0,0.0,0.0,-15.94339981849981,0.1968689,0.0,0.0,0.0,0.0,326.00750732421875,0.0152405686676502,1060832320,0,0,high
2005-01-19,Guéré,0.0,,,guere,0.0,0.0,0.0,0.0,-15.94339981849981,0.19689941,0.0,0.0,0.0,0.0,326.00750732421875,0.0152405686676502,1060832320,0,0,high
2005-01-20,Guéré,0.0,,,guere,0.0,0.0,0.0,0.0,-15.94339981849981,0.19689941,0.0,0.0,0.0,0.0,326.00750732421875,0.0152405686676502,1060832320,0,0,high
2005-01-21,Guéré,0.0,,,guere,0.0,0.0,0.0,0.0,-15.94339981849981,0.19691467,0.0,0.0,0.0,0.0,326.00750732421875,0.0152405686676502,1060832320,0,0,high
2005-01-22,Guéré,0.0,,,guere,0.0,0.0,0.0,0.0,-15.94339981849981,0.19692993,0.0,0.0,0.0,0.0,326.00750732421875,0.0152405686676502,1060832320,0,0,high
2005-01-23,Guéré,0.0,,,guere,0.0,0.0,0.0,0.0,-15.94339981849981,0.19696045,0.0,0.0,0.0,0.0,326.00750732421875,0.0152405686676502,1060832320,0,0,high
2005-01-14,Harde,0.0,,,harde,0.0,0.0,0.0,0.0,-16.0270928898429,0.19676208,2.609375,2.609375,2.609375,2.609375,416.6739807128906,0.1879784911870956,1060707270,0,0,high
2005-01-15,Harde,0.0,,,harde,0.0,0.0,0.0,0.0,-16.0270928898429,0.19677734,2.59375,2.609375,2.609375,2.609375,416.6739807128906,0.1879784911870956,1060707270,0,0,high
2005-01-16,Harde,0.0,,,harde,0.0,0.0,0.0,0.0,-16.0270928898429,0.19680786,2.578125,2.59375,2.609375,2.609375,416.6739807128906,0.1879784911870956,1060707270,0,0,high
2005-01-17,Harde,0.0,,,harde,0.0,0.0,0.0,0.0,-16.0270928898429,0.19683838,2.578125,2.578125,2.609375,2.609375,416.6739807128906,0.1879784911870956,1060707270,0,0,high
2005-01-18,Harde,0.0,,,harde,0.0,0.0,0.0,0.0,-16.0270928898429,0.1968689,2.578125,2.578125,2.59375,2.609375,416.6739807128906,0.1879784911870956,1060707270,0,0,high
2005-01-19,Harde,0.0,,,harde,0.0,0.0,0.0,0.0,-16.0270928898429,0.19689941,2.578125,2.578125,2.578125,2.609375,416.6739807128906,0.1879784911870956,1060707270,0,0,high
2005-01-20,Harde,0.0,,,harde,0.0,0.0,0.0,0.0,-16.0270928898429,0.19689941,2.578125,2.578125,2.578125,2.609375,416.6739807128906,0.1879784911870956,1060707270,0,0,high
2005-01-21,Harde,0.0,,,harde,0.0,0.0,0.0,0.0,-16.0270928898429,0.19691467,2.578125,2.578125,2.578125,2.609375,416.6739807128906,0.1879784911870956,1060707270,0,0,high
2005-01-22,Harde,0.0,,,harde,0.0,0.0,0.0,0.0,-16.0270928898429,0.19692993,2.5625,2.578125,2.578125,2.59375,416.6739807128906,0.1879784911870956,1060707270,0,0,high
2005-01-23,Harde,0.0,,,harde,0.0,0.0,0.0,0.0,-16.0270928898429,0.19696045,2.5625,2.5625,2.578125,2.578125,416.6739807128906,0.1879784911870956,1060707270,0,0,high
2005-01-14,Hilé - Alifa,0.0,12.6840971,14.350398,hilealifa,0.0,0.0,0.0,0.0,-9.807517264300024,0.19676208,0.0,0.0,0.0,0.0,282.8954772949219,0.0024472374934703,1060695540,0,0,high
2005-01-15,Hilé - Alifa,0.0,12.6840971,14.350398,hilealifa,0.0,0.0,0.0,0.0,-9.807517264300024,0.19677734,0.0,0.0,0.0,0.0,282.8954772949219,0.0024472374934703,1060695540,0,0,high
2005-01-16,Hilé - Alifa,0.0,12.6840971,14.350398,hilealifa,0.0,0.0,0.0,0.0,-9.807517264300024,0.19680786,0.0,0.0,0.0,0.0,282.8954772949219,0.0024472374934703,1060695540,0,0,high
2005-01-17,Hilé - Alifa,0.0,12.6840971,14.350398,hilealifa,0.0,0.0,0.0,0.0,-9.807517264300024,0.19683838,0.0,0.0,0.0,0.0,282.8954772949219,0.0024472374934703,1060695540,0,0,high
2005-01-18,Hilé - Alifa,0.0,12.6840971,14.350398,hilealifa,0.0,0.0,0.0,0.0,-9.807517264300024,0.1968689,0.0,0.0,0.0,0.0,282.8954772949219,0.0024472374934703,1060695540,0,0,high
2005-01-19,Hilé - Alifa,0.0,12.6840971,14.350398,hilealifa,0.0,0.0,0.0,0.0,-9.807517264300024,0.19689941,0.0,0.0,0.0,0.0,282.8954772949219,0.0024472374934703,1060695540,0,0,high
2005-01-20,Hilé - Alifa,0.0,12.6840971,14.350398,hilealifa,0.0,0.0,0.0,0.0,-9.807517264300024,0.19689941,0.0,0.0,0.0,0.0,282.8954772949219,0.0024472374934703,1060695540,0,0,high
2005-01-21,Hilé - Alifa,0.0,12.6840971,14.350398,hilealifa,0.0,0.0,0.0,0.0,-9.807517264300024,0.19691467,0.0,0.0,0.0,0.0,282.8954772949219,0.0024472374934703,1060695540,0,0,high
2005-01-22,Hilé - Alifa,0.0,12.6840971,14.350398,hilealifa,0.0,0.0,0.0,0.0,-9.807517264300024,0.19692993,0.0,0.0,0.0,0.0,282.8954772949219,0.0024472374934703,1060695540,0,0,high
2005-01-23,Hilé - Alifa,0.0,12.6840971,14.350398,hilealifa,0.0,0.0,0.0,0.0,-9.807517264300024,0.19696045,0.0,0.0,0.0,0.0,282.8954772949219,0.0024472374934703,1060695540,0,0,high
2005-01-14,Hina,0.0,10.3304094,13.822817,hina,0.0,0.0,0.0,0.0,-18.424824189888792,0.19676208,0.0,0.0,0.0,0.0,627.6494750976562,0.0360344015061855,1060832310,0,0,high
2005-01-15,Hina,0.0,10.3304094,13.822817,hina,0.0,0.0,0.0,0.0,-18.424824189888792,0.19677734,0.0,0.0,0.0,0.0,627.6494750976562,0.0360344015061855,1060832310,0,0,high
2005-01-16,Hina,0.0,10.3304094,13.822817,hina,0.0,0.0,0.0,0.0,-18.424824189888792,0.19680786,0.0,0.0,0.0,0.0,627.6494750976562,0.0360344015061855,1060832310,0,0,high
2005-01-17,Hina,0.0,10.3304094,13.822817,hina,0.0,0.0,0.0,0.0,-18.424824189888792,0.19683838,0.0,0.0,0.0,0.0,627.6494750976562,0.0360344015061855,1060832310,0,0,high
2005-01-18,Hina,0.0,10.3304094,13.822817,hina,0.0,0.0,0.0,0.0,-18.424824189888792,0.1968689,0.0,0.0,0.0,0.0,627.6494750976562,0.0360344015061855,1060832310,0,0,high
2005-01-19,Hina,0.0,10.3304094,13.822817,hina,0.0,0.0,0.0,0.0,-18.424824189888792,0.19689941,0.0,0.0,0.0,0.0,627.6494750976562,0.0360344015061855,1060832310,0,0,high
2005-01-20,Hina,0.0,10.3304094,13.822817,hina,0.0,0.0,0.0,0.0,-18.424824189888792,0.19689941,0.0,0.0,0.0,0.0,627.6494750976562,0.0360344015061855,1060832310,0,0,high
2005-01-21,Hina,0.0,10.3304094,13.822817,hina,0.0,0.0,0.0,0.0,-18.424824189888792,0.19691467,0.0,0.0,0.0,0.0,627.6494750976562,0.0360344015061855,1060832310,0,0,high
2005-01-22,Hina,0.0,10.3304094,13.822817,hina,0.0,0.0,0.0,0.0,-18.424824189888792,0.19692993,0.0,0.0,0.0,0.0,627.6494750976562,0.0360344015061855,1060832310,0,0,high
2005-01-23,Hina,0.0,10.3304094,13.822817,hina,0.0,0.0,0.0,0.0,-18.424824189888792,0.19696045,0.0,0.0,0.0,0.0,627.6494750976562,0.0360344015061855,1060832310,0,0,high
2005-01-14,Kaélé,0.0,,,kaele,0.0,0.0,0.0,0.0,-15.81279997200948,0.19676208,0.0,0.0,0.0,0.0,394.2374267578125,0.1879784911870956,1060832320,0,0,high
2005-01-15,Kaélé,0.0,,,kaele,0.0,0.0,0.0,0.0,-15.81279997200948,0.19677734,0.0,0.0,0.0,0.0,394.2374267578125,0.1879784911870956,1060832320,0,0,high
2005-01-16,Kaélé,0.0,,,kaele,0.0,0.0,0.0,0.0,-15.81279997200948,0.19680786,0.0,0.0,0.0,0.0,394.2374267578125,0.1879784911870956,1060832320,0,0,high
2005-01-17,Kaélé,0.0,,,kaele,0.0,0.0,0.0,0.0,-15.81279997200948,0.19683838,0.0,0.0,0.0,0.0,394.2374267578125,0.1879784911870956,1060832320,0,0,high
2005-01-18,Kaélé,0.0,,,kaele,0.0,0.0,0.0,0.0,-15.81279997200948,0.1968689,0.0,0.0,0.0,0.0,394.2374267578125,0.1879784911870956,1060832320,0,0,high
2005-01-19,Kaélé,0.0,,,kaele,0.0,0.0,0.0,0.0,-15.81279997200948,0.19689941,0.0,0.0,0.0,0.0,394.2374267578125,0.1879784911870956,1060832320,0,0,high
2005-01-20,Kaélé,0.0,,,kaele,0.0,0.0,0.0,0.0,-15.81279997200948,0.19689941,0.0,0.0,0.0,0.0,394.2374267578125,0.1879784911870956,1060832320,0,0,high
2005-01-21,Kaélé,0.0,,,kaele,0.0,0.0,0.0,0.0,-15.81279997200948,0.19691467,0.0,0.0,0.0,0.0,394.2374267578125,0.1879784911870956,1060832320,0,0,high
2005-01-22,Kaélé,0.0,,,kaele,0.0,0.0,0.0,0.0,-15.81279997200948,0.19692993,0.0,0.0,0.0,0.0,394.2374267578125,0.1879784911870956,1060832320,0,0,high
2005-01-23,Kaélé,0.0,,,kaele,0.0,0.0,0.0,0.0,-15.81279997200948,0.19696045,0.0,0.0,0.0,0.0,394.2374267578125,0.1879784911870956,1060832320,0,0,high
2005-01-14,Kai-Kai,0.0,10.6246579,14.9736643,kaikai,0.0,0.0,0.0,0.0,-14.924715230483343,0.19676208,0.0,0.0,0.0,0.0,313.0599670410156,0.1879784911870956,1060754730,0,0,high
2005-01-15,Kai-Kai,0.0,10.6246579,14.9736643,kaikai,0.0,0.0,0.0,0.0,-14.924715230483343,0.19677734,0.0,0.0,0.0,0.0,313.0599670410156,0.1879784911870956,1060754730,0,0,high
2005-01-16,Kai-Kai,0.0,10.6246579,14.9736643,kaikai,0.0,0.0,0.0,0.0,-14.924715230483343,0.19680786,0.0,0.0,0.0,0.0,313.0599670410156,0.1879784911870956,1060754730,0,0,high
2005-01-17,Kai-Kai,0.0,10.6246579,14.9736643,kaikai,0.0,0.0,0.0,0.0,-14.924715230483343,0.19683838,0.0,0.0,0.0,0.0,313.0599670410156,0.1879784911870956,1060754730,0,0,high
2005-01-18,Kai-Kai,0.0,10.6246579,14.9736643,kaikai,0.0,0.0,0.0,0.0,-14.924715230483343,0.1968689,0.0,0.0,0.0,0.0,313.0599670410156,0.1879784911870956,1060754730,0,0,high
2005-01-19,Kai-Kai,0.0,10.6246579,14.9736643,kaikai,0.0,0.0,0.0,0.0,-14.924715230483343,0.19689941,0.0,0.0,0.0,0.0,313.0599670410156,0.1879784911870956,1060754730,0,0,high
2005-01-20,Kai-Kai,0.0,10.6246579,14.9736643,kaikai,0.0,0.0,0.0,0.0,-14.924715230483343,0.19689941,0.0,0.0,0.0,0.0,313.0599670410156,0.1879784911870956,1060754730,0,0,high
2005-01-21,Kai-Kai,0.0,10.6246579,14.9736643,kaikai,0.0,0.0,0.0,0.0,-14.924715230483343,0.19691467,0.0,0.0,0.0,0.0,313.0599670410156,0.1879784911870956,1060754730,0,0,high
2005-01-22,Kai-Kai,0.0,10.6246579,14.9736643,kaikai,0.0,0.0,0.0,0.0,-14.924715230483343,0.19692993,0.0,0.0,0.0,0.0,313.0599670410156,0.1879784911870956,1060754730,0,0,high
2005-01-23,Kai-Kai,0.0,10.6246579,14.9736643,kaikai,0.0,0.0,0.0,0.0,-14.924715230483343,0.19696045,0.0,0.0,0.0,0.0,313.0599670410156,0.1879784911870956,1060754730,0,0,high
2005-01-14,Kar-Hay,0.0,,,karhay,0.0,0.0,0.0,0.0,-15.768022978513246,0.19676208,0.0,0.0,0.0,0.0,342.6171264648437,0.1879784911870956,1060832320,0,0,high
2005-01-15,Kar-Hay,0.0,,,karhay,0.0,0.0,0.0,0.0,-15.768022978513246,0.19677734,0.0,0.0,0.0,0.0,342.6171264648437,0.1879784911870956,1060832320,0,0,high
2005-01-16,Kar-Hay,0.0,,,karhay,0.0,0.0,0.0,0.0,-15.768022978513246,0.19680786,0.0,0.0,0.0,0.0,342.6171264648437,0.1879784911870956,1060832320,0,0,high
2005-01-17,Kar-Hay,0.0,,,karhay,0.0,0.0,0.0,0.0,-15.768022978513246,0.19683838,0.0,0.0,0.0,0.0,342.6171264648437,0.1879784911870956,1060832320,0,0,high
2005-01-18,Kar-Hay,0.0,,,karhay,0.0,0.0,0.0,0.0,-15.768022978513246,0.1968689,0.0,0.0,0.0,0.0,342.6171264648437,0.1879784911870956,1060832320,0,0,high
2005-01-19,Kar-Hay,0.0,,,karhay,0.0,0.0,0.0,0.0,-15.768022978513246,0.19689941,0.0,0.0,0.0,0.0,342.6171264648437,0.1879784911870956,1060832320,0,0,high
2005-01-20,Kar-Hay,0.0,,,karhay,0.0,0.0,0.0,0.0,-15.768022978513246,0.19689941,0.0,0.0,0.0,0.0,342.6171264648437,0.1879784911870956,1060832320,0,0,high
2005-01-21,Kar-Hay,0.0,,,karhay,0.0,0.0,0.0,0.0,-15.768022978513246,0.19691467,0.0,0.0,0.0,0.0,342.6171264648437,0.1879784911870956,1060832320,0,0,high
2005-01-22,Kar-Hay,0.0,,,karhay,0.0,0.0,0.0,0.0,-15.768022978513246,0.19692993,0.0,0.0,0.0,0.0,342.6171264648437,0.1879784911870956,1060832320,0,0,high
2005-01-23,Kar-Hay,0.0,,,karhay,0.0,0.0,0.0,0.0,-15.768022978513246,0.19696045,0.0,0.0,0.0,0.0,342.6171264648437,0.1879784911870956,1060832320,0,0,high
2005-01-14,Kolofata,0.0,11.1405968,14.0155389,kolofata,0.0,0.0,0.0,0.0,-15.921852682781434,0.19676208,2.015625,2.015625,2.015625,2.03125,372.999755859375,0.0204014666378498,1060707270,0,0,high
2005-01-15,Kolofata,0.0,11.1405968,14.0155389,kolofata,0.0,0.0,0.0,0.0,-15.921852682781434,0.19677734,2.015625,2.015625,2.015625,2.03125,372.999755859375,0.0204014666378498,1060707270,0,0,high
2005-01-16,Kolofata,0.0,11.1405968,14.0155389,kolofata,0.0,0.0,0.0,0.0,-15.921852682781434,0.19680786,2.0,2.015625,2.015625,2.03125,372.999755859375,0.0204014666378498,1060707270,0,0,high
2005-01-17,Kolofata,0.0,11.1405968,14.0155389,kolofata,0.0,0.0,0.0,0.0,-15.921852682781434,0.19683838,2.0,2.0,2.015625,2.03125,372.999755859375,0.0204014666378498,1060707270,0,0,high
2005-01-18,Kolofata,0.0,11.1405968,14.0155389,kolofata,0.0,0.0,0.0,0.0,-15.921852682781434,0.1968689,1.984375,2.0,2.015625,2.015625,372.999755859375,0.0204014666378498,1060707270,0,0,high
2005-01-19,Kolofata,0.0,11.1405968,14.0155389,kolofata,0.0,0.0,0.0,0.0,-15.921852682781434,0.19689941,1.96875,1.984375,2.0,2.015625,372.999755859375,0.0204014666378498,1060707270,0,0,high
2005-01-20,Kolofata,0.0,11.1405968,14.0155389,kolofata,0.0,0.0,0.0,0.0,-15.921852682781434,0.19689941,1.96875,1.96875,2.0,2.015625,372.999755859375,0.0204014666378498,1060707270,0,0,high
2005-01-21,Kolofata,0.0,11.1405968,14.0155389,kolofata,0.0,0.0,0.0,0.0,-15.921852682781434,0.19691467,1.96875,1.96875,1.984375,2.015625,372.999755859375,0.0204014666378498,1060707270,0,0,high
2005-01-22,Kolofata,0.0,11.1405968,14.0155389,kolofata,0.0,0.0,0.0,0.0,-15.921852682781434,0.19692993,1.953125,1.96875,1.96875,2.015625,372.999755859375,0.0204014666378498,1060707270,0,0,high
2005-01-23,Kolofata,0.0,11.1405968,14.0155389,kolofata,0.0,0.0,0.0,0.0,-15.921852682781434,0.19696045,1.953125,1.953125,1.96875,2.0,372.999755859375,0.0204014666378498,1060707270,0,0,high
2005-01-14,Kousséri,0.0,12.0610872,14.9685362,kousseri,0.0,0.0,0.0,0.0,-12.68282392508279,0.19676208,0.0,0.0,0.0,0.0,292.59002685546875,0.0024472374934703,1060707270,0,0,high
2005-01-15,Kousséri,0.0,12.0610872,14.9685362,kousseri,0.0,0.0,0.0,0.0,-12.68282392508279,0.19677734,0.0,0.0,0.0,0.0,292.59002685546875,0.0024472374934703,1060707270,0,0,high
2005-01-16,Kousséri,0.0,12.0610872,14.9685362,kousseri,0.0,0.0,0.0,0.0,-12.68282392508279,0.19680786,0.0,0.0,0.0,0.0,292.59002685546875,0.0024472374934703,1060707270,0,0,high
2005-01-17,Kousséri,0.0,12.0610872,14.9685362,kousseri,0.0,0.0,0.0,0.0,-12.68282392508279,0.19683838,0.0,0.0,0.0,0.0,292.59002685546875,0.0024472374934703,1060707270,0,0,high
2005-01-18,Kousséri,0.0,12.0610872,14.9685362,kousseri,0.0,0.0,0.0,0.0,-12.68282392508279,0.1968689,0.0,0.0,0.0,0.0,292.59002685546875,0.0024472374934703,1060707270,0,0,high
2005-01-19,Kousséri,0.0,12.0610872,14.9685362,kousseri,0.0,0.0,0.0,0.0,-12.68282392508279,0.19689941,0.0,0.0,0.0,0.0,292.59002685546875,0.0024472374934703,1060707270,0,0,high
2005-01-20,Kousséri,0.0,12.0610872,14.9685362,kousseri,0.0,0.0,0.0,0.0,-12.68282392508279,0.19689941,0.0,0.0,0.0,0.0,292.59002685546875,0.0024472374934703,1060707270,0,0,high
2005-01-21,Kousséri,0.0,12.0610872,14.9685362,kousseri,0.0,0.0,0.0,0.0,-12.68282392508279,0.19691467,0.0,0.0,0.0,0.0,292.59002685546875,0.0024472374934703,1060707270,0,0,high
2005-01-22,Kousséri,0.0,12.0610872,14.9685362,kousseri,0.0,0.0,0.0,0.0,-12.68282392508279,0.19692993,0.0,0.0,0.0,0.0,292.59002685546875,0.0024472374934703,1060707270,0,0,high
2005-01-23,Kousséri,0.0,12.0610872,14.9685362,kousseri,0.0,0.0,0.0,0.0,-12.68282392508279,0.19696045,0.0,0.0,0.0,0.0,292.59002685546875,0.0024472374934703,1060707270,0,0,high
2005-01-14,Maga,0.0,,,maga,0.0,0.0,0.0,0.0,-14.691567576759837,0.19676208,2.515625,2.515625,2.5,2.5,308.7756652832031,0.1879784911870956,1060707270,0,0,high
2005-01-15,Maga,0.0,,,maga,0.0,0.0,0.0,0.0,-14.691567576759837,0.19677734,2.515625,2.515625,2.5,2.5,308.7756652832031,0.1879784911870956,1060707270,0,0,high
2005-01-16,Maga,0.0,,,maga,0.0,0.0,0.0,0.0,-14.691567576759837,0.19680786,2.5,2.515625,2.515625,2.5,308.7756652832031,0.1879784911870956,1060707270,0,0,high
2005-01-17,Maga,0.0,,,maga,0.0,0.0,0.0,0.0,-14.691567576759837,0.19683838,2.46875,2.5,2.515625,2.5,308.7756652832031,0.1879784911870956,1060707270,0,0,high
2005-01-18,Maga,0.0,,,maga,0.0,0.0,0.0,0.0,-14.691567576759837,0.1968689,2.453125,2.46875,2.515625,2.5,308.7756652832031,0.1879784911870956,1060707270,0,0,high
2005-01-19,Maga,0.0,,,maga,0.0,0.0,0.0,0.0,-14.691567576759837,0.19689941,2.4375,2.453125,2.5,2.5,308.7756652832031,0.1879784911870956,1060707270,0,0,high
2005-01-20,Maga,0.0,,,maga,0.0,0.0,0.0,0.0,-14.691567576759837,0.19689941,2.4375,2.4375,2.46875,2.515625,308.7756652832031,0.1879784911870956,1060707270,0,0,high
2005-01-21,Maga,0.0,,,maga,0.0,0.0,0.0,0.0,-14.691567576759837,0.19691467,2.4375,2.4375,2.453125,2.515625,308.7756652832031,0.1879784911870956,1060707270,0,0,high
2005-01-22,Maga,0.0,,,maga,0.0,0.0,0.0,0.0,-14.691567576759837,0.19692993,2.421875,2.4375,2.4375,2.515625,308.7756652832031,0.1879784911870956,1060707270,0,0,high
2005-01-23,Maga,0.0,,,maga,0.0,0.0,0.0,0.0,-14.691567576759837,0.19696045,2.421875,2.421875,2.4375,2.5,308.7756652832031,0.1879784911870956,1060707270,0,0,high
2005-01-14,Makabaye,0.0,10.5764701,14.3011699,makabaye,0.0,0.0,0.0,0.0,-15.887764157327421,0.19676208,2.625,2.625,2.625,2.625,404.8264770507813,0.1879784911870956,1060707270,0,0,high
2005-01-15,Makabaye,0.0,10.5764701,14.3011699,makabaye,0.0,0.0,0.0,0.0,-15.887764157327421,0.19677734,2.609375,2.625,2.625,2.625,404.8264770507813,0.1879784911870956,1060707270,0,0,high
2005-01-16,Makabaye,0.0,10.5764701,14.3011699,makabaye,0.0,0.0,0.0,0.0,-15.887764157327421,0.19680786,2.59375,2.609375,2.625,2.625,404.8264770507813,0.1879784911870956,1060707270,0,0,high
2005-01-17,Makabaye,0.0,10.5764701,14.3011699,makabaye,0.0,0.0,0.0,0.0,-15.887764157327421,0.19683838,2.59375,2.59375,2.625,2.625,404.8264770507813,0.1879784911870956,1060707270,0,0,high
2005-01-18,Makabaye,0.0,10.5764701,14.3011699,makabaye,0.0,0.0,0.0,0.0,-15.887764157327421,0.1968689,2.59375,2.59375,2.609375,2.625,404.8264770507813,0.1879784911870956,1060707270,0,0,high
2005-01-19,Makabaye,0.0,10.5764701,14.3011699,makabaye,0.0,0.0,0.0,0.0,-15.887764157327421,0.19689941,2.59375,2.59375,2.59375,2.625,404.8264770507813,0.1879784911870956,1060707270,0,0,high
2005-01-20,Makabaye,0.0,10.5764701,14.3011699,makabaye,0.0,0.0,0.0,0.0,-15.887764157327421,0.19689941,2.59375,2.59375,2.59375,2.625,404.8264770507813,0.1879784911870956,1060707270,0,0,high
2005-01-21,Makabaye,0.0,10.5764701,14.3011699,makabaye,0.0,0.0,0.0,0.0,-15.887764157327421,0.19691467,2.59375,2.59375,2.59375,2.625,404.8264770507813,0.1879784911870956,1060707270,0,0,high
2005-01-22,Makabaye,0.0,10.5764701,14.3011699,makabaye,0.0,0.0,0.0,0.0,-15.887764157327421,0.19692993,2.578125,2.59375,2.59375,2.609375,404.8264770507813,0.1879784911870956,1060707270,0,0,high
2005-01-23,Makabaye,0.0,10.5764701,14.3011699,makabaye,0.0,0.0,0.0,0.0,-15.887764157327421,0.19696045,2.578125,2.578125,2.59375,2.59375,404.8264770507813,0.1879784911870956,1060707270,0,0,high
2005-01-14,Makary,0.0,,,makary,0.0,0.0,0.0,0.0,-11.610692660858506,0.19676208,0.0,0.0,0.0,0.0,288.9185791015625,0.0024472374934703,1060707270,0,0,high
2005-01-15,Makary,0.0,,,makary,0.0,0.0,0.0,0.0,-11.610692660858506,0.19677734,0.0,0.0,0.0,0.0,288.9185791015625,0.0024472374934703,1060707270,0,0,high
2005-01-16,Makary,0.0,,,makary,0.0,0.0,0.0,0.0,-11.610692660858506,0.19680786,0.0,0.0,0.0,0.0,288.9185791015625,0.0024472374934703,1060707270,0,0,high
2005-01-17,Makary,0.0,,,makary,0.0,0.0,0.0,0.0,-11.610692660858506,0.19683838,0.0,0.0,0.0,0.0,288.9185791015625,0.0024472374934703,1060707270,0,0,high
2005-01-18,Makary,0.0,,,makary,0.0,0.0,0.0,0.0,-11.610692660858506,0.1968689,0.0,0.0,0.0,0.0,288.9185791015625,0.0024472374934703,1060707270,0,0,high
2005-01-19,Makary,0.0,,,makary,0.0,0.0,0.0,0.0,-11.610692660858506,0.19689941,0.0,0.0,0.0,0.0,288.9185791015625,0.0024472374934703,1060707270,0,0,high
2005-01-20,Makary,0.0,,,makary,0.0,0.0,0.0,0.0,-11.610692660858506,0.19689941,0.0,0.0,0.0,0.0,288.9185791015625,0.0024472374934703,1060707270,0,0,high
2005-01-21,Makary,0.0,,,makary,0.0,0.0,0.0,0.0,-11.610692660858506,0.19691467,0.0,0.0,0.0,0.0,288.9185791015625,0.0024472374934703,1060707270,0,0,high
2005-01-22,Makary,0.0,,,makary,0.0,0.0,0.0,0.0,-11.610692660858506,0.19692993,0.0,0.0,0.0,0.0,288.9185791015625,0.0024472374934703,1060707270,0,0,high
2005-01-23,Makary,0.0,,,makary,0.0,0.0,0.0,0.0,-11.610692660858506,0.19696045,0.0,0.0,0.0,0.0,288.9185791015625,0.0024472374934703,1060707270,0,0,high
2005-01-14,Maroua I,0.0,10.5403214,14.2894117,marouai,0.0,0.0,0.0,0.0,-15.911137208334928,0.19676208,0.0,0.0,0.0,0.0,410.5362854003906,0.1879784911870956,1060707270,0,0,high
2005-01-15,Maroua I,0.0,10.5403214,14.2894117,marouai,0.0,0.0,0.0,0.0,-15.911137208334928,0.19677734,0.0,0.0,0.0,0.0,410.5362854003906,0.1879784911870956,1060707270,0,0,high
2005-01-16,Maroua I,0.0,10.5403214,14.2894117,marouai,0.0,0.0,0.0,0.0,-15.911137208334928,0.19680786,0.0,0.0,0.0,0.0,410.5362854003906,0.1879784911870956,1060707270,0,0,high
2005-01-17,Maroua I,0.0,10.5403214,14.2894117,marouai,0.0,0.0,0.0,0.0,-15.911137208334928,0.19683838,0.0,0.0,0.0,0.0,410.5362854003906,0.1879784911870956,1060707270,0,0,high
2005-01-18,Maroua I,0.0,10.5403214,14.2894117,marouai,0.0,0.0,0.0,0.0,-15.911137208334928,0.1968689,0.0,0.0,0.0,0.0,410.5362854003906,0.1879784911870956,1060707270,0,0,high
2005-01-19,Maroua I,0.0,10.5403214,14.2894117,marouai,0.0,0.0,0.0,0.0,-15.911137208334928,0.19689941,0.0,0.0,0.0,0.0,410.5362854003906,0.1879784911870956,1060707270,0,0,high
2005-01-20,Maroua I,0.0,10.5403214,14.2894117,marouai,0.0,0.0,0.0,0.0,-15.911137208334928,0.19689941,0.0,0.0,0.0,0.0,410.5362854003906,0.1879784911870956,1060707270,0,0,high
2005-01-21,Maroua I,0.0,10.5403214,14.2894117,marouai,0.0,0.0,0.0,0.0,-15.911137208334928,0.19691467,0.0,0.0,0.0,0.0,410.5362854003906,0.1879784911870956,1060707270,0,0,high
2005-01-22,Maroua I,0.0,10.5403214,14.2894117,marouai,0.0,0.0,0.0,0.0,-15.911137208334928,0.19692993,0.0,0.0,0.0,0.0,410.5362854003906,0.1879784911870956,1060707270,0,0,high
2005-01-23,Maroua I,0.0,10.5403214,14.2894117,marouai,0.0,0.0,0.0,0.0,-15.911137208334928,0.19696045,0.0,0.0,0.0,0.0,410.5362854003906,0.1879784911870956,1060707270,0,0,high
2005-01-14,Maroua II,0.0,10.6415798,14.3117543,marouaii,0.0,0.0,0.0,0.0,-16.16373925069292,0.19676208,0.015625,0.015625,0.015625,0.015625,447.19036865234375,0.1879784911870956,1060707270,0,0,high
2005-01-15,Maroua II,0.0,10.6415798,14.3117543,marouaii,0.0,0.0,0.0,0.0,-16.16373925069292,0.19677734,0.015625,0.015625,0.015625,0.015625,447.19036865234375,0.1879784911870956,1060707270,0,0,high
2005-01-16,Maroua II,0.0,10.6415798,14.3117543,marouaii,0.0,0.0,0.0,0.0,-16.16373925069292,0.19680786,0.015625,0.015625,0.015625,0.015625,447.19036865234375,0.1879784911870956,1060707270,0,0,high
2005-01-17,Maroua II,0.0,10.6415798,14.3117543,marouaii,0.0,0.0,0.0,0.0,-16.16373925069292,0.19683838,0.015625,0.015625,0.015625,0.015625,447.19036865234375,0.1879784911870956,1060707270,0,0,high
2005-01-18,Maroua II,0.0,10.6415798,14.3117543,marouaii,0.0,0.0,0.0,0.0,-16.16373925069292,0.1968689,0.015625,0.015625,0.015625,0.015625,447.19036865234375,0.1879784911870956,1060707270,0,0,high
2005-01-19,Maroua II,0.0,10.6415798,14.3117543,marouaii,0.0,0.0,0.0,0.0,-16.16373925069292,0.19689941,0.015625,0.015625,0.015625,0.015625,447.19036865234375,0.1879784911870956,1060707270,0,0,high
2005-01-20,Maroua II,0.0,10.6415798,14.3117543,marouaii,0.0,0.0,0.0,0.0,-16.16373925069292,0.19689941,0.015625,0.015625,0.015625,0.015625,447.19036865234375,0.1879784911870956,1060707270,0,0,high
2005-01-21,Maroua II,0.0,10.6415798,14.3117543,marouaii,0.0,0.0,0.0,0.0,-16.16373925069292,0.19691467,0.015625,0.015625,0.015625,0.015625,447.19036865234375,0.1879784911870956,1060707270,0,0,high
2005-01-22,Maroua II,0.0,10.6415798,14.3117543,marouaii,0.0,0.0,0.0,0.0,-16.16373925069292,0.19692993,0.015625,0.015625,0.015625,0.015625,447.19036865234375,0.1879784911870956,1060707270,0,0,high
2005-01-23,Maroua II,0.0,10.6415798,14.3117543,marouaii,0.0,0.0,0.0,0.0,-16.16373925069292,0.19696045,0.015625,0.015625,0.015625,0.015625,447.19036865234375,0.1879784911870956,1060707270,0,0,high
2005-01-14,Mokolo,0.0,10.6648854,13.8506852,mokolo,0.0,0.0,0.0,0.0,-18.825480446751822,0.19676208,0.0,0.0,0.0,0.0,741.9115600585938,0.0360344015061855,1060832310,0,0,high
2005-01-15,Mokolo,0.0,10.6648854,13.8506852,mokolo,0.0,0.0,0.0,0.0,-18.825480446751822,0.19677734,0.0,0.0,0.0,0.0,741.9115600585938,0.0360344015061855,1060832310,0,0,high
2005-01-16,Mokolo,0.0,10.6648854,13.8506852,mokolo,0.0,0.0,0.0,0.0,-18.825480446751822,0.19680786,0.0,0.0,0.0,0.0,741.9115600585938,0.0360344015061855,1060832310,0,0,high
2005-01-17,Mokolo,0.0,10.6648854,13.8506852,mokolo,0.0,0.0,0.0,0.0,-18.825480446751822,0.19683838,0.0,0.0,0.0,0.0,741.9115600585938,0.0360344015061855,1060832310,0,0,high
2005-01-18,Mokolo,0.0,10.6648854,13.8506852,mokolo,0.0,0.0,0.0,0.0,-18.825480446751822,0.1968689,0.0,0.0,0.0,0.0,741.9115600585938,0.0360344015061855,1060832310,0,0,high
2005-01-19,Mokolo,0.0,10.6648854,13.8506852,mokolo,0.0,0.0,0.0,0.0,-18.825480446751822,0.19689941,0.0,0.0,0.0,0.0,741.9115600585938,0.0360344015061855,1060832310,0,0,high
2005-01-20,Mokolo,0.0,10.6648854,13.8506852,mokolo,0.0,0.0,0.0,0.0,-18.825480446751822,0.19689941,0.0,0.0,0.0,0.0,741.9115600585938,0.0360344015061855,1060832310,0,0,high
2005-01-21,Mokolo,0.0,10.6648854,13.8506852,mokolo,0.0,0.0,0.0,0.0,-18.825480446751822,0.19691467,0.0,0.0,0.0,0.0,741.9115600585938,0.0360344015061855,1060832310,0,0,high
2005-01-22,Mokolo,0.0,10.6648854,13.8506852,mokolo,0.0,0.0,0.0,0.0,-18.825480446751822,0.19692993,0.0,0.0,0.0,0.0,741.9115600585938,0.0360344015061855,1060832310,0,0,high
2005-01-23,Mokolo,0.0,10.6648854,13.8506852,mokolo,0.0,0.0,0.0,0.0,-18.825480446751822,0.19696045,0.0,0.0,0.0,0.0,741.9115600585938,0.0360344015061855,1060832310,0,0,high
2005-01-14,Mora,0.0,11.1556241,14.2395159,mora,0.0,0.0,0.0,0.0,-15.179251375365746,0.19676208,0.0,0.0,0.0,0.0,332.70477294921875,0.0204014666378498,1060707270,0,0,proxy
2005-01-15,Mora,0.0,11.1556241,14.2395159,mora,0.0,0.0,0.0,0.0,-15.179251375365746,0.19677734,0.0,0.0,0.0,0.0,332.70477294921875,0.0204014666378498,1060707270,0,0,proxy
2005-01-16,Mora,0.0,11.1556241,14.2395159,mora,0.0,0.0,0.0,0.0,-15.179251375365746,0.19680786,0.0,0.0,0.0,0.0,332.70477294921875,0.0204014666378498,1060707270,0,0,proxy
2005-01-17,Mora,0.0,11.1556241,14.2395159,mora,0.0,0.0,0.0,0.0,-15.179251375365746,0.19683838,0.0,0.0,0.0,0.0,332.70477294921875,0.0204014666378498,1060707270,0,0,proxy
2005-01-18,Mora,0.0,11.1556241,14.2395159,mora,0.0,0.0,0.0,0.0,-15.179251375365746,0.1968689,0.0,0.0,0.0,0.0,332.70477294921875,0.0204014666378498,1060707270,0,0,proxy
2005-01-19,Mora,0.0,11.1556241,14.2395159,mora,0.0,0.0,0.0,0.0,-15.179251375365746,0.19689941,0.0,0.0,0.0,0.0,332.70477294921875,0.0204014666378498,1060707270,0,0,proxy
2005-01-20,Mora,0.0,11.1556241,14.2395159,mora,0.0,0.0,0.0,0.0,-15.179251375365746,0.19689941,0.0,0.0,0.0,0.0,332.70477294921875,0.0204014666378498,1060707270,0,0,proxy
2005-01-21,Mora,0.0,11.1556241,14.2395159,mora,0.0,0.0,0.0,0.0,-15.179251375365746,0.19691467,0.0,0.0,0.0,0.0,332.70477294921875,0.0204014666378498,1060707270,0,0,proxy
2005-01-22,Mora,0.0,11.1556241,14.2395159,mora,0.0,0.0,0.0,0.0,-15.179251375365746,0.19692993,0.0,0.0,0.0,0.0,332.70477294921875,0.0204014666378498,1060707270,0,0,proxy
2005-01-23,Mora,0.0,11.1556241,14.2395159,mora,0.0,0.0,0.0,0.0,-15.179251375365746,0.19696045,0.0,0.0,0.0,0.0,332.70477294921875,0.0204014666378498,1060707270,0,0,proxy
2005-01-14,Moulvoudaye,0.0,,,moulvoudaye,0.0,0.0,0.0,0.0,-15.016429425716078,0.19676208,0.0,0.0,0.0,0.0,335.166748046875,0.1879784911870956,1060754730,0,0,high
2005-01-15,Moulvoudaye,0.0,,,moulvoudaye,0.0,0.0,0.0,0.0,-15.016429425716078,0.19677734,0.0,0.0,0.0,0.0,335.166748046875,0.1879784911870956,1060754730,0,0,high
2005-01-16,Moulvoudaye,0.0,,,moulvoudaye,0.0,0.0,0.0,0.0,-15.016429425716078,0.19680786,0.0,0.0,0.0,0.0,335.166748046875,0.1879784911870956,1060754730,0,0,high
2005-01-17,Moulvoudaye,0.0,,,moulvoudaye,0.0,0.0,0.0,0.0,-15.016429425716078,0.19683838,0.0,0.0,0.0,0.0,335.166748046875,0.1879784911870956,1060754730,0,0,high
2005-01-18,Moulvoudaye,0.0,,,moulvoudaye,0.0,0.0,0.0,0.0,-15.016429425716078,0.1968689,0.0,0.0,0.0,0.0,335.166748046875,0.1879784911870956,1060754730,0,0,high
2005-01-19,Moulvoudaye,0.0,,,moulvoudaye,0.0,0.0,0.0,0.0,-15.016429425716078,0.19689941,0.0,0.0,0.0,0.0,335.166748046875,0.1879784911870956,1060754730,0,0,high
2005-01-20,Moulvoudaye,0.0,,,moulvoudaye,0.0,0.0,0.0,0.0,-15.016429425716078,0.19689941,0.0,0.0,0.0,0.0,335.166748046875,0.1879784911870956,1060754730,0,0,high
2005-01-21,Moulvoudaye,0.0,,,moulvoudaye,0.0,0.0,0.0,0.0,-15.016429425716078,0.19691467,0.0,0.0,0.0,0.0,335.166748046875,0.1879784911870956,1060754730,0,0,high
2005-01-22,Moulvoudaye,0.0,,,moulvoudaye,0.0,0.0,0.0,0.0,-15.016429425716078,0.19692993,0.0,0.0,0.0,0.0,335.166748046875,0.1879784911870956,1060754730,0,0,high
2005-01-23,Moulvoudaye,0.0,,,moulvoudaye,0.0,0.0,0.0,0.0,-15.016429425716078,0.19696045,0.0,0.0,0.0,0.0,335.166748046875,0.1879784911870956,1060754730,0,0,high
2005-01-14,Mozogo,0.0,11.0405929,13.8724737,mozogo,0.0,0.0,0.0,0.0,-17.074110667291436,0.19676208,0.046875,0.046875,0.046875,0.046875,453.55511474609375,0.1944153159856796,1060707270,0,0,high
2005-01-15,Mozogo,0.0,11.0405929,13.8724737,mozogo,0.0,0.0,0.0,0.0,-17.074110667291436,0.19677734,0.046875,0.046875,0.046875,0.046875,453.55511474609375,0.1944153159856796,1060707270,0,0,high
2005-01-16,Mozogo,0.0,11.0405929,13.8724737,mozogo,0.0,0.0,0.0,0.0,-17.074110667291436,0.19680786,0.046875,0.046875,0.046875,0.046875,453.55511474609375,0.1944153159856796,1060707270,0,0,high
2005-01-17,Mozogo,0.0,11.0405929,13.8724737,mozogo,0.0,0.0,0.0,0.0,-17.074110667291436,0.19683838,0.046875,0.046875,0.046875,0.046875,453.55511474609375,0.1944153159856796,1060707270,0,0,high
2005-01-18,Mozogo,0.0,11.0405929,13.8724737,mozogo,0.0,0.0,0.0,0.0,-17.074110667291436,0.1968689,0.046875,0.046875,0.046875,0.046875,453.55511474609375,0.1944153159856796,1060707270,0,0,high
2005-01-19,Mozogo,0.0,11.0405929,13.8724737,mozogo,0.0,0.0,0.0,0.0,-17.074110667291436,0.19689941,0.046875,0.046875,0.046875,0.046875,453.55511474609375,0.1944153159856796,1060707270,0,0,high
2005-01-20,Mozogo,0.0,11.0405929,13.8724737,mozogo,0.0,0.0,0.0,0.0,-17.074110667291436,0.19689941,0.046875,0.046875,0.046875,0.046875,453.55511474609375,0.1944153159856796,1060707270,0,0,high
2005-01-21,Mozogo,0.0,11.0405929,13.8724737,mozogo,0.0,0.0,0.0,0.0,-17.074110667291436,0.19691467,0.046875,0.046875,0.046875,0.046875,453.55511474609375,0.1944153159856796,1060707270,0,0,high
2005-01-22,Mozogo,0.0,11.0405929,13.8724737,mozogo,0.0,0.0,0.0,0.0,-17.074110667291436,0.19692993,0.046875,0.046875,0.046875,0.046875,453.55511474609375,0.1944153159856796,1060707270,0,0,high
2005-01-23,Mozogo,0.0,11.0405929,13.8724737,mozogo,0.0,0.0,0.0,0.0,-17.074110667291436,0.19696045,0.046875,0.046875,0.046875,0.046875,453.55511474609375,0.1944153159856796,1060707270,0,0,high
2005-01-14,Tchatibali,0.0,,,tchatibali,0.0,0.0,0.0,0.0,-16.492238621722993,0.19676208,0.0,0.0,0.0,0.0,351.9421081542969,0.0277432706207036,1060832320,0,0,high
2005-01-15,Tchatibali,0.0,,,tchatibali,0.0,0.0,0.0,0.0,-16.492238621722993,0.19677734,0.0,0.0,0.0,0.0,351.9421081542969,0.0277432706207036,1060832320,0,0,high
2005-01-16,Tchatibali,0.0,,,tchatibali,0.0,0.0,0.0,0.0,-16.492238621722993,0.19680786,0.0,0.0,0.0,0.0,351.9421081542969,0.0277432706207036,1060832320,0,0,high
2005-01-17,Tchatibali,0.0,,,tchatibali,0.0,0.0,0.0,0.0,-16.492238621722993,0.19683838,0.0,0.0,0.0,0.0,351.9421081542969,0.0277432706207036,1060832320,0,0,high
2005-01-18,Tchatibali,0.0,,,tchatibali,0.0,0.0,0.0,0.0,-16.492238621722993,0.1968689,0.0,0.0,0.0,0.0,351.9421081542969,0.0277432706207036,1060832320,0,0,high
2005-01-19,Tchatibali,0.0,,,tchatibali,0.0,0.0,0.0,0.0,-16.492238621722993,0.19689941,0.0,0.0,0.0,0.0,351.9421081542969,0.0277432706207036,1060832320,0,0,high
2005-01-20,Tchatibali,0.0,,,tchatibali,0.0,0.0,0.0,0.0,-16.492238621722993,0.19689941,0.0,0.0,0.0,0.0,351.9421081542969,0.0277432706207036,1060832320,0,0,high
2005-01-21,Tchatibali,0.0,,,tchatibali,0.0,0.0,0.0,0.0,-16.492238621722993,0.19691467,0.0,0.0,0.0,0.0,351.9421081542969,0.0277432706207036,1060832320,0,0,high
2005-01-22,Tchatibali,0.0,,,tchatibali,0.0,0.0,0.0,0.0,-16.492238621722993,0.19692993,0.0,0.0,0.0,0.0,351.9421081542969,0.0277432706207036,1060832320,0,0,high
2005-01-23,Tchatibali,0.0,,,tchatibali,0.0,0.0,0.0,0.0,-16.492238621722993,0.19696045,0.0,0.0,0.0,0.0,351.9421081542969,0.0277432706207036,1060832320,0,0,high
2005-01-14,Vélé,0.0,,,vele,0.0,0.0,0.0,0.0,-15.464989564906597,0.19676208,39.953125,40.46875,41.546875,43.953125,318.514892578125,0.0152405686676502,1060754730,0,0,high
2005-01-15,Vélé,0.0,,,vele,0.0,0.0,0.0,0.0,-15.464989564906597,0.19677734,39.453125,39.953125,41.0,43.328125,318.514892578125,0.0152405686676502,1060754730,0,0,high
2005-01-16,Vélé,0.0,,,vele,0.0,0.0,0.0,0.0,-15.464989564906597,0.19680786,38.953125,39.453125,40.46875,42.71875,318.514892578125,0.0152405686676502,1060754730,0,0,high
2005-01-17,Vélé,0.0,,,vele,0.0,0.0,0.0,0.0,-15.464989564906597,0.19683838,38.46875,38.953125,39.953125,42.125,318.514892578125,0.0152405686676502,1060754730,0,0,high
2005-01-18,Vélé,0.0,,,vele,0.0,0.0,0.0,0.0,-15.464989564906597,0.1968689,38.0,38.46875,39.453125,41.546875,318.514892578125,0.0152405686676502,1060754730,0,0,high
2005-01-19,Vélé,0.0,,,vele,0.0,0.0,0.0,0.0,-15.464989564906597,0.19689941,37.546875,38.0,38.953125,41.0,318.514892578125,0.0152405686676502,1060754730,0,0,high
2005-01-20,Vélé,0.0,,,vele,0.0,0.0,0.0,0.0,-15.464989564906597,0.19689941,37.109375,37.546875,38.46875,40.46875,318.514892578125,0.0152405686676502,1060754730,0,0,high
2005-01-21,Vélé,0.0,,,vele,0.0,0.0,0.0,0.0,-15.464989564906597,0.19691467,36.65625,37.109375,38.0,39.953125,318.514892578125,0.0152405686676502,1060754730,0,0,high
2005-01-22,Vélé,0.0,,,vele,0.0,0.0,0.0,0.0,-15.464989564906597,0.19692993,36.203125,36.65625,37.546875,39.453125,318.514892578125,0.0152405686676502,1060754730,0,0,high
2005-01-23,Vélé,0.0,,,vele,0.0,0.0,0.0,0.0,-15.464989564906597,0.19696045,35.765625,36.203125,37.109375,38.953125,318.514892578125,0.0152405686676502,1060754730,0,0,high
2005-01-14,Wina,0.0,,,wina,0.0,0.0,0.0,0.0,-16.12377577862122,0.19676208,0.0,0.0,0.0,0.0,332.6845397949219,0.0152405686676502,1060832320,0,0,high
2005-01-15,Wina,0.0,,,wina,0.0,0.0,0.0,0.0,-16.12377577862122,0.19677734,0.0,0.0,0.0,0.0,332.6845397949219,0.0152405686676502,1060832320,0,0,high
2005-01-16,Wina,0.0,,,wina,0.0,0.0,0.0,0.0,-16.12377577862122,0.19680786,0.0,0.0,0.0,0.0,332.6845397949219,0.0152405686676502,1060832320,0,0,high
2005-01-17,Wina,0.0,,,wina,0.0,0.0,0.0,0.0,-16.12377577862122,0.19683838,0.0,0.0,0.0,0.0,332.6845397949219,0.0152405686676502,1060832320,0,0,high
2005-01-18,Wina,0.0,,,wina,0.0,0.0,0.0,0.0,-16.12377577862122,0.1968689,0.0,0.0,0.0,0.0,332.6845397949219,0.0152405686676502,1060832320,0,0,high
2005-01-19,Wina,0.0,,,wina,0.0,0.0,0.0,0.0,-16.12377577862122,0.19689941,0.0,0.0,0.0,0.0,332.6845397949219,0.0152405686676502,1060832320,0,0,high
2005-01-20,Wina,0.0,,,wina,0.0,0.0,0.0,0.0,-16.12377577862122,0.19689941,0.0,0.0,0.0,0.0,332.6845397949219,0.0152405686676502,1060832320,0,0,high
2005-01-21,Wina,0.0,,,wina,0.0,0.0,0.0,0.0,-16.12377577862122,0.19691467,0.0,0.0,0.0,0.0,332.6845397949219,0.0152405686676502,1060832320,0,0,high
2005-01-22,Wina,0.0,,,wina,0.0,0.0,0.0,0.0,-16.12377577862122,0.19692993,0.0,0.0,0.0,0.0,332.6845397949219,0.0152405686676502,1060832320,0,0,high
2005-01-23,Wina,0.0,,,wina,0.0,0.0,0.0,0.0,-16.12377577862122,0.19696045,0.0,0.0,0.0,0.0,332.6845397949219,0.0152405686676502,1060832320,0,0,high
2005-01-14,Yagoua,0.0,10.2111589,15.2469254,yagoua,0.0,0.0,0.0,0.0,-15.837126759063636,0.19676208,0.0,0.0,0.0,0.0,328.3748474121094,0.0152405686676502,1060832320,0,0,proxy
2005-01-15,Yagoua,0.0,10.2111589,15.2469254,yagoua,0.0,0.0,0.0,0.0,-15.837126759063636,0.19677734,0.0,0.0,0.0,0.0,328.3748474121094,0.0152405686676502,1060832320,0,0,proxy
2005-01-16,Yagoua,0.0,10.2111589,15.2469254,yagoua,0.0,0.0,0.0,0.0,-15.837126759063636,0.19680786,0.0,0.0,0.0,0.0,328.3748474121094,0.0152405686676502,1060832320,0,0,proxy
2005-01-17,Yagoua,0.0,10.2111589,15.2469254,yagoua,0.0,0.0,0.0,0.0,-15.837126759063636,0.19683838,0.0,0.0,0.0,0.0,328.3748474121094,0.0152405686676502,1060832320,0,0,proxy
2005-01-18,Yagoua,0.0,10.2111589,15.2469254,yagoua,0.0,0.0,0.0,0.0,-15.837126759063636,0.1968689,0.0,0.0,0.0,0.0,328.3748474121094,0.0152405686676502,1060832320,0,0,proxy
2005-01-19,Yagoua,0.0,10.2111589,15.2469254,yagoua,0.0,0.0,0.0,0.0,-15.837126759063636,0.19689941,0.0,0.0,0.0,0.0,328.3748474121094,0.0152405686676502,1060832320,0,0,proxy
2005-01-20,Yagoua,0.0,10.2111589,15.2469254,yagoua,0.0,0.0,0.0,0.0,-15.837126759063636,0.19689941,0.0,0.0,0.0,0.0,328.3748474121094,0.0152405686676502,1060832320,0,0,proxy
2005-01-21,Yagoua,0.0,10.2111589,15.2469254,yagoua,0.0,0.0,0.0,0.0,-15.837126759063636,0.19691467,0.0,0.0,0.0,0.0,328.3748474121094,0.0152405686676502,1060832320,0,0,proxy
2005-01-22,Yagoua,0.0,10.2111589,15.2469254,yagoua,0.0,0.0,0.0,0.0,-15.837126759063636,0.19692993,0.0,0.0,0.0,0.0,328.3748474121094,0.0152405686676502,1060832320,0,0,proxy
2005-01-23,Yagoua,0.0,10.2111589,15.2469254,yagoua,0.0,0.0,0.0,0.0,-15.837126759063636,0.19696045,0.0,0.0,0.0,0.0,328.3748474121094,0.0152405686676502,1060832320,0,0,proxy
2005-01-14,Zina,0.0,11.2302296,14.8939423,zina,0.0,0.0,0.0,0.0,-14.662048922789916,0.19676208,0.0,0.0,0.0,0.0,303.95135498046875,0.0204014666378498,1060707270,0,0,high
2005-01-15,Zina,0.0,11.2302296,14.8939423,zina,0.0,0.0,0.0,0.0,-14.662048922789916,0.19677734,0.0,0.0,0.0,0.0,303.95135498046875,0.0204014666378498,1060707270,0,0,high
2005-01-16,Zina,0.0,11.2302296,14.8939423,zina,0.0,0.0,0.0,0.0,-14.662048922789916,0.19680786,0.0,0.0,0.0,0.0,303.95135498046875,0.0204014666378498,1060707270,0,0,high
2005-01-17,Zina,0.0,11.2302296,14.8939423,zina,0.0,0.0,0.0,0.0,-14.662048922789916,0.19683838,0.0,0.0,0.0,0.0,303.95135498046875,0.0204014666378498,1060707270,0,0,high
2005-01-18,Zina,0.0,11.2302296,14.8939423,zina,0.0,0.0,0.0,0.0,-14.662048922789916,0.1968689,0.0,0.0,0.0,0.0,303.95135498046875,0.0204014666378498,1060707270,0,0,high
2005-01-19,Zina,0.0,11.2302296,14.8939423,zina,0.0,0.0,0.0,0.0,-14.662048922789916,0.19689941,0.0,0.0,0.0,0.0,303.95135498046875,0.0204014666378498,1060707270,0,0,high
2005-01-20,Zina,0.0,11.2302296,14.8939423,zina,0.0,0.0,0.0,0.0,-14.662048922789916,0.19689941,0.0,0.0,0.0,0.0,303.95135498046875,0.0204014666378498,1060707270,0,0,high
2005-01-21,Zina,0.0,11.2302296,14.8939423,zina,0.0,0.0,0.0,0.0,-14.662048922789916,0.19691467,0.0,0.0,0.0,0.0,303.95135498046875,0.0204014666378498,1060707270,0,0,high
2005-01-22,Zina,0.0,11.2302296,14.8939423,zina,0.0,0.0,0.0,0.0,-14.662048922789916,0.19692993,0.0,0.0,0.0,0.0,303.95135498046875,0.0204014666378498,1060707270,0,0,high
2005-01-23,Zina,0.0,11.2302296,14.8939423,zina,0.0,0.0,0.0,0.0,-14.662048922789916,0.19696045,0.0,0.0,0.0,0.0,303.95135498046875,0.0204014666378498,1060707270,0,0,high
