name,lat,lon,basin_id,river_length_km,basin_area_km2,drainage_density_km_per_km2
Darak,12.7712781,14.3276351,1060695540.0,454.44,1995.662,0.227714
Blangoua,12.7744071,14.603641,1060695700.0,1154.55,5844.322,0.197551
Hilé - Alifa,12.6840971,14.350398,1060695540.0,454.44,1995.662,0.227714
Kousséri,12.0610872,14.9685362,1060707270.0,8603.38,36893.056,0.233198
Zina,11.2302296,14.8939423,1060707270.0,8603.38,36893.056,0.233198
Mora,11.1556241,14.2395159,1060707270.0,8603.38,36893.056,0.233198
Kolofata,11.1405968,14.0155389,1060707270.0,8603.38,36893.056,0.233198
Mozogo,11.0405929,13.8724737,1060707270.0,8603.38,36893.056,0.233198
Mokolo,10.6648854,13.8506852,1060832310.0,1329.63,5778.911,0.230083
Hina,10.3304094,13.822817,1060832310.0,1329.63,5778.911,0.230083
Kai-Kai,10.6246579,14.9736643,1060754730.0,2242.71,9941.906,0.225581
Yagoua,10.2111589,15.2469254,1060832320.0,4134.81,19060.421,0.216932
Gobo,10.0676925,15.4685991,1060754730.0,2242.71,9941.906,0.225581
Gaklé,10.5222309,14.2649294,1060707270.0,8603.38,36893.056,0.233198
Makabaye,10.5764701,14.3011699,1060707270.0,8603.38,36893.056,0.233198
Dougui,12.6249042,14.9787219,1060695700.0,1154.55,5844.322,0.197551
Guémé,10.4357646,15.0771989,1060754730.0,2242.71,9941.906,0.225581
Djarèngol,10.5252741,14.2073945,1060707270.0,8603.38,36893.056,0.233198
Doukoula,10.1185289,14.9710203,1060832320.0,4134.81,19060.421,0.216932
Salak,10.451401,14.237963,1060754730.0,2242.71,9941.906,0.225581
Pouss,10.8467761,15.0566515,1060754730.0,2242.71,9941.906,0.225581
Maroua I,10.5403214,14.2894117,1060707270.0,8603.38,36893.056,0.233198
Maroua II,10.6415798,14.3117543,1060707270.0,8603.38,36893.056,0.233198
Maga,,,1060707270.0,8603.38,36893.056,0.233198
Harde,,,1060707270.0,8603.38,36893.056,0.233198
Guéré,,,1060832320.0,4134.81,19060.421,0.216932
Wina,,,1060832320.0,4134.81,19060.421,0.216932
Datchéka,,,1060832320.0,4134.81,19060.421,0.216932
Tchatibali,,,1060832320.0,4134.81,19060.421,0.216932
Kar-Hay,,,1060832320.0,4134.81,19060.421,0.216932
Moulvoudaye,,,1060754730.0,2242.71,9941.906,0.225581
Kaélé,,,1060832320.0,4134.81,19060.421,0.216932
Makary,,,1060707270.0,8603.38,36893.056,0.233198
Vélé,,,1060754730.0,2242.71,9941.906,0.225581
