source_type,source_file,source_unit,date_metadata,title,text,url,decision,linked_episode,reason
youtube,scrapers-data/farnorth_youtube/dataset_youtube-scraper_2026-09-03_07-28-11-895.csv,row 2,2024-10-16T16:45:35.000Z,Inondations de YAGOUA   Mgr Barthélémy YAOUDA dénonce la non construction de la digue   route de Mag,Inondations de YAGOUA   Mgr Barthélémy YAOUDA dénonce la non construction de la digue   route de Mag,https://www.youtube.com/watch?v=Jogk34CYMi8,FLOOD_EVIDENCE_NEEDS_DATE,,Candidate needs full-source reading or transcript before promotion.
youtube,scrapers-data/farnorth_youtube/dataset_youtube-scraper_2026-09-03_07-28-11-895.csv,row 3,2024-10-10T10:47:32.000Z,Inondations dans l’Extrême-Nord du Cameroun : besoin d’une aide d’urgence pour les sinistrés.,"Les déplacés à Paliakous et Maga, après les inondations, manquent de latrines et de points d’eau adéquats pour plus de 10 000 personnes. Les besoins en hygiène sont urgents. Les enfants, souvent abandonnés, manquent de nattes de couchage et de moustiquaires, et se blessent en jouant dans des points d’eau dangereux. L’urgence est de protéger les enfants et d’améliorer leurs conditions de vie.",https://www.youtube.com/watch?v=YerlMSbhLYQ,FLOOD_EVIDENCE_NEEDS_DATE,,Candidate needs full-source reading or transcript before promotion.
youtube,scrapers-data/farnorth_youtube/dataset_youtube-scraper_2026-09-03_07-28-11-895.csv,row 4,2024-09-15T12:50:03.000Z,Inondations au Cameroun : l'Extrême-Nord face à la catastrophe,"Depuis plusieurs semaines, l’Extrême-Nord du Cameroun est frappé par des pluies diluviennes sans précédent, mettant à l’épreuve la ville de Yagoua et ses environs. 

LIRE L’ARTICLE : https://fr.africanews.com/2024/09/15/inondations-au-cameroun-lextreme-nord-face-a-la-catastrophe/

Abonnez-vous à notre chaine Youtube https://www.youtube.com/c/africanewsfr?sub_confirmation=1 et recevez chaque jour le meilleur de l’actualité panafricaine.

Africanews est disponible en Français et en Anglais.
Site web : fr.africanews.com
Facebook : https://www.facebook.com/africanews.fr/
Twitter : https://twitter.com/africanews

#AfNews",https://www.youtube.com/watch?v=SxolZgt3ngQ,FLOOD_EVIDENCE_NEEDS_DATE,,Candidate needs full-source reading or transcript before promotion.
youtube,scrapers-data/farnorth_youtube/dataset_youtube-scraper_2026-09-03_07-28-11-895.csv,row 5,2021-08-06T09:19:14.000Z,FLOODING HITS THE FAR NORTH REGION OF CAMEROON,"Since the start of the rainy season in July, the Far-North region has been drenched by heavy rains, and between the 11th and 12th of September 2020, 
intense and continuous rains poured in the Mayo-Danay (19,218 people) and Mayo-Kani (7,184 people) divisions, with an unprecedented level of rainfall ranging between 40mm and 85mm.

The Region is systematically affected by flooding every year, the 2020 floods crisis is deemed exceptional given its unprecedented geographic expansion.

As a result, 5 divisions out of the 6 in the Region have suffered the devastating effects of the floods, both material and human.


PLEASE DON'T FORGET TO SUBSCRIBE TO OUR CHANNEL FOR MORE INFO.",https://www.youtube.com/watch?v=rRk2os56fz0,FLOOD_EVIDENCE_NEEDS_DATE,,Candidate needs full-source reading or transcript before promotion.
youtube,scrapers-data/farnorth_youtube/dataset_youtube-scraper_2026-09-03_07-28-11-895.csv,row 8,2020-09-06T19:40:01.000Z,"The 07.30 PM News:Floods in Maroua, Government Rebuild Roads - Sunday 06th September 2020, Crtv","Support us / Soutenez-nous👉 https://paypal.me/TheKamerInfos
Subscribe To Kamer Infos at the link below / Abonnez-vous à Kamer Infos au lien suivant👉 https://www.youtube.com/Kamerinfos?su...
Follow us / Suivez nous: 
Facebook: 👉  / kamersinfos  
Twitter: 👉   / kamerinfos  

Vous pouvez nous contacter à l’adresse / Please contact us at the following address
 allengagedcitizens@gmail.com

#Cameroun #Cameroon #Kamer #Camer #Kmer #CMR #Afrique #Africa #News #Infos #Informations #PaulBiya #MauriceKamto #CabrilLibii #ActualitesCameroun #NewsCameroon #PressReview #RevuedePresse #JournalCameroun #brigadeantisardinard #BAS #Fcfa #FrancsCFA #AnglophoneCrisis #CriseAnglophone",https://www.youtube.com/watch?v=MpkJhWWIw04,FLOOD_EVIDENCE_NEEDS_DATE,,Candidate needs full-source reading or transcript before promotion.
youtube,scrapers-data/farnorth_youtube/dataset_youtube-scraper_2026-09-03_07-28-11-895.csv,row 10,2024-09-16T14:41:03.000Z,"Deadly floods hit Cameroon's Far North Region, precisely in Yagoua, displacing over 400.000 people.","Deadly floods hit Cameroon's Far North Region, precisely in Yagoua, displacing over 400.000 people. Locals are desperate, calling for help",https://www.youtube.com/watch?v=uL4UPLalnjs,FLOOD_EVIDENCE_NEEDS_DATE,,Candidate needs full-source reading or transcript before promotion.
youtube,scrapers-data/farnorth_youtube/dataset_youtube-scraper_2026-09-03_07-28-11-895.csv,row 12,2021-01-12T21:17:07.000Z,Assistance d’urgence aux sinistrés des inondations dans la région de l’Extrême Nord du Cameroun,"Financé par la gouvernement du Canada et exécuté par l'ONG ABIOGeT, le projet ""Assistance d’urgence aux sinistrés des inondations dans la région de l’Extrême Nord du Cameroun"" vise à soutenir 690 familles en leur distribuant  les produits de première nécessité tel que les céréales, du sucre, de l’huile de cuisine, du sel, du savon, des seaux; et 500 femmes et filles avec des kits d’hygiène intime tels que le lait de toilette, les serviettes, les brosses à dents, les savons antiseptiques. Le projet vise également à renforcer les capacités des jeunes volontaires sur les notions de secourisme en temps d'inondation, à sensibiliser les populations sur les mesures d’hygiène et de salubrité , à réhabiliter les latrines endommagées et à désinfecter les puits d’eau dans les Communes de Maroua 1, Kai-Kai, et Bogo",https://www.youtube.com/watch?v=blGHWUg3W-4,FLOOD_EVIDENCE_NEEDS_DATE,,Candidate needs full-source reading or transcript before promotion.
youtube,scrapers-data/farnorth_youtube/dataset_youtube-scraper_2026-09-03_07-28-11-895.csv,row 23,2024-10-10T08:18:07.000Z,Échos d’espoir au cœur des inondations dans l'Extrême-Nord du Cameroun,"Anne Fouchard, Cheffe de la Section Partenariat, Plaidoyer et Communication, rapporte depuis Maga, dans la région de l’Extrême-Nord du Cameroun, sur les efforts déployés par l’UNICEF et les équipes locales pour aider les victimes des récentes inondations.  Elle décrit les défis rencontrés, les besoins urgents des populations déplacées et les initiatives en cours pour améliorer leurs conditions de vie. Malgré les difficultés d’accès et les conditions précaires, l’aide commence à arriver, avec un accent particulier sur l’identification et le soutien des personnes les plus vulnérables.",https://www.youtube.com/watch?v=izjBn-iLr68,FLOOD_EVIDENCE_NEEDS_DATE,,Candidate needs full-source reading or transcript before promotion.
youtube,scrapers-data/farnorth_youtube/dataset_youtube-scraper_2026-09-03_07-28-11-895.csv,row 24,2024-09-14T00:05:51.000Z,INONDATIONS : LE PONT DE YAGOUA A CÉDÉ,"🔔Abonnez-vous à notre chaîne sur YouTube :    / @infos237news4  
🔴Rejoignez-nous sur Facebook :   / infos237news  ",https://www.youtube.com/watch?v=LoVvpAg-nig,FLOOD_EVIDENCE_NEEDS_DATE,,Candidate needs full-source reading or transcript before promotion.
youtube,scrapers-data/farnorth_youtube/dataset_youtube-scraper_2026-09-03_07-28-11-895.csv,row 29,2020-10-21T16:39:17.000Z,inondation à maroua,,https://www.youtube.com/watch?v=0ovWfM4kBvo,FLOOD_EVIDENCE_NEEDS_DATE,,Candidate needs full-source reading or transcript before promotion.
youtube,scrapers-data/farnorth_youtube/dataset_youtube-scraper_2026-09-03_07-28-11-895.csv,row 33,2020-09-05T21:50:18.000Z,PAPIER MAROUA APRES LES INONDATIONS,,https://www.youtube.com/watch?v=7rWDwht6D5A,FLOOD_EVIDENCE_NEEDS_DATE,,Candidate needs full-source reading or transcript before promotion.
youtube,scrapers-data/farnorth_youtube/dataset_youtube-scraper_2026-09-03_07-28-11-895.csv,row 35,2024-09-14T14:20:00.000Z,FLOODS YAGOUA  - EQUINOXE TV,"FLOODS YAGOUA  - EQUINOXE TV






#équinoxetv
#audelàdelimagenousrendonscompte




Follow us on
Facebook : https://www.facebook.com/equinoxe.television
Twitter : https://twitter.com/EquinoxeTv_cm
Instagram :https://www.instagram.com/equinoxetvofficial/
https://www.pinterest.com/equinoxetelevision/
https://www.linkedin.com/in/equinoxe-television-b8b59a280/
https://www.tiktok.com/@equinoxetelevision",https://www.youtube.com/watch?v=3gUf3rh8WK0,FLOOD_EVIDENCE_NEEDS_DATE,,Candidate needs full-source reading or transcript before promotion.
youtube,scrapers-data/farnorth_youtube/dataset_youtube-scraper_2026-09-03_07-28-11-895.csv,row 38,2023-09-15T16:30:16.000Z,L'inondation de l'école publique LOPERE de Maroua.,,https://www.youtube.com/watch?v=cgbC9eg9ajs,FLOOD_EVIDENCE_NEEDS_DATE,,Candidate needs full-source reading or transcript before promotion.
youtube,scrapers-data/farnorth_youtube/dataset_youtube-scraper_2026-09-03_07-28-11-895.csv,row 44,2022-09-28T04:43:53.000Z,LOGONE ORIENTAL - Constat sur les inondations dans la ville de Bebedja,PORTAIL DE LA RENAISSANCE DU TCHAD EST LA CHAÎNE OFFICIELLEMENT APPROUVÉE POUR LA TRANSMISSION ET LA DIFFUSION DE PROGRAMMES DE TÉLÉ-TCHAD SUR L'INTERNET AUX  PLATEFORMES RÉSEAUX SOCIAUX.,https://www.youtube.com/watch?v=KLaAs7paFvs,FLOOD_EVIDENCE_NEEDS_DATE,,Candidate needs full-source reading or transcript before promotion.
youtube,scrapers-data/farnorth_youtube/dataset_youtube-scraper_2026-09-03_07-28-11-895.csv,row 51,2024-10-23T19:46:02.000Z,Inondations 2024 à Kousseri,"Chers bien-aimées dans le Seigneur nous vous présentons les images d'inondations dans le département du Logone et Chari. Plusieurs habitations ou maison des frères en Christ écroulées, et plusieurs déplacés.",https://www.youtube.com/watch?v=EJNTRBluC7Y,FLOOD_EVIDENCE_NEEDS_DATE,,Candidate needs full-source reading or transcript before promotion.
youtube,scrapers-data/farnorth_youtube/dataset_youtube-scraper_2026-09-03_07-28-11-895.csv,row 52,2022-11-12T20:50:11.000Z,Climate Change! Logone and Chari.,"La situation des communautés touchées par les inondations dans le Logone et Chari. Localités concernées : Biamo, Biang, Makary, Bodo, Goulfey, Maltam, Kousseri",https://www.youtube.com/watch?v=WDW2sBUtu_s,FLOOD_EVIDENCE_NEEDS_DATE,,Candidate needs full-source reading or transcript before promotion.
youtube,scrapers-data/farnorth_youtube/dataset_youtube-scraper_2026-09-03_07-28-11-895.csv,row 54,2022-10-26T04:28:32.000Z,Inondations à KOUSSERI,Inondations dans la circonscription du LOGONE ET CHARI -KOUSSERI (Extrême Nord Cameroun). l'église locale de Madagascar (EMEC) menacée. le lieu de culte a été délocalisé jusqu'à nouvel ordre.,https://www.youtube.com/watch?v=hO6MZlegEWU,FLOOD_EVIDENCE_NEEDS_DATE,,Candidate needs full-source reading or transcript before promotion.
google,scrapers-data/farnorth_google/dataset_google-search-scraper_2026-09-03_07-45-11-270.csv,organicResults/0,2024-11-20T12:00:00.000Z,Extrême-Nord : Note d'information sur les inondations (au ...,"Entre le 19 septembre et le 11 novembre 2024, près de 84 000 nouvelles personnes affectées par les inondations dans les départements du Logone ...Read more",https://reliefweb.int/report/cameroon/cameroun-extreme-nord-note-dinformation-sur-les-inondations-au-11-novembre-2024,FLOOD_EVIDENCE_NEEDS_DATE,,Candidate needs full-source reading or transcript before promotion.
google,scrapers-data/farnorth_google/dataset_google-search-scraper_2026-09-03_07-45-11-270.csv,organicResults/1,2024-09-04T12:00:00.000Z,Cameroun - Extrême-Nord : Note d'information sur les ...,075 personnes affectées par les inondations dans 5 départements de. Mayo-Kani. importants ainsi que des inondations dans plusieurs localités ...,https://www.unocha.org/publications/report/cameroon/cameroun-extreme-nord-note-dinformation-sur-les-inondations-au-04-septembre-2024,FLOOD_EVIDENCE_NEEDS_DATE,,Candidate needs full-source reading or transcript before promotion.
google,scrapers-data/farnorth_google/dataset_google-search-scraper_2026-09-03_07-45-11-270.csv,organicResults/3,2026-05-26T12:00:00.000Z,MultiCriteria Analysis (MCA) Approach and GIS for Flood ...,MCA approach to assess and map flood risk in the Mayo Kani Division of Cameroon by integrating environmental and socio-spatial indicators. Mayo ...,https://www.researchgate.net/publication/326955213_MultiCriteria_Analysis_MCA_Approach_and_GIS_for_Flood_Risk_Assessment_and_Mapping_in_Mayo_Kani_Division_Far_North_Region_of_Cameroon,FLOOD_EVIDENCE_NEEDS_DATE,,Candidate needs full-source reading or transcript before promotion.
google,scrapers-data/farnorth_google/dataset_google-search-scraper_2026-09-03_07-45-11-270.csv,organicResults/5,,Région de l'Extrême-Nord ROUND 28,"Mayo-Kani, Inondation saisonnière ou fortes pluies. Le département du Mayo-Kani et Mayo-Sava détiennent la plus grande proportion (41% personnes déplacées à ...",https://dtm.iom.int/dtm_download_track/80116?file=1&amp;type=node&amp;id=53626,FLOOD_EVIDENCE_NEEDS_DATE,,Candidate needs full-source reading or transcript before promotion.
google,scrapers-data/farnorth_google/dataset_google-search-scraper_2026-09-03_07-45-11-270.csv,organicResults/6,,Suite a l'inondation qui continue de faire ravages dans la l' ...,"Suite a l'inondation qui continue de faire ravages dans la l'extrême nord qui touche trois départements ( Mayo Danay, Mayo Kani et le Logone ...",https://www.facebook.com/groups/541581966588426/posts/1751486432264634/,FLOOD_EVIDENCE_NEEDS_DATE,,Candidate needs full-source reading or transcript before promotion.
google,scrapers-data/farnorth_google/dataset_google-search-scraper_2026-09-03_07-45-11-270.csv,organicResults/7,2022-10-18T12:00:00.000Z,plus de 22 000 personnes sinistrées par les inondations,"3 836 ménages (22 776 personnes) ont été affectés par les inondations dans des localités des départements du Mayo Danay et du Mayo Kani, dans ...",https://www.stopblablacam.com/societe/1810-9518-extreme-nord-plus-de-22-000-personnes-sinistrees-par-les-inondations,FLOOD_EVIDENCE_NEEDS_DATE,,Candidate needs full-source reading or transcript before promotion.
google,scrapers-data/farnorth_google/dataset_google-search-scraper_2026-09-03_07-45-11-270.csv,organicResults/9,2024-10-23T12:00:00.000Z,"Inondations au Cameroun, l'Extrême-Nord se noie","Selon le rapport d'OCHA du 03 octobre 2024, les départements les plus touchés par ces inondations sont le Mayo-Danay et le Logone et Chari, avec ...Read more",https://www.actioncontrelafaim.org/actualites/a-la-une/inondations-au-cameroun-lextreme-nord-se-noie/,FLOOD_EVIDENCE_NEEDS_DATE,,Candidate needs full-source reading or transcript before promotion.
google,scrapers-data/farnorth_google/dataset_google-search-scraper_2026-09-03_07-45-11-270.csv,organicResults/0,2020-07-03T12:00:00.000Z,Inondations à Maroua : aux sources du problème,Le mauvais état des voies des canalisations des eaux identifié par le maire de la ville comme cause de ces désagréments.,https://www.cameroon-tribune.cm/article.html/33475/en.html/inondations-maroua-aux-sources,FLOOD_EVIDENCE_NEEDS_DATE,,Candidate needs full-source reading or transcript before promotion.
google,scrapers-data/farnorth_google/dataset_google-search-scraper_2026-09-03_07-45-11-270.csv,organicResults/2,2026-08-11T12:00:00.000Z,Gestion des risques d'inondations: Entre solutions et limites,"ou le Programme de lutte contre les inondations à Maroua, Garoua, Douala ou à Yaoundé, la liste des actions est non exhaustive.",https://www.cameroon-tribune.cm/article.html/79610/fr.html/gestion-risques-dinondations-entre-solutions-limites,FLOOD_EVIDENCE_NEEDS_DATE,,Candidate needs full-source reading or transcript before promotion.
google,scrapers-data/farnorth_google/dataset_google-search-scraper_2026-09-03_07-45-11-270.csv,organicResults/4,,Inondations à Maroua : aux sources du problème,Le mauvais état des voies des canalisations des eaux identifié par le maire de la ville comme cause de ces désagréments.,https://www.cameroon-tribune.cm/abonnement.html/33475/fr.html/abonnement,FLOOD_EVIDENCE_NEEDS_DATE,,Candidate needs full-source reading or transcript before promotion.
google,scrapers-data/farnorth_google/dataset_google-search-scraper_2026-09-03_07-45-11-270.csv,organicResults/6,2024-10-24T12:00:00.000Z,Climat : des risques persistants d'inondation,"Des inondations sont encore redoutées dans la région de l'Extrême-Nord, (Kousséri, Maroua, Goulfey, Gana, Kalfou, Yagoua, Logone Birni, etc.) ; ...Read more",https://www.cameroon-tribune.cm/article.html/67619/fr.html/climat-risques-persistants-dinondation,FLOOD_EVIDENCE_NEEDS_DATE,,Candidate needs full-source reading or transcript before promotion.
google,scrapers-data/farnorth_google/dataset_google-search-scraper_2026-09-03_07-45-11-270.csv,organicResults/8,2022-11-11T12:00:00.000Z,Extrême-Nord : faire des inondations une « Eau'portunité »,Maroua. « Eau'portunité » est un nouveau concept qui consiste à ne plus considérer « les multiples inondations comme une catastrophe ...Read more,https://www.cameroon-tribune.cm/article.html/52594/fr.html/extreme-nord-faire-inondations-une-,FLOOD_EVIDENCE_NEEDS_DATE,,Candidate needs full-source reading or transcript before promotion.
google,scrapers-data/farnorth_google/dataset_google-search-scraper_2026-09-03_07-45-11-270.csv,organicResults/0,,"In Maroua, the return of the rains also marks ...","In Maroua, the scenario repeats itself with every rainfall. Residents are calling for lasting solutions to put an end to these recurrent floods",https://www.facebook.com/MimiMefoInfo/posts/in-maroua-the-return-of-the-rains-also-marks-the-return-of-difficulties-for-many/1606309087518523/,FLOOD_EVIDENCE_NEEDS_DATE,,Candidate needs full-source reading or transcript before promotion.
google,scrapers-data/farnorth_google/dataset_google-search-scraper_2026-09-03_07-45-11-270.csv,organicResults/3,2026-07-28T12:00:00.000Z,Cameroon: Maroua floods exposes the growing cost of ...,The increasing frequency of floods across Cameroon is a warning that climate change is no longer a future threat but a present-day reality.,https://www.greenpeace.org/africa/en/press/61345/cameroon-maroua-floods-exposes-the-growing-cost-of-climate-inaction/,FLOOD_EVIDENCE_NEEDS_DATE,,Candidate needs full-source reading or transcript before promotion.
google,scrapers-data/farnorth_google/dataset_google-search-scraper_2026-09-03_07-45-11-270.csv,organicResults/6,2020-12-07T12:00:00.000Z,Watershed moment for Cameroon?,"During my time in Maroua, I saw how the population was affected by flooding every rainy season due to poor water management. It led me to ...",https://www.iwa-network.org/post/watershed-moment-for-cameroon,FLOOD_EVIDENCE_NEEDS_DATE,,Candidate needs full-source reading or transcript before promotion.
google,scrapers-data/farnorth_google/dataset_google-search-scraper_2026-09-03_07-45-11-270.csv,organicResults/0,2024-10-31T12:00:00.000Z,"Inondations dans l'Extrême-Nord : 38 morts, 50 000 ...","Le département du Logone-et-Chari enregistre le bilan le plus lourd avec 12 morts, suivi de près par le Mayo-Danay avec 11 décès, tandis que les ...Read more",https://actucameroun.com/2024/10/31/inondations-dans-lextreme-nord-38-morts-50-000-maisons-detruites-et-plus-de-450-000-sinistres-selon-lonu/,FLOOD_EVIDENCE_NEEDS_DATE,,Candidate needs full-source reading or transcript before promotion.
google,scrapers-data/farnorth_google/dataset_google-search-scraper_2026-09-03_07-45-11-270.csv,organicResults/2,2026-06-26T12:00:00.000Z,Urgence à Maroua : Plan anti-inondations 2026,"En 2024 dans l'Extrême-Nord du Cameroun, les inondations de ces derniers mois ont fait de nombreux dégâts. Selon au moins 200 075 personnes ...",https://actucameroun.com/2026/06/26/maroua-un-plan-durgence-se-met-en-place-pour-eviter-une-catastrophe-liee-aux-inondations/,FLOOD_EVIDENCE_NEEDS_DATE,,Candidate needs full-source reading or transcript before promotion.
google,scrapers-data/farnorth_google/dataset_google-search-scraper_2026-09-03_07-45-11-270.csv,organicResults/5,,Inondations à l'Extrême-Nord,"Dans la région de l'Extrême-Nord du Cameroun, les inondations ont détruit. Le pont reliant Maroua à Mora s'est effondré (Extrême-Nord) C'est ce matin de lundi ...",https://actucameroun.com/tag/inondations-a-lextreme-nord/,FLOOD_EVIDENCE_NEEDS_DATE,,Candidate needs full-source reading or transcript before promotion.
google,scrapers-data/farnorth_google/dataset_google-search-scraper_2026-09-03_07-45-11-270.csv,organicResults/7,2019-10-18T12:00:00.000Z,"Extrême-Nord : Kai-Kai, Maga et Zina dévastées par des ...","La région de l'Extrême-Nord est régulièrement le théâtre des inondations. En 2017 et 2018, elle a subi de fortes inondations avec un bilan d'au ...Read more",https://actucameroun.com/2019/10/18/extreme-nord-kai-kai-maga-et-zina-devastees-par-des-inondations/,FLOOD_EVIDENCE_NEEDS_DATE,,Candidate needs full-source reading or transcript before promotion.
google,scrapers-data/farnorth_google/dataset_google-search-scraper_2026-09-03_07-45-11-270.csv,organicResults/0,2024-11-20T12:00:00.000Z,Extrême-Nord : Note d'information sur les inondations (au ...,"Entre le 19 septembre et le 11 novembre 2024, près de 84 000 nouvelles personnes affectées par les inondations dans les départements du Logone ...Read more",https://reliefweb.int/report/cameroon/cameroun-extreme-nord-note-dinformation-sur-les-inondations-au-11-novembre-2024,FLOOD_EVIDENCE_NEEDS_DATE,,Candidate needs full-source reading or transcript before promotion.
google,scrapers-data/farnorth_google/dataset_google-search-scraper_2026-09-03_07-45-11-270.csv,organicResults/1,,Flood Susceptibility mapping applying Analytical Hierarchy ...,"L'occurrence des pluies brutales dans le Département du Diamaré (extrême-nord du Cameroun), expose cette zone aux crues récurrentes, engendrant des risques d' ...Read more",https://ijias.issr-journals.org/abstract.php?article=IJIAS-21-144-14,FLOOD_EVIDENCE_NEEDS_DATE,,Candidate needs full-source reading or transcript before promotion.
google,scrapers-data/farnorth_google/dataset_google-search-scraper_2026-09-03_07-45-11-270.csv,organicResults/3,2024-09-04T12:00:00.000Z,Cameroun - Extrême-Nord : Note d'information sur les ...,"Au moins 200 075 personnes affectées par les inondations dans 5 départements de l'Extrême Nord : Logone et Chari, Mayo-Danay, Diamaré, ...Read more",https://www.unocha.org/publications/report/cameroon/cameroun-extreme-nord-note-dinformation-sur-les-inondations-au-04-septembre-2024,FLOOD_EVIDENCE_NEEDS_DATE,,Candidate needs full-source reading or transcript before promotion.
google,scrapers-data/farnorth_google/dataset_google-search-scraper_2026-09-03_07-45-11-270.csv,organicResults/4,,"Flood Inundation mapping in Diamaré Division, Cameroon ...","Diamaré Division in Cameroon observed damage to an area of 69,141 hectares, with 27,934 hectares of cropland being affected and 785 people being exposed.",https://www.researchgate.net/publication/375757638_Flood_Inundation_mapping_in_Diamare_Division_Cameroon_using_SAR_and_Google_Earth_Engine,FLOOD_EVIDENCE_NEEDS_DATE,,Candidate needs full-source reading or transcript before promotion.
google,scrapers-data/farnorth_google/dataset_google-search-scraper_2026-09-03_07-45-11-270.csv,organicResults/7,,les inondations dans la région de l'extrême-nord du ...,"by F Saha · 2020 · Cited by 3 — LES INONDATIONS DANS (département du Diamaré). La ville de Maroua et les arrondissements de Kousseri, Cette région compte six départements : le ...",https://theses.hal.science/tel-05054784/document,FLOOD_EVIDENCE_NEEDS_DATE,,Candidate needs full-source reading or transcript before promotion.
google,scrapers-data/farnorth_google/dataset_google-search-scraper_2026-09-03_07-45-11-270.csv,organicResults/8,,Inondations à l'Extrême-Nord. Arrivée à Maroua vendredi ...,Cameroun: au moins 200.000 sinistrés après des inondations inédites L'Extrême-Nord du pays est frappé depuis plusieurs semaines par des ...Read more,https://www.facebook.com/cameroun.minhdu/posts/inondations-%C3%A0-lextr%C3%AAme-nord-arriv%C3%A9e-%C3%A0-maroua-vendredi-mme-le-ministre-de-lhabita/827132706273927/,FLOOD_EVIDENCE_NEEDS_DATE,,Candidate needs full-source reading or transcript before promotion.
google,scrapers-data/farnorth_google/dataset_google-search-scraper_2026-09-03_07-45-11-270.csv,organicResults/0,,Inondation de 2022 à Yagoua,"L'inondation à Yagoua en 2022 au Cameroun, est une catastrophe naturelle qui a débuté en juin 2022 et s'est poursuivie jusqu'à la fin du mois d' août 2022 ...Read more",https://fr.wikipedia.org/wiki/Inondation_de_2022_%C3%A0_Yagoua,FLOOD_EVIDENCE_NEEDS_DATE,,Candidate needs full-source reading or transcript before promotion.
google,scrapers-data/farnorth_google/dataset_google-search-scraper_2026-09-03_07-45-11-270.csv,organicResults/1,2024-10-07T12:00:00.000Z,"Inondations: dans l'Extrême-Nord du Cameroun, les ...",La destruction de ce pont à Yagoua est venue s'ajouter à d'importants dégâts matériels causés par les inondations dans la région l'Extrême-Nord ...Read more,https://www.rfi.fr/fr/afrique/20241007-inondations-dans-l-extr%C3%AAme-nord-du-cameroun-les-habitants-de-yagoua-priv%C3%A9s-d-un-pont-crucial,FLOOD_EVIDENCE_NEEDS_DATE,,Candidate needs full-source reading or transcript before promotion.
google,scrapers-data/farnorth_google/dataset_google-search-scraper_2026-09-03_07-45-11-270.csv,organicResults/3,2024-10-16T12:00:00.000Z,Inondations au Cameroun: appel des évêques à la ...,"Le principal pont reliant la ville de Yagoua à ses environs a cédé sous la fureur des eaux. A cause de la vase et de la boue, on ne peut pas ...Read more",https://www.vaticannews.va/fr/eglise/news/2024-10/inondations-cameroun-appel-eveques-solidarite-sinsistres-yagoua.html,FLOOD_EVIDENCE_NEEDS_DATE,,Candidate needs full-source reading or transcript before promotion.
google,scrapers-data/farnorth_google/dataset_google-search-scraper_2026-09-03_07-45-11-270.csv,organicResults/5,,Inondation de 2012 à Yagoua,"L'inondation de 2012 à Yagoua au Cameroun, est une catastrophe naturelle qui a débuté le 10 août 2012 dans la région de l'Extrême-Nord. L'afflux des eaux a été ...Read more",https://fr.wikipedia.org/wiki/Inondation_de_2012_%C3%A0_Yagoua,FLOOD_EVIDENCE_NEEDS_DATE,,Candidate needs full-source reading or transcript before promotion.
google,scrapers-data/farnorth_google/dataset_google-search-scraper_2026-09-03_07-45-11-270.csv,organicResults/6,2025-06-28T12:00:00.000Z,Yagoua : le retour des pluies fait craindre des inondations ...,"Cette inquiétude tient au fait que Yagoua est sujette à de graves inondations depuis bientôt deux années. L'année dernière, les eaux sont ...Read more",https://www.stopblablacam.com/societe/2806-14504-yagoua-le-retour-des-pluies-fait-craindre-des-inondations-comme-l-annee-derniere,FLOOD_EVIDENCE_NEEDS_DATE,,Candidate needs full-source reading or transcript before promotion.
google,scrapers-data/farnorth_google/dataset_google-search-scraper_2026-09-03_07-45-11-270.csv,organicResults/1,2024-08-25T12:00:00.000Z,CMR: Inondation - 08-2024 - inondation Logone et Chari,"De même, quelques localités dans les arrondissements de Logone birni, Kousseri et goulfey sont touchées. Ces inondations viennent trouver ...Read more",https://go.ifrc.org/field-reports/17223,FLOOD_EVIDENCE_NEEDS_DATE,,Candidate needs full-source reading or transcript before promotion.
google,scrapers-data/farnorth_google/dataset_google-search-scraper_2026-09-03_07-45-11-270.csv,organicResults/2,,inondations à Kousseri - UNICEF Cameroon,,https://www.facebook.com/unicefcameroon/videos/inondations-%C3%A0-kousseri/866564892309214/,FLOOD_EVIDENCE_NEEDS_DATE,,Candidate needs full-source reading or transcript before promotion.
google,scrapers-data/farnorth_google/dataset_google-search-scraper_2026-09-03_07-45-11-270.csv,organicResults/3,,Inondations recurrentes dans la ville de Kousseri ces ...,"Dans le 9è Arrondissement, les quartiers Toukra, Goumna, Gueli, Kabe Dingagali sont affectés par le débordement des eaux du Chari et du Logone.Read more",https://www.facebook.com/CRTVweb/posts/inondations-recurrentes-dans-la-ville-de-kousseri-ces-derni%C3%A8res-semaines-du-fait/2757446067827712/,FLOOD_EVIDENCE_NEEDS_DATE,,Candidate needs full-source reading or transcript before promotion.
google,scrapers-data/farnorth_google/dataset_google-search-scraper_2026-09-03_07-45-11-270.csv,organicResults/6,,Une ville sahélienne sous la menace des inondations : Kousseri,"by M SIMEU KAMDEN · 2000 · Cited by 2 — Une ville sahélienne sous la menace des inondations : Kousseri · SIMEU KAMDEN, M · Société et environnement au Cameroun · FODOUOP, K · Assainissement · Sanitation ...Read more",http://pascal-francis.inist.fr/vibad/index.php?action=getRecordDetail&idt=14319141,FLOOD_EVIDENCE_NEEDS_DATE,,Candidate needs full-source reading or transcript before promotion.
google,scrapers-data/farnorth_google/dataset_google-search-scraper_2026-09-03_07-45-11-270.csv,organicResults/8,2024-10-08T12:00:00.000Z,"Extrême-Nord : victimes des inondations, les populations ...","Sur un vaste terrain vague, les populations de Kousseri construisent des abris de fortune pour fuir les inondations qui gagnent ...Read more",https://www.stopblablacam.com/societe/0810-13098-extreme-nord-victimes-des-inondations-les-populations-de-kousseri-attendent-laide-du-gouvernement,FLOOD_EVIDENCE_NEEDS_DATE,,Candidate needs full-source reading or transcript before promotion.
