Event_ID,Date,Precise_Location,Proof_Source,Source_URL,canonical_event_id,verification_status,verification_basis,source_url_checked,scope_label
1,31 August 2020,"Maroua (bridge collapse), Logone & Chari, Mayo-Sava, Mayo-Danay, Mayo-Kani Divisions",IFRC DREF MDRCM029 Final Report,https://reliefweb.int/report/cameroon/cameroon-floods-far-north-region-final-report-dref-operation-no-mdrcm029,FNR-FLD-2020-002,VERIFIED_FLOOD_EVENT,"IFRC MDRCM029 final report: torrential rains peaked 31 August; Maroua bridge collapsed; five listed divisions affected. ReliefWeb page access-restricted, validated against local primary PDF MDRCM029dfr.pdf.",https://reliefweb.int/report/cameroon/cameroon-floods-far-north-region-final-report-dref-operation-no-mdrcm029,"Far North region only, 2015-2025"
2,11-12 September 2020,"Mayo-Danay (19,218 people), Mayo-Kani (7,184 people)",IFRC DREF MDRCM029 Final Report,https://reliefweb.int/report/cameroon/cameroon-floods-far-north-region-final-report-dref-operation-no-mdrcm029,FNR-FLD-2020-003,VERIFIED_FLOOD_EVENT,"IFRC MDRCM029 final report: intense continuous rainfall on 11-12 September in Mayo-Danay and Mayo-Kani, with the stated affected population.",https://reliefweb.int/report/cameroon/cameroon-floods-far-north-region-final-report-dref-operation-no-mdrcm029,"Far North region only, 2015-2025"
3,4 October 2019,"Maga Sub-Division: Nohoye, Pinfoung, Koundouma, Guiding, Sarahara, Lahai, Guirvidig, Dawaya, Gounmi, Mourna",IFRC EPoA MDRCM028,https://adore.ifrc.org/Download.aspx?FileId=264743,FLD-CMR-2019-001,ADDITIONAL_SUPPORTING_EVIDENCE,IFRC MDRCM028 EPoA directly confirms 4 October 2019 flooding in named Maga subdivision villages.,https://adore.ifrc.org/Download.aspx?FileId=264743,"Far North region only, 2015-2025"
4,1 October 2019,"Zina commune, Logone-et-Chari department (valley flooding)",ACAPS Briefing Note 11 October 2019,https://www.acaps.org/fileadmin/Data_Product/Main_media/11102019_acaps_start_briefing_note_far_north_region_cameroon_0.pdf,FLD-CMR-2019-001,ADDITIONAL_SUPPORTING_EVIDENCE,"ACAPS source directly confirms Logone overflow on 1 October 2019 and flooding in Zina district, Logone-et-Chari.",https://www.acaps.org/fileadmin/Data_Product/Main_media/11102019_acaps_start_briefing_note_far_north_region_cameroon_0.pdf,"Far North region only, 2015-2025"
5,19 August - September 2024,"Blangoua (75,000), Makary (43,000), Zina (9,000) - Logone & Chari; Maga (18,000), Yagoua (13,000) - Mayo-Danay",IFRC DREF Appeal MDRCM039,https://reliefweb.int/report/cameroon/cameroon-far-north-floods-dref-operation-appeal-mdrcm039,FLD-CMR-2024-001,ADDITIONAL_SUPPORTING_EVIDENCE,MDRCM039 establishes the August 2024 flood series in named Logone-et-Chari and Mayo-Danay localities; direct ReliefWeb page access-restricted and corroborated by IFRC/UNFPA primary material.,https://reliefweb.int/report/cameroon/cameroon-far-north-floods-dref-operation-appeal-mdrcm039,"Far North region only, 2015-2025"
6,28 August 2024,"Yagoua town (dike break), Mayo-Danay",IFRC Appeal MDRCM039,https://reliefweb.int/report/cameroon/cameroon-far-north-floods-dref-operation-appeal-mdrcm039,FLD-CMR-2024-001,ADDITIONAL_SUPPORTING_EVIDENCE,MDRCM039 identifies the 28 August Yagoua dike breach as the flood peak.,https://reliefweb.int/report/cameroon/cameroon-far-north-floods-dref-operation-appeal-mdrcm039,"Far North region only, 2015-2025"
7,10 November 2024,"Kousseri (dyke damage), Logone-and-Chari",UNFPA Situation Report,https://cameroon.unfpa.org/en/publications/situation-report-n%C2%B0002floods-far-north,FLD-CMR-2024-001,ADDITIONAL_SUPPORTING_EVIDENCE,UNFPA Situation Report No. 002 confirms 10 November 2024 dyke damage in Kousseri.,https://cameroon.unfpa.org/en/publications/situation-report-n%C2%B0002floods-far-north,"Far North region only, 2015-2025"
8,17 November 2024,"Biamo village, Makary Subdivision (dyke break)",UNFPA Situation Report,https://cameroon.unfpa.org/en/publications/situation-report-n%C2%B0002floods-far-north,FLD-CMR-2024-001,ADDITIONAL_SUPPORTING_EVIDENCE,"UNFPA Situation Report No. 002 confirms 17 November 2024 dyke break at Biamo, Makary.",https://cameroon.unfpa.org/en/publications/situation-report-n%C2%B0002floods-far-north,"Far North region only, 2015-2025"
9,13 July 2025,"Mayo-Tsanaga: Mozogo, Nguetchewé¹², Korsamba, Kaliari (914 people, 292 houses)",IFRC Operation Update #3 MDRCM039,https://go-api.ifrc.org/api/downloadfile/92340/MDRCM039eu3,FNR-FLD-2025-001,VERIFIED_FLOOD_EVENT,IFRC MDRCM039 Operation Update #3 directly confirms 13 July flooding in named Mayo-Tsanaga localities.,https://go-api.ifrc.org/api/downloadfile/92340/MDRCM039eu3,"Far North region only, 2015-2025"
10,5 August 2025,"Mayo-Danay: Gobo, Yagoua, Guere, Wina, Datcheka, Doukoula, Tchatibali, Vele, Kai-Kai, Maga (11 arrondissements)",IFRC Operation Update #3 MDRCM039,https://go-api.ifrc.org/api/downloadfile/92340/MDRCM039eu3,FNR-FLD-2025-001,VERIFIED_FLOOD_EVENT,IFRC MDRCM039 Operation Update #3 directly confirms 5 August torrential-rain flooding across named Mayo-Danay arrondissements.,https://go-api.ifrc.org/api/downloadfile/92340/MDRCM039eu3,"Far North region only, 2015-2025"
11,12 August 2025,"Hina subdivision, Mayo-Tsanaga",IFRC Operation Update #3 MDRCM039,https://go-api.ifrc.org/api/downloadfile/92340/MDRCM039eu3,FNR-FLD-2025-001,VERIFIED_FLOOD_EVENT,"IFRC MDRCM039 Operation Update #3 directly confirms 12 August heavy-rain damage in Hina subdivision, Mayo-Tsanaga.",https://go-api.ifrc.org/api/downloadfile/92340/MDRCM039eu3,"Far North region only, 2015-2025"
12,July 2025,"Mayo-Danay & Logone-et-Chari (700+ people, 2 deaths, 500+ houses destroyed)",IFRC Operation Update #3 MDRCM039,https://go-api.ifrc.org/api/downloadfile/92340/MDRCM039eu3,FNR-FLD-2025-001,VERIFIED_FLOOD_EVENT,IFRC MDRCM039 Operation Update #3 directly confirms July 2025 flooding in Mayo-Danay and Logone-et-Chari.,https://go-api.ifrc.org/api/downloadfile/92340/MDRCM039eu3,"Far North region only, 2015-2025"
13,7-8 October 2025,"Logone-et-Chari: Hile-Alifa, Katikime, Tchika",OCHA via StopBlablacam (January 2026),https://www.stopblablacam.com/society/0901-15574-cameroon-far-north-records-nearly-7-000-displaced-amid-violence-and-floods,FNR-FLD-2025-002,VERIFIED_FLOOD_EVENT,"StopBlaBlaCam's report of OCHA's October sitrep states floods on 7-8 October at Hile-Alifa, Katikime and Tchika; direct page was access-error but indexed full text was reviewed.",https://www.stopblablacam.com/society/0901-15574-cameroon-far-north-records-nearly-7-000-displaced-amid-violence-and-floods,"Far North region only, 2015-2025"
14,October 2025,"Mayo-Danay: Kai-Kai district (2,800 households, ~16,000 people)",OCHA via StopBlablacam (January 2026),https://www.stopblablacam.com/society/0901-15574-cameroon-far-north-records-nearly-7-000-displaced-amid-violence-and-floods,FNR-FLD-2025-001,ADDITIONAL_SUPPORTING_EVIDENCE,"The same OCHA-reported account attributes the Kai-Kai flooding to July-August rains and Logone overflow, so it supports the July-August episode rather than creating a false October episode.",https://www.stopblablacam.com/society/0901-15574-cameroon-far-north-records-nearly-7-000-displaced-amid-violence-and-floods,"Far North region only, 2015-2025"
15,August 2022,"Mayo-Danay, Logone-et-Chari, Mayo-Tsanaga (40,000+ people affected)",ReliefWeb Disaster Page fl-2022-000349-cmr,https://reliefweb.int/disaster/fl-2022-000349-cmr,FLD-CMR-2022-001,ADDITIONAL_SUPPORTING_EVIDENCE,ReliefWeb disaster record supports the already-audited August-November 2022 episode; direct page access-restricted.,https://reliefweb.int/disaster/fl-2022-000349-cmr,"Far North region only, 2015-2025"
16,Mid-August to October 2022,"Multiple localities across Mayo-Danay, Logone-et-Chari, Mayo-Tsanaga",UNFPA Flooding Situation Report October 2022,https://cameroon.unfpa.org/en/publications/flooding-situation-reportfar-north-and-north-regionsoctober-2022,FLD-CMR-2022-001,ADDITIONAL_SUPPORTING_EVIDENCE,UNFPA October 2022 situation report establishes the mid-August to October window and Far North administrative footprint.,https://cameroon.unfpa.org/en/publications/flooding-situation-reportfar-north-and-north-regionsoctober-2022,"Far North region only, 2015-2025"
17,August 2024,"Mayo-Tsanaga, Mayo-Danay, Logone-and-Chari, Diamare, Mayo-Kani (463,563 people total)",UNFPA Flash Update #2 (15 Sep 2024),https://www.unfpa.org/sites/default/files/resource-pdf/Cameroon%20Floods%20Flash%20Update%20%232%20(Final).pdf,FLD-CMR-2024-001,ADDITIONAL_SUPPORTING_EVIDENCE,"UNFPA Flash Update #2 confirms floods in Logone-et-Chari, Mayo-Danay, Diamaré, Mayo-Tsanaga and Mayo-Kani.",https://www.unfpa.org/sites/default/files/resource-pdf/Cameroon%20Floods%20Flash%20Update%20%232%20(Final).pdf,"Far North region only, 2015-2025"
18,July-August 2024,"Mokolo district, Mayo-Tsanaga (~200 people); Ndoukoula district, Diamare (400+ people)",IFRC DREF Appeal MDRCM039,https://reliefweb.int/report/cameroon/cameroon-far-north-floods-dref-operation-appeal-mdrcm039,FLD-CMR-2024-001,ADDITIONAL_SUPPORTING_EVIDENCE,MDRCM039 corroborates July-August effects in Mokolo (Mayo-Tsanaga) and Ndoukoula (Diamaré).,https://reliefweb.int/report/cameroon/cameroon-far-north-floods-dref-operation-appeal-mdrcm039,"Far North region only, 2015-2025"
19,"25,582 people affected (October 2019)","Maga (2,375), Kai-Kai (2,413), Yagoua (1,435), Zina (19,359)",IFRC EPoA MDRCM028 Table,https://adore.ifrc.org/Download.aspx?FileId=264743,FLD-CMR-2019-001,ADDITIONAL_SUPPORTING_EVIDENCE,"IFRC MDRCM028 table directly confirms the October 2019 affected-population distribution across Maga, Kai-Kai, Yagoua and Zina.",https://adore.ifrc.org/Download.aspx?FileId=264743,"Far North region only, 2015-2025"
20,August 2020,"7 districts, Mayo-Danay (5,553 people lost shelter)",OCHA via ReliefWeb fl-2020-000195-cmr,https://reliefweb.int/disaster/fl-2020-000195-cmr,FNR-FLD-2020-002,ADDITIONAL_SUPPORTING_EVIDENCE,OCHA/ReliefWeb August 2020 disaster record supports the 31-August 2020 wave; direct page access-restricted.,https://reliefweb.int/disaster/fl-2020-000195-cmr,"Far North region only, 2015-2025"
