year,candidate_footprint,source_family,final_status,canonical_event_id,finding,scope_label
2015,Zina / Logone-et-Chari,OCHA weekly snapshot candidate,FLOOD_EVIDENCE_NEEDS_DATE,,No retrievable primary text found that establishes the asserted October 2015 flood date/window.,"Far North region only, 2015-2025"
2016,Mayo-Danay,IOM/UNHCR DTM candidate,FLOOD_EVIDENCE_NEEDS_DATE,,Retrieved 2016 DTM search result concerns conflict assessment in Logone-et-Chari; it does not prove the asserted August Mayo-Danay flood.,"Far North region only, 2015-2025"
2017,Zina / Logone-et-Chari,OCHA humanitarian bulletin / UN-SPIDER,ADDITIONAL_SUPPORTING_EVIDENCE,FLD-CMR-2017-001,Already canonical; OCHA result describes hundreds displaced after heavy rains in Zina villages.,"Far North region only, 2015-2025"
2018,"Mora / Kolofata, Mayo-Sava",IFRC/UNICEF cholera-response candidate,GENERAL_FLOOD_REFERENCE,,"Retrieved sources document cholera, displacement and preparedness, not a flood event at the asserted time/place.","Far North region only, 2015-2025"
2019,Zina / Maga / Kai-Kai,"ACAPS, IFRC, UNICEF",ADDITIONAL_SUPPORTING_EVIDENCE,FLD-CMR-2019-001,"Multiple reports document dates and impacts, but within the canonical September-November 2019 episode.","Far North region only, 2015-2025"
2020,Far North / Logone-et-Chari / Mayo-Danay,"OCHA HNO, Cameroon Tribune, JRC",ADDITIONAL_SUPPORTING_EVIDENCE,FLD-CMR-2020-001,"October-November impacts are part of the documented severe 2020 rainy-season episode, not independently established new waves.","Far North region only, 2015-2025"
2021,Makary / Goulfey,OCHA candidate,FLOOD_EVIDENCE_NEEDS_DATE,,No inspected source text establishes both an August 2021 flood window and these locations.,"Far North region only, 2015-2025"
2022,Kousseri / Far North,UNFPA and OCHA,ADDITIONAL_SUPPORTING_EVIDENCE,FLD-CMR-2022-001,UNFPA establishes an August-October 2022 season and later November dyke damage; already one canonical 2022 episode.,"Far North region only, 2015-2025"
2023,Bourrha / Mogodé / Maga,WFP/FEWS NET candidates,GENERAL_FLOOD_REFERENCE,,"Located results describe vulnerability or risk analysis, not a dated flood occurrence. Blangoua remains the sole verified 2023 episode.","Far North region only, 2015-2025"
2024,five Far North divisions,"IFRC, UNFPA, UNICEF, FAO",ADDITIONAL_SUPPORTING_EVIDENCE,FLD-CMR-2024-001,All corroborate/refine the existing July-November 2024 regional episode.,"Far North region only, 2015-2025"
2025,Mayo-Tsanaga / Mayo-Danay / Logone-et-Chari,"IFRC, UNICEF, OCHA-reported source",ADDITIONAL_SUPPORTING_EVIDENCE,FNR-FLD-2025-001; FNR-FLD-2025-002,"July-August and 7-8 October episodes already canonical. UNICEF Q3 report has a reporting-period date, not another event date.","Far North region only, 2015-2025"
