file,readable,variables,date_start,date_end,lat_min,lat_max,lon_min,lon_max,component
ERA5-datasets/Far_North/ERA5_Far_North_2015_01.nc,True,"tp,ro,ssro,swvl1,t2m,d2m,pev,u10,v10",2015-01-01,2015-01-31,10.0,13.0,13.0,16.0,ERA5_LAND_FAR_NORTH
ERA5-datasets/Far_North/ERA5_Far_North_2015_02.nc,True,"tp,ro,ssro,swvl1,t2m,d2m,pev,u10,v10",2015-02-01,2015-02-28,10.0,13.0,13.0,16.0,ERA5_LAND_FAR_NORTH
ERA5-datasets/Far_North/ERA5_Far_North_2015_03.nc,True,"tp,ro,ssro,swvl1,t2m,d2m,pev,u10,v10",2015-03-01,2015-03-31,10.0,13.0,13.0,16.0,ERA5_LAND_FAR_NORTH
ERA5-datasets/Far_North/ERA5_Far_North_2015_04.nc,True,"tp,ro,ssro,swvl1,t2m,d2m,pev,u10,v10",2015-04-01,2015-04-30,10.0,13.0,13.0,16.0,ERA5_LAND_FAR_NORTH
ERA5-datasets/Far_North/ERA5_Far_North_2015_05.nc,True,"tp,ro,ssro,swvl1,t2m,d2m,pev,u10,v10",2015-05-01,2015-05-31,10.0,13.0,13.0,16.0,ERA5_LAND_FAR_NORTH
ERA5-datasets/Far_North/ERA5_Far_North_2015_06.nc,True,"tp,ro,ssro,swvl1,t2m,d2m,pev,u10,v10",2015-06-01,2015-06-30,10.0,13.0,13.0,16.0,ERA5_LAND_FAR_NORTH
ERA5-datasets/Far_North/ERA5_Far_North_2015_07.nc,True,"tp,ro,ssro,swvl1,t2m,d2m,pev,u10,v10",2015-07-01,2015-07-31,10.0,13.0,13.0,16.0,ERA5_LAND_FAR_NORTH
ERA5-datasets/Far_North/ERA5_Far_North_2015_08.nc,True,"tp,ro,ssro,swvl1,t2m,d2m,pev,u10,v10",2015-08-01,2015-08-31,10.0,13.0,13.0,16.0,ERA5_LAND_FAR_NORTH
ERA5-datasets/Far_North/ERA5_Far_North_2015_09.nc,True,"tp,ro,ssro,swvl1,t2m,d2m,pev,u10,v10",2015-09-01,2015-09-30,10.0,13.0,13.0,16.0,ERA5_LAND_FAR_NORTH
ERA5-datasets/Far_North/ERA5_Far_North_2015_10.nc,True,"tp,ro,ssro,swvl1,t2m,d2m,pev,u10,v10",2015-10-01,2015-10-31,10.0,13.0,13.0,16.0,ERA5_LAND_FAR_NORTH
ERA5-datasets/Far_North/ERA5_Far_North_2015_11.nc,True,"tp,ro,ssro,swvl1,t2m,d2m,pev,u10,v10",2015-11-01,2015-11-30,10.0,13.0,13.0,16.0,ERA5_LAND_FAR_NORTH
ERA5-datasets/Far_North/ERA5_Far_North_2015_12.nc,True,"tp,ro,ssro,swvl1,t2m,d2m,pev,u10,v10",2015-12-01,2015-12-31,10.0,13.0,13.0,16.0,ERA5_LAND_FAR_NORTH
ERA5-datasets/Far_North/ERA5_Far_North_2016_01.nc,True,"tp,ro,ssro,swvl1,t2m,d2m,pev,u10,v10",2016-01-01,2016-01-31,10.0,13.0,13.0,16.0,ERA5_LAND_FAR_NORTH
ERA5-datasets/Far_North/ERA5_Far_North_2016_02.nc,True,"tp,ro,ssro,swvl1,t2m,d2m,pev,u10,v10",2016-02-01,2016-02-29,10.0,13.0,13.0,16.0,ERA5_LAND_FAR_NORTH
ERA5-datasets/Far_North/ERA5_Far_North_2016_03.nc,True,"tp,ro,ssro,swvl1,t2m,d2m,pev,u10,v10",2016-03-01,2016-03-31,10.0,13.0,13.0,16.0,ERA5_LAND_FAR_NORTH
ERA5-datasets/Far_North/ERA5_Far_North_2016_04.nc,True,"tp,ro,ssro,swvl1,t2m,d2m,pev,u10,v10",2016-04-01,2016-04-30,10.0,13.0,13.0,16.0,ERA5_LAND_FAR_NORTH
ERA5-datasets/Far_North/ERA5_Far_North_2016_05.nc,True,"tp,ro,ssro,swvl1,t2m,d2m,pev,u10,v10",2016-05-01,2016-05-31,10.0,13.0,13.0,16.0,ERA5_LAND_FAR_NORTH
ERA5-datasets/Far_North/ERA5_Far_North_2016_06.nc,True,"tp,ro,ssro,swvl1,t2m,d2m,pev,u10,v10",2016-06-01,2016-06-30,10.0,13.0,13.0,16.0,ERA5_LAND_FAR_NORTH
ERA5-datasets/Far_North/ERA5_Far_North_2016_07.nc,True,"tp,ro,ssro,swvl1,t2m,d2m,pev,u10,v10",2016-07-01,2016-07-31,10.0,13.0,13.0,16.0,ERA5_LAND_FAR_NORTH
ERA5-datasets/Far_North/ERA5_Far_North_2016_08.nc,True,"tp,ro,ssro,swvl1,t2m,d2m,pev,u10,v10",2016-08-01,2016-08-31,10.0,13.0,13.0,16.0,ERA5_LAND_FAR_NORTH
ERA5-datasets/Far_North/ERA5_Far_North_2016_09.nc,True,"tp,ro,ssro,swvl1,t2m,d2m,pev,u10,v10",2016-09-01,2016-09-30,10.0,13.0,13.0,16.0,ERA5_LAND_FAR_NORTH
ERA5-datasets/Far_North/ERA5_Far_North_2016_10.nc,True,"tp,ro,ssro,swvl1,t2m,d2m,pev,u10,v10",2016-10-01,2016-10-31,10.0,13.0,13.0,16.0,ERA5_LAND_FAR_NORTH
ERA5-datasets/Far_North/ERA5_Far_North_2016_11.nc,True,"tp,ro,ssro,swvl1,t2m,d2m,pev,u10,v10",2016-11-01,2016-11-30,10.0,13.0,13.0,16.0,ERA5_LAND_FAR_NORTH
ERA5-datasets/Far_North/ERA5_Far_North_2016_12.nc,True,"tp,ro,ssro,swvl1,t2m,d2m,pev,u10,v10",2016-12-01,2016-12-31,10.0,13.0,13.0,16.0,ERA5_LAND_FAR_NORTH
ERA5-datasets/Far_North/ERA5_Far_North_2017_01.nc,True,"tp,ro,ssro,swvl1,t2m,d2m,pev,u10,v10",2017-01-01,2017-01-31,10.0,13.0,13.0,16.0,ERA5_LAND_FAR_NORTH
ERA5-datasets/Far_North/ERA5_Far_North_2017_02.nc,True,"tp,ro,ssro,swvl1,t2m,d2m,pev,u10,v10",2017-02-01,2017-02-28,10.0,13.0,13.0,16.0,ERA5_LAND_FAR_NORTH
ERA5-datasets/Far_North/ERA5_Far_North_2017_03.nc,True,"tp,ro,ssro,swvl1,t2m,d2m,pev,u10,v10",2017-03-01,2017-03-31,10.0,13.0,13.0,16.0,ERA5_LAND_FAR_NORTH
ERA5-datasets/Far_North/ERA5_Far_North_2017_04.nc,True,"tp,ro,ssro,swvl1,t2m,d2m,pev,u10,v10",2017-04-01,2017-04-30,10.0,13.0,13.0,16.0,ERA5_LAND_FAR_NORTH
ERA5-datasets/Far_North/ERA5_Far_North_2017_05.nc,True,"tp,ro,ssro,swvl1,t2m,d2m,pev,u10,v10",2017-05-01,2017-05-31,10.0,13.0,13.0,16.0,ERA5_LAND_FAR_NORTH
ERA5-datasets/Far_North/ERA5_Far_North_2017_06.nc,True,"tp,ro,ssro,swvl1,t2m,d2m,pev,u10,v10",2017-06-01,2017-06-30,10.0,13.0,13.0,16.0,ERA5_LAND_FAR_NORTH
ERA5-datasets/Far_North/ERA5_Far_North_2017_07.nc,True,"tp,ro,ssro,swvl1,t2m,d2m,pev,u10,v10",2017-07-01,2017-07-31,10.0,13.0,13.0,16.0,ERA5_LAND_FAR_NORTH
ERA5-datasets/Far_North/ERA5_Far_North_2017_08.nc,True,"tp,ro,ssro,swvl1,t2m,d2m,pev,u10,v10",2017-08-01,2017-08-31,10.0,13.0,13.0,16.0,ERA5_LAND_FAR_NORTH
ERA5-datasets/Far_North/ERA5_Far_North_2017_09.nc,True,"tp,ro,ssro,swvl1,t2m,d2m,pev,u10,v10",2017-09-01,2017-09-30,10.0,13.0,13.0,16.0,ERA5_LAND_FAR_NORTH
ERA5-datasets/Far_North/ERA5_Far_North_2017_10.nc,True,"tp,ro,ssro,swvl1,t2m,d2m,pev,u10,v10",2017-10-01,2017-10-31,10.0,13.0,13.0,16.0,ERA5_LAND_FAR_NORTH
ERA5-datasets/Far_North/ERA5_Far_North_2017_11.nc,True,"tp,ro,ssro,swvl1,t2m,d2m,pev,u10,v10",2017-11-01,2017-11-30,10.0,13.0,13.0,16.0,ERA5_LAND_FAR_NORTH
ERA5-datasets/Far_North/ERA5_Far_North_2017_12.nc,True,"tp,ro,ssro,swvl1,t2m,d2m,pev,u10,v10",2017-12-01,2017-12-31,10.0,13.0,13.0,16.0,ERA5_LAND_FAR_NORTH
ERA5-datasets/Far_North/ERA5_Far_North_2018_01.nc,True,"tp,ro,ssro,swvl1,t2m,d2m,pev,u10,v10",2018-01-01,2018-01-31,10.0,13.0,13.0,16.0,ERA5_LAND_FAR_NORTH
ERA5-datasets/Far_North/ERA5_Far_North_2018_02.nc,True,"tp,ro,ssro,swvl1,t2m,d2m,pev,u10,v10",2018-02-01,2018-02-28,10.0,13.0,13.0,16.0,ERA5_LAND_FAR_NORTH
ERA5-datasets/Far_North/ERA5_Far_North_2018_03.nc,True,"tp,ro,ssro,swvl1,t2m,d2m,pev,u10,v10",2018-03-01,2018-03-31,10.0,13.0,13.0,16.0,ERA5_LAND_FAR_NORTH
ERA5-datasets/Far_North/ERA5_Far_North_2018_04.nc,True,"tp,ro,ssro,swvl1,t2m,d2m,pev,u10,v10",2018-04-01,2018-04-30,10.0,13.0,13.0,16.0,ERA5_LAND_FAR_NORTH
ERA5-datasets/Far_North/ERA5_Far_North_2018_05.nc,True,"tp,ro,ssro,swvl1,t2m,d2m,pev,u10,v10",2018-05-01,2018-05-31,10.0,13.0,13.0,16.0,ERA5_LAND_FAR_NORTH
ERA5-datasets/Far_North/ERA5_Far_North_2018_06.nc,True,"tp,ro,ssro,swvl1,t2m,d2m,pev,u10,v10",2018-06-01,2018-06-30,10.0,13.0,13.0,16.0,ERA5_LAND_FAR_NORTH
ERA5-datasets/Far_North/ERA5_Far_North_2018_07.nc,True,"tp,ro,ssro,swvl1,t2m,d2m,pev,u10,v10",2018-07-01,2018-07-31,10.0,13.0,13.0,16.0,ERA5_LAND_FAR_NORTH
ERA5-datasets/Far_North/ERA5_Far_North_2018_08.nc,True,"tp,ro,ssro,swvl1,t2m,d2m,pev,u10,v10",2018-08-01,2018-08-31,10.0,13.0,13.0,16.0,ERA5_LAND_FAR_NORTH
ERA5-datasets/Far_North/ERA5_Far_North_2018_09.nc,True,"tp,ro,ssro,swvl1,t2m,d2m,pev,u10,v10",2018-09-01,2018-09-30,10.0,13.0,13.0,16.0,ERA5_LAND_FAR_NORTH
ERA5-datasets/Far_North/ERA5_Far_North_2018_10.nc,True,"tp,ro,ssro,swvl1,t2m,d2m,pev,u10,v10",2018-10-01,2018-10-31,10.0,13.0,13.0,16.0,ERA5_LAND_FAR_NORTH
ERA5-datasets/Far_North/ERA5_Far_North_2018_11.nc,True,"tp,ro,ssro,swvl1,t2m,d2m,pev,u10,v10",2018-11-01,2018-11-30,10.0,13.0,13.0,16.0,ERA5_LAND_FAR_NORTH
ERA5-datasets/Far_North/ERA5_Far_North_2018_12.nc,True,"tp,ro,ssro,swvl1,t2m,d2m,pev,u10,v10",2018-12-01,2018-12-31,10.0,13.0,13.0,16.0,ERA5_LAND_FAR_NORTH
ERA5-datasets/Far_North/ERA5_Far_North_2019_01.nc,True,"tp,ro,ssro,swvl1,t2m,d2m,pev,u10,v10",2019-01-01,2019-01-31,10.0,13.0,13.0,16.0,ERA5_LAND_FAR_NORTH
ERA5-datasets/Far_North/ERA5_Far_North_2019_02.nc,True,"tp,ro,ssro,swvl1,t2m,d2m,pev,u10,v10",2019-02-01,2019-02-28,10.0,13.0,13.0,16.0,ERA5_LAND_FAR_NORTH
ERA5-datasets/Far_North/ERA5_Far_North_2019_03.nc,True,"tp,ro,ssro,swvl1,t2m,d2m,pev,u10,v10",2019-03-01,2019-03-31,10.0,13.0,13.0,16.0,ERA5_LAND_FAR_NORTH
ERA5-datasets/Far_North/ERA5_Far_North_2019_04.nc,True,"tp,ro,ssro,swvl1,t2m,d2m,pev,u10,v10",2019-04-01,2019-04-30,10.0,13.0,13.0,16.0,ERA5_LAND_FAR_NORTH
ERA5-datasets/Far_North/ERA5_Far_North_2019_05.nc,True,"tp,ro,ssro,swvl1,t2m,d2m,pev,u10,v10",2019-05-01,2019-05-31,10.0,13.0,13.0,16.0,ERA5_LAND_FAR_NORTH
ERA5-datasets/Far_North/ERA5_Far_North_2019_06.nc,True,"tp,ro,ssro,swvl1,t2m,d2m,pev,u10,v10",2019-06-01,2019-06-30,10.0,13.0,13.0,16.0,ERA5_LAND_FAR_NORTH
ERA5-datasets/Far_North/ERA5_Far_North_2019_07.nc,True,"tp,ro,ssro,swvl1,t2m,d2m,pev,u10,v10",2019-07-01,2019-07-31,10.0,13.0,13.0,16.0,ERA5_LAND_FAR_NORTH
ERA5-datasets/Far_North/ERA5_Far_North_2019_08.nc,True,"tp,ro,ssro,swvl1,t2m,d2m,pev,u10,v10",2019-08-01,2019-08-31,10.0,13.0,13.0,16.0,ERA5_LAND_FAR_NORTH
ERA5-datasets/Far_North/ERA5_Far_North_2019_09.nc,True,"tp,ro,ssro,swvl1,t2m,d2m,pev,u10,v10",2019-09-01,2019-09-30,10.0,13.0,13.0,16.0,ERA5_LAND_FAR_NORTH
ERA5-datasets/Far_North/ERA5_Far_North_2019_10.nc,True,"tp,ro,ssro,swvl1,t2m,d2m,pev,u10,v10",2019-10-01,2019-10-31,10.0,13.0,13.0,16.0,ERA5_LAND_FAR_NORTH
ERA5-datasets/Far_North/ERA5_Far_North_2019_11.nc,True,"tp,ro,ssro,swvl1,t2m,d2m,pev,u10,v10",2019-11-01,2019-11-30,10.0,13.0,13.0,16.0,ERA5_LAND_FAR_NORTH
ERA5-datasets/Far_North/ERA5_Far_North_2019_12.nc,True,"tp,ro,ssro,swvl1,t2m,d2m,pev,u10,v10",2019-12-01,2019-12-31,10.0,13.0,13.0,16.0,ERA5_LAND_FAR_NORTH
ERA5-datasets/Far_North/ERA5_Far_North_2020_01.nc,True,"tp,ro,ssro,swvl1,t2m,d2m,pev,u10,v10",2020-01-01,2020-01-31,10.0,13.0,13.0,16.0,ERA5_LAND_FAR_NORTH
ERA5-datasets/Far_North/ERA5_Far_North_2020_02.nc,True,"tp,ro,ssro,swvl1,t2m,d2m,pev,u10,v10",2020-02-01,2020-02-29,10.0,13.0,13.0,16.0,ERA5_LAND_FAR_NORTH
ERA5-datasets/Far_North/ERA5_Far_North_2020_03.nc,True,"tp,ro,ssro,swvl1,t2m,d2m,pev,u10,v10",2020-03-01,2020-03-31,10.0,13.0,13.0,16.0,ERA5_LAND_FAR_NORTH
ERA5-datasets/Far_North/ERA5_Far_North_2020_04.nc,True,"tp,ro,ssro,swvl1,t2m,d2m,pev,u10,v10",2020-04-01,2020-04-30,10.0,13.0,13.0,16.0,ERA5_LAND_FAR_NORTH
ERA5-datasets/Far_North/ERA5_Far_North_2020_05.nc,True,"tp,ro,ssro,swvl1,t2m,d2m,pev,u10,v10",2020-05-01,2020-05-31,10.0,13.0,13.0,16.0,ERA5_LAND_FAR_NORTH
ERA5-datasets/Far_North/ERA5_Far_North_2020_06.nc,True,"tp,ro,ssro,swvl1,t2m,d2m,pev,u10,v10",2020-06-01,2020-06-30,10.0,13.0,13.0,16.0,ERA5_LAND_FAR_NORTH
ERA5-datasets/Far_North/ERA5_Far_North_2020_07.nc,True,"tp,ro,ssro,swvl1,t2m,d2m,pev,u10,v10",2020-07-01,2020-07-31,10.0,13.0,13.0,16.0,ERA5_LAND_FAR_NORTH
ERA5-datasets/Far_North/ERA5_Far_North_2020_08.nc,True,"tp,ro,ssro,swvl1,t2m,d2m,pev,u10,v10",2020-08-01,2020-08-31,10.0,13.0,13.0,16.0,ERA5_LAND_FAR_NORTH
ERA5-datasets/Far_North/ERA5_Far_North_2020_09.nc,True,"tp,ro,ssro,swvl1,t2m,d2m,pev,u10,v10",2020-09-01,2020-09-30,10.0,13.0,13.0,16.0,ERA5_LAND_FAR_NORTH
ERA5-datasets/Far_North/ERA5_Far_North_2020_10.nc,True,"tp,ro,ssro,swvl1,t2m,d2m,pev,u10,v10",2020-10-01,2020-10-31,10.0,13.0,13.0,16.0,ERA5_LAND_FAR_NORTH
ERA5-datasets/Far_North/ERA5_Far_North_2020_11.nc,True,"tp,ro,ssro,swvl1,t2m,d2m,pev,u10,v10",2020-11-01,2020-11-30,10.0,13.0,13.0,16.0,ERA5_LAND_FAR_NORTH
ERA5-datasets/Far_North/ERA5_Far_North_2020_12.nc,True,"tp,ro,ssro,swvl1,t2m,d2m,pev,u10,v10",2020-12-01,2020-12-31,10.0,13.0,13.0,16.0,ERA5_LAND_FAR_NORTH
ERA5-datasets/Far_North/ERA5_Far_North_2021_01.nc,True,"tp,ro,ssro,swvl1,t2m,d2m,pev,u10,v10",2021-01-01,2021-01-31,10.0,13.0,13.0,16.0,ERA5_LAND_FAR_NORTH
ERA5-datasets/Far_North/ERA5_Far_North_2021_02.nc,True,"tp,ro,ssro,swvl1,t2m,d2m,pev,u10,v10",2021-02-01,2021-02-28,10.0,13.0,13.0,16.0,ERA5_LAND_FAR_NORTH
ERA5-datasets/Far_North/ERA5_Far_North_2021_03.nc,True,"tp,ro,ssro,swvl1,t2m,d2m,pev,u10,v10",2021-03-01,2021-03-31,10.0,13.0,13.0,16.0,ERA5_LAND_FAR_NORTH
ERA5-datasets/Far_North/ERA5_Far_North_2021_04.nc,True,"tp,ro,ssro,swvl1,t2m,d2m,pev,u10,v10",2021-04-01,2021-04-30,10.0,13.0,13.0,16.0,ERA5_LAND_FAR_NORTH
ERA5-datasets/Far_North/ERA5_Far_North_2021_05.nc,True,"tp,ro,ssro,swvl1,t2m,d2m,pev,u10,v10",2021-05-01,2021-05-31,10.0,13.0,13.0,16.0,ERA5_LAND_FAR_NORTH
ERA5-datasets/Far_North/ERA5_Far_North_2021_06.nc,True,"tp,ro,ssro,swvl1,t2m,d2m,pev,u10,v10",2021-06-01,2021-06-30,10.0,13.0,13.0,16.0,ERA5_LAND_FAR_NORTH
ERA5-datasets/Far_North/ERA5_Far_North_2021_07.nc,True,"tp,ro,ssro,swvl1,t2m,d2m,pev,u10,v10",2021-07-01,2021-07-31,10.0,13.0,13.0,16.0,ERA5_LAND_FAR_NORTH
ERA5-datasets/Far_North/ERA5_Far_North_2021_08.nc,True,"tp,ro,ssro,swvl1,t2m,d2m,pev,u10,v10",2021-08-01,2021-08-31,10.0,13.0,13.0,16.0,ERA5_LAND_FAR_NORTH
ERA5-datasets/Far_North/ERA5_Far_North_2021_09.nc,True,"tp,ro,ssro,swvl1,t2m,d2m,pev,u10,v10",2021-09-01,2021-09-30,10.0,13.0,13.0,16.0,ERA5_LAND_FAR_NORTH
ERA5-datasets/Far_North/ERA5_Far_North_2021_10.nc,True,"tp,ro,ssro,swvl1,t2m,d2m,pev,u10,v10",2021-10-01,2021-10-31,10.0,13.0,13.0,16.0,ERA5_LAND_FAR_NORTH
ERA5-datasets/Far_North/ERA5_Far_North_2021_11.nc,True,"tp,ro,ssro,swvl1,t2m,d2m,pev,u10,v10",2021-11-01,2021-11-30,10.0,13.0,13.0,16.0,ERA5_LAND_FAR_NORTH
ERA5-datasets/Far_North/ERA5_Far_North_2021_12.nc,True,"tp,ro,ssro,swvl1,t2m,d2m,pev,u10,v10",2021-12-01,2021-12-31,10.0,13.0,13.0,16.0,ERA5_LAND_FAR_NORTH
ERA5-datasets/Far_North/ERA5_Far_North_2022_01.nc,True,"tp,ro,ssro,swvl1,t2m,d2m,pev,u10,v10",2022-01-01,2022-01-31,10.0,13.0,13.0,16.0,ERA5_LAND_FAR_NORTH
ERA5-datasets/Far_North/ERA5_Far_North_2022_02.nc,True,"tp,ro,ssro,swvl1,t2m,d2m,pev,u10,v10",2022-02-01,2022-02-28,10.0,13.0,13.0,16.0,ERA5_LAND_FAR_NORTH
ERA5-datasets/Far_North/ERA5_Far_North_2022_03.nc,True,"tp,ro,ssro,swvl1,t2m,d2m,pev,u10,v10",2022-03-01,2022-03-31,10.0,13.0,13.0,16.0,ERA5_LAND_FAR_NORTH
ERA5-datasets/Far_North/ERA5_Far_North_2022_04.nc,True,"tp,ro,ssro,swvl1,t2m,d2m,pev,u10,v10",2022-04-01,2022-04-30,10.0,13.0,13.0,16.0,ERA5_LAND_FAR_NORTH
ERA5-datasets/Far_North/ERA5_Far_North_2022_05.nc,True,"tp,ro,ssro,swvl1,t2m,d2m,pev,u10,v10",2022-05-01,2022-05-31,10.0,13.0,13.0,16.0,ERA5_LAND_FAR_NORTH
ERA5-datasets/Far_North/ERA5_Far_North_2022_06.nc,True,"tp,ro,ssro,swvl1,t2m,d2m,pev,u10,v10",2022-06-01,2022-06-30,10.0,13.0,13.0,16.0,ERA5_LAND_FAR_NORTH
ERA5-datasets/Far_North/ERA5_Far_North_2022_07.nc,True,"tp,ro,ssro,swvl1,t2m,d2m,pev,u10,v10",2022-07-01,2022-07-31,10.0,13.0,13.0,16.0,ERA5_LAND_FAR_NORTH
ERA5-datasets/Far_North/ERA5_Far_North_2022_08.nc,True,"tp,ro,ssro,swvl1,t2m,d2m,pev,u10,v10",2022-08-01,2022-08-31,10.0,13.0,13.0,16.0,ERA5_LAND_FAR_NORTH
ERA5-datasets/Far_North/ERA5_Far_North_2022_09.nc,True,"tp,ro,ssro,swvl1,t2m,d2m,pev,u10,v10",2022-09-01,2022-09-30,10.0,13.0,13.0,16.0,ERA5_LAND_FAR_NORTH
ERA5-datasets/Far_North/ERA5_Far_North_2022_10.nc,True,"tp,ro,ssro,swvl1,t2m,d2m,pev,u10,v10",2022-10-01,2022-10-31,10.0,13.0,13.0,16.0,ERA5_LAND_FAR_NORTH
ERA5-datasets/Far_North/ERA5_Far_North_2022_11.nc,True,"tp,ro,ssro,swvl1,t2m,d2m,pev,u10,v10",2022-11-01,2022-11-30,10.0,13.0,13.0,16.0,ERA5_LAND_FAR_NORTH
ERA5-datasets/Far_North/ERA5_Far_North_2022_12.nc,True,"tp,ro,ssro,swvl1,t2m,d2m,pev,u10,v10",2022-12-01,2022-12-31,10.0,13.0,13.0,16.0,ERA5_LAND_FAR_NORTH
ERA5-datasets/Far_North/ERA5_Far_North_2023_01.nc,True,"tp,ro,ssro,swvl1,t2m,d2m,pev,u10,v10",2023-01-01,2023-01-31,10.0,13.0,13.0,16.0,ERA5_LAND_FAR_NORTH
ERA5-datasets/Far_North/ERA5_Far_North_2023_02.nc,True,"tp,ro,ssro,swvl1,t2m,d2m,pev,u10,v10",2023-02-01,2023-02-28,10.0,13.0,13.0,16.0,ERA5_LAND_FAR_NORTH
ERA5-datasets/Far_North/ERA5_Far_North_2023_03.nc,True,"tp,ro,ssro,swvl1,t2m,d2m,pev,u10,v10",2023-03-01,2023-03-31,10.0,13.0,13.0,16.0,ERA5_LAND_FAR_NORTH
ERA5-datasets/Far_North/ERA5_Far_North_2023_04.nc,True,"tp,ro,ssro,swvl1,t2m,d2m,pev,u10,v10",2023-04-01,2023-04-30,10.0,13.0,13.0,16.0,ERA5_LAND_FAR_NORTH
ERA5-datasets/Far_North/ERA5_Far_North_2023_05.nc,True,"tp,ro,ssro,swvl1,t2m,d2m,pev,u10,v10",2023-05-01,2023-05-31,10.0,13.0,13.0,16.0,ERA5_LAND_FAR_NORTH
ERA5-datasets/Far_North/ERA5_Far_North_2023_06.nc,True,"tp,ro,ssro,swvl1,t2m,d2m,pev,u10,v10",2023-06-01,2023-06-30,10.0,13.0,13.0,16.0,ERA5_LAND_FAR_NORTH
ERA5-datasets/Far_North/ERA5_Far_North_2023_07.nc,True,"tp,ro,ssro,swvl1,t2m,d2m,pev,u10,v10",2023-07-01,2023-07-31,10.0,13.0,13.0,16.0,ERA5_LAND_FAR_NORTH
ERA5-datasets/Far_North/ERA5_Far_North_2023_08.nc,True,"tp,ro,ssro,swvl1,t2m,d2m,pev,u10,v10",2023-08-01,2023-08-31,10.0,13.0,13.0,16.0,ERA5_LAND_FAR_NORTH
ERA5-datasets/Far_North/ERA5_Far_North_2023_09.nc,True,"tp,ro,ssro,swvl1,t2m,d2m,pev,u10,v10",2023-09-01,2023-09-30,10.0,13.0,13.0,16.0,ERA5_LAND_FAR_NORTH
ERA5-datasets/Far_North/ERA5_Far_North_2023_10.nc,True,"tp,ro,ssro,swvl1,t2m,d2m,pev,u10,v10",2023-10-01,2023-10-31,10.0,13.0,13.0,16.0,ERA5_LAND_FAR_NORTH
ERA5-datasets/Far_North/ERA5_Far_North_2023_11.nc,True,"tp,ro,ssro,swvl1,t2m,d2m,pev,u10,v10",2023-11-01,2023-11-30,10.0,13.0,13.0,16.0,ERA5_LAND_FAR_NORTH
ERA5-datasets/Far_North/ERA5_Far_North_2023_12.nc,True,"tp,ro,ssro,swvl1,t2m,d2m,pev,u10,v10",2023-12-01,2023-12-31,10.0,13.0,13.0,16.0,ERA5_LAND_FAR_NORTH
ERA5-datasets/Far_North/ERA5_Far_North_2024_01.nc,True,"tp,ro,ssro,swvl1,t2m,d2m,pev,u10,v10",2024-01-01,2024-01-31,10.0,13.0,13.0,16.0,ERA5_LAND_FAR_NORTH
ERA5-datasets/Far_North/ERA5_Far_North_2024_02.nc,True,"tp,ro,ssro,swvl1,t2m,d2m,pev,u10,v10",2024-02-01,2024-02-29,10.0,13.0,13.0,16.0,ERA5_LAND_FAR_NORTH
ERA5-datasets/Far_North/ERA5_Far_North_2024_03.nc,True,"tp,ro,ssro,swvl1,t2m,d2m,pev,u10,v10",2024-03-01,2024-03-31,10.0,13.0,13.0,16.0,ERA5_LAND_FAR_NORTH
ERA5-datasets/Far_North/ERA5_Far_North_2024_04.nc,True,"tp,ro,ssro,swvl1,t2m,d2m,pev,u10,v10",2024-04-01,2024-04-30,10.0,13.0,13.0,16.0,ERA5_LAND_FAR_NORTH
ERA5-datasets/Far_North/ERA5_Far_North_2024_05.nc,True,"tp,ro,ssro,swvl1,t2m,d2m,pev,u10,v10",2024-05-01,2024-05-31,10.0,13.0,13.0,16.0,ERA5_LAND_FAR_NORTH
ERA5-datasets/Far_North/ERA5_Far_North_2024_06.nc,True,"tp,ro,ssro,swvl1,t2m,d2m,pev,u10,v10",2024-06-01,2024-06-30,10.0,13.0,13.0,16.0,ERA5_LAND_FAR_NORTH
ERA5-datasets/Far_North/ERA5_Far_North_2024_07.nc,True,"tp,ro,ssro,swvl1,t2m,d2m,pev,u10,v10",2024-07-01,2024-07-31,10.0,13.0,13.0,16.0,ERA5_LAND_FAR_NORTH
ERA5-datasets/Far_North/ERA5_Far_North_2024_08.nc,True,"tp,ro,ssro,swvl1,t2m,d2m,pev,u10,v10",2024-08-01,2024-08-31,10.0,13.0,13.0,16.0,ERA5_LAND_FAR_NORTH
ERA5-datasets/Far_North/ERA5_Far_North_2024_09.nc,True,"tp,ro,ssro,swvl1,t2m,d2m,pev,u10,v10",2024-09-01,2024-09-30,10.0,13.0,13.0,16.0,ERA5_LAND_FAR_NORTH
ERA5-datasets/Far_North/ERA5_Far_North_2024_10.nc,True,"tp,ro,ssro,swvl1,t2m,d2m,pev,u10,v10",2024-10-01,2024-10-31,10.0,13.0,13.0,16.0,ERA5_LAND_FAR_NORTH
ERA5-datasets/Far_North/ERA5_Far_North_2024_11.nc,True,"tp,ro,ssro,swvl1,t2m,d2m,pev,u10,v10",2024-11-01,2024-11-30,10.0,13.0,13.0,16.0,ERA5_LAND_FAR_NORTH
ERA5-datasets/Far_North/ERA5_Far_North_2024_12.nc,True,"tp,ro,ssro,swvl1,t2m,d2m,pev,u10,v10",2024-12-01,2024-12-31,10.0,13.0,13.0,16.0,ERA5_LAND_FAR_NORTH
ERA5-datasets/Far_North/ERA5_Far_North_2025_01.nc,True,"tp,ro,ssro,swvl1,t2m,d2m,pev,u10,v10",2025-01-01,2025-01-31,13.0,15.4,9.5,13.2,ERA5_LAND_FAR_NORTH
ERA5-datasets/Far_North/ERA5_Far_North_2025_02.nc,True,"tp,ro,ssro,swvl1,t2m,d2m,pev,u10,v10",2025-02-01,2025-02-28,13.0,15.4,9.5,13.2,ERA5_LAND_FAR_NORTH
ERA5-datasets/Far_North/ERA5_Far_North_2025_03.nc,True,"tp,ro,ssro,swvl1,t2m,d2m,pev,u10,v10",2025-03-01,2025-03-31,13.0,15.4,9.5,13.2,ERA5_LAND_FAR_NORTH
ERA5-datasets/Far_North/ERA5_Far_North_2025_04.nc,True,"tp,ro,ssro,swvl1,t2m,d2m,pev,u10,v10",2025-04-01,2025-04-30,13.0,15.4,9.5,13.2,ERA5_LAND_FAR_NORTH
ERA5-datasets/Far_North/ERA5_Far_North_2025_05.nc,True,"tp,ro,ssro,swvl1,t2m,d2m,pev,u10,v10",2025-05-01,2025-05-31,13.0,15.4,9.5,13.2,ERA5_LAND_FAR_NORTH
ERA5-datasets/Far_North/ERA5_Far_North_2025_06.nc,True,"tp,ro,ssro,swvl1,t2m,d2m,pev,u10,v10",2025-06-01,2025-06-30,13.0,15.4,9.5,13.2,ERA5_LAND_FAR_NORTH
ERA5-datasets/Far_North/ERA5_Far_North_2025_07.nc,True,"tp,ro,ssro,swvl1,t2m,d2m,pev,u10,v10",2025-07-01,2025-07-31,13.0,15.4,9.5,13.2,ERA5_LAND_FAR_NORTH
ERA5-datasets/Far_North/ERA5_Far_North_2025_08.nc,True,"tp,ro,ssro,swvl1,t2m,d2m,pev,u10,v10",2025-08-01,2025-08-31,13.0,15.4,9.5,13.2,ERA5_LAND_FAR_NORTH
ERA5-datasets/Far_North/ERA5_Far_North_2025_09.nc,True,"tp,ro,ssro,swvl1,t2m,d2m,pev,u10,v10",2025-09-01,2025-09-30,13.0,15.4,9.5,13.2,ERA5_LAND_FAR_NORTH
ERA5-datasets/Far_North/ERA5_Far_North_2025_10.nc,True,"tp,ro,ssro,swvl1,t2m,d2m,pev,u10,v10",2025-10-01,2025-10-31,13.0,15.4,9.5,13.2,ERA5_LAND_FAR_NORTH
ERA5-datasets/Far_North/ERA5_Far_North_2025_11.nc,True,"tp,ro,ssro,swvl1,t2m,d2m,pev,u10,v10",2025-11-01,2025-11-30,13.0,15.4,9.5,13.2,ERA5_LAND_FAR_NORTH
ERA5-datasets/Far_North/ERA5_Far_North_2025_12.nc,True,"tp,ro,ssro,swvl1,t2m,d2m,pev,u10,v10",2025-12-01,2025-12-31,13.0,15.4,9.5,13.2,ERA5_LAND_FAR_NORTH
GLOFAS-datasets/centre/data_1.nc,True,avg_dis,2020-01-02,2021-01-01,3.525,4.975,10.525,12.475,GLOFAS
GLOFAS-datasets/centre/data_10.nc,True,avg_dis,2015-01-02,2016-01-01,3.525,4.975,10.525,12.475,GLOFAS
GLOFAS-datasets/centre/data_11.nc,True,avg_dis,2016-01-02,2017-01-01,3.525,4.975,10.525,12.475,GLOFAS
GLOFAS-datasets/centre/data_2.nc,True,avg_dis,2019-01-02,2020-01-01,3.525,4.975,10.525,12.475,GLOFAS
GLOFAS-datasets/centre/data_3.nc,True,avg_dis,2022-01-02,2023-01-01,3.525,4.975,10.525,12.475,GLOFAS
GLOFAS-datasets/centre/data_4.nc,True,avg_dis,2024-01-02,2024-12-31,3.525,4.975,10.525,12.475,GLOFAS
GLOFAS-datasets/centre/data_5.nc,True,avg_dis,2021-01-02,2022-01-01,3.525,4.975,10.525,12.475,GLOFAS
GLOFAS-datasets/centre/data_6.nc,True,avg_dis,2018-01-02,2019-01-01,3.525,4.975,10.525,12.475,GLOFAS
GLOFAS-datasets/centre/data_7.nc,True,avg_dis,2025-01-02,2025-12-31,3.525,4.975,10.525,12.475,GLOFAS
GLOFAS-datasets/centre/data_8.nc,True,avg_dis,2023-01-02,2024-01-01,3.525,4.975,10.525,12.475,GLOFAS
GLOFAS-datasets/centre/data_9.nc,True,avg_dis,2017-01-02,2018-01-01,3.525,4.975,10.525,12.475,GLOFAS
GLOFAS-datasets/far-north/data_2015.nc,True,avg_dis,2015-01-02,2016-01-01,9.525,13.175,13.025,15.375,GLOFAS
GLOFAS-datasets/far-north/data_2016.nc,True,avg_dis,2016-01-02,2017-01-01,9.525,13.175,13.025,15.375,GLOFAS
GLOFAS-datasets/far-north/data_2017.nc,True,avg_dis,2017-01-02,2018-01-01,9.525,13.175,13.025,15.375,GLOFAS
GLOFAS-datasets/far-north/data_2018.nc,True,avg_dis,2018-01-02,2019-01-01,9.525,13.175,13.025,15.375,GLOFAS
GLOFAS-datasets/far-north/data_2019.nc,True,avg_dis,2019-01-02,2020-01-01,9.525,13.175,13.025,15.375,GLOFAS
GLOFAS-datasets/far-north/data_2020.nc,True,avg_dis,2020-01-02,2021-01-01,9.525,13.175,13.025,15.375,GLOFAS
GLOFAS-datasets/far-north/data_2021.nc,True,avg_dis,2021-01-02,2022-01-01,9.525,13.175,13.025,15.375,GLOFAS
GLOFAS-datasets/far-north/data_2022.nc,True,avg_dis,2022-01-02,2023-01-01,9.525,13.175,13.025,15.375,GLOFAS
GLOFAS-datasets/far-north/data_2023.nc,True,avg_dis,2023-01-02,2024-01-01,9.525,13.175,13.025,15.375,GLOFAS
GLOFAS-datasets/far-north/data_2024.nc,True,avg_dis,2024-01-02,2024-12-31,9.525,13.175,13.025,15.375,GLOFAS
GLOFAS-datasets/far-north/data_2025.nc,True,avg_dis,2025-01-02,2025-12-31,9.525,13.175,13.025,15.375,GLOFAS
