event_id,locality,event_date,discharge_m3s,discharge_lag1,discharge_lag3,discharge_lag7,glofas_grid_lat,glofas_grid_lon,match_distance_deg,location_precision,join_note
FNR-FLD-2005-001,Maroua III,2005-07-25,1.171875,0.15625,0.3125,0.609375,10.774999999999967,14.42500000000002,0.03009750427461667,gazetteer locality,
FNR-FLD-2006-001,Maroua III,2006-08-05,0.5,0.203125,0.28125,0.296875,10.774999999999967,14.42500000000002,0.03009750427461667,gazetteer locality,
FNR-FLD-2007-001,Mokolo,2007-08-02,0.40625,0.4375,0.515625,0.46875,10.674999999999965,13.875000000000012,0.02633466597851502,gazetteer locality,
FNR-FLD-2007-002,Yagoua,2007-08-05,0.75,0.640625,0.515625,0.703125,10.224999999999959,15.225000000000032,0.025928733373759488,gazetteer locality,
FNR-FLD-2010-001,Poussane,2010-07-22,0.0,0.0,0.0,0.0,9.57499999999995,13.525000000000007,0.018085229842358958,gazetteer locality,
FNR-FLD-2012-001,Guebegue,2012-08-15,0.234375,0.390625,0.1875,0.125,11.02499999999997,14.225000000000017,0.005911605199941719,gazetteer locality,
FNR-FLD-2012-002,Blangoua,2012-10,3896.2578125,4041.2890625,4359.5078125,5078.8046875,12.774999999999995,14.625000000000023,0.021367227508757334,gazetteer locality,
FNR-FLD-2013-001,Dougui,2013-09-17,0.03125,0.03125,0.03125,0.015625,12.624999999999993,14.975000000000028,0.003723132719873151,gazetteer locality,
FNR-FLD-2013-002,Dougui,2013-09-27,0.015625,0.015625,0.015625,0.015625,12.624999999999993,14.975000000000028,0.003723132719873151,gazetteer locality,
FNR-FLD-2015-001,Makabaye,2015-08-28,3.890625,4.09375,2.96875,2.859375,10.574999999999964,14.325000000000019,0.023875402824267068,gazetteer locality,
FNR-FLD-2018-001,Gaklé,2018-07-24,0.0,0.0,0.0,0.0,10.524999999999963,14.275000000000018,0.010444371650327446,gazetteer locality,
FNR-FLD-2019-001,Zina,2019-09-28,0.0390625,0.0390625,0.0390625,0.0390625,11.224999999999973,14.875000000000027,0.019650940065281862,gazetteer locality,
FNR-FLD-2019-002,Darak,2019-11-04,0.0,0.0,0.0,0.0,12.774999999999995,14.325000000000019,0.0045602951242068685,gazetteer locality,
FNR-FLD-2020-001,Palar,2020-08,0.0625,0.0625,0.078125,0.09375,10.624999999999964,14.275000000000018,0.026884516900957656,gazetteer locality,
FNR-FLD-2020-002,Gobo,2020-09-11,5.03125,5.3671875,5.9375,6.5234375,10.074999999999957,15.375,0.0938839234217417,gazetteer locality,
FNR-FLD-2020-003,Kousséri,2020-11-01,0.0,0.0,0.0,0.0,12.074999999999985,14.975000000000028,0.015341014121626868,gazetteer locality,
FNR-FLD-2021-001,Mora,2021-07-01,0.015625,0.015625,0.015625,0.03125,11.174999999999972,14.225000000000017,0.024210263394238665,locality proxy (Seradoumda absent; Mora context),
FNR-FLD-2021-002,Yagoua,2021-06,0.0,0.0,0.0,0.0,10.224999999999959,15.225000000000032,0.025928733373759488,division-level approximation,
FNR-FLD-2022-001,Maga,2022-08-15,11.765625,11.640625,4.5625,1.734375,10.924999999999969,14.925000000000027,0.027082422020524306,gazetteer locality,
FNR-FLD-2022-002,Kousséri,2022-10-01,0.0078125,0.0078125,0.015625,0.0625,12.074999999999985,14.975000000000028,0.015341014121626868,gazetteer locality,
FNR-FLD-2023-001,Yagoua,2023-07,0.0,0.0,0.015625,0.03125,10.224999999999959,15.225000000000032,0.025928733373759488,gazetteer locality,
FNR-FLD-2023-002,Blangoua,2023-11-01,424.62890625,447.67578125,500.0625,646.28125,12.774999999999995,14.625000000000023,0.021367227508757334,gazetteer locality,
FNR-FLD-2024-001,Blangoua,2024-08-10,504.90625,536.5546875,548.6796875,324.390625,12.774999999999995,14.625000000000023,0.021367227508757334,gazetteer locality,
FNR-FLD-2024-002,Kousséri,2024-10-01,0.203125,0.2421875,0.3359375,0.5859375,12.074999999999985,14.975000000000028,0.015341014121626868,gazetteer locality,
FNR-FLD-2025-001,Mozogo,2025-07-13,0.015625,0.015625,0.015625,0.015625,11.02499999999997,13.875000000000012,0.015796224931957398,gazetteer locality,
FNR-FLD-2025-002,Gobo,2025-08-05,10.671875,10.765625,10.109375,10.390625,10.074999999999957,15.375,0.0938839234217417,gazetteer locality,
FNR-FLD-2025-003,Hina,2025-08-12,0.25,0.28125,0.296875,0.328125,10.32499999999996,13.825000000000012,0.005833275011559628,gazetteer locality,
FNR-FLD-2025-004,Kai-Kai,2025-07,0.0,0.0,0.0,0.0,10.624999999999964,14.975000000000028,0.0013788135842280576,gazetteer locality,
FNR-FLD-2025-005,Hilé - Alifa,2025-10-07,0.0,0.0,0.0,0.0,12.674999999999994,14.37500000000002,0.02623005208555789,gazetteer locality,
FNR-FLD-2011-001,Makabaye,2011-07,0.453125,0.546875,1.03125,0.875,10.574999999999964,14.325000000000019,0.023875402824267068,gazetteer locality,
FNR-FLD-2007-003,Yagoua,2007-08-05,0.75,0.640625,0.515625,0.703125,10.224999999999959,15.225000000000032,0.025928733373759488,gazetteer locality,
FNR-FLD-2007-004,"Bogomari (lon 13.979, lat 11.502)",2007-09-03,2.125,2.078125,1.9921875,2.3515625,11.524999999999977,13.975000000000014,0.023042920274323874,gazetteer locality,
FNR-FLD-2007-005,Kolofata,2007-09-04,5.015625,4.1953125,4.4453125,6.1875,11.124999999999972,14.025000000000015,0.01824205535161,gazetteer locality,
