file,opened,pages,far_north_terms,flood_terms,candidate
relief_web-datasets/01_IOM DTM Report Cameroun_Round 13_20180518_FR_V2.pdf,True,45,180,1,True
relief_web-datasets/20260401-FEWS-NET-cm-fsou-1778018657.pdf,True,6,0,0,False
relief_web-datasets/20260601-FEWS-NET-cm-fso-1782848864.pdf,True,12,0,1,False
"relief_web-datasets/Afrique de l&#039;Ouest - Key Message Update_ Fri, 2021-05-28.pdf",True,2,0,0,False
relief_web-datasets/CMR.pdf,True,2,2,0,False
relief_web-datasets/CMR14-March-2017.pdf,True,2,0,0,False
relief_web-datasets/CMR_Inondations_26102024.pdf,True,6,9,22,True
relief_web-datasets/Cameroon - Floods 2024 Emergency Appeal Operation Update MDRCM039.pdf,True,13,0,0,False
relief_web-datasets/Cameroon Floods Flash Update (Sep 2 2024) (Final).pdf,True,3,0,0,False
relief_web-datasets/Cameroon Humanitarian Bulletin Issue N°23 - August 2021.pdf,True,4,3,3,True
relief_web-datasets/Cameroon Humanitarian Flash Update 5 Floods fv (1).pdf,True,3,44,20,True
relief_web-datasets/Cameroon Humanitarian Flash Update 5 Floods fv.pdf,True,3,44,20,True
relief_web-datasets/Cameroon Humanitarian Flash Update 6 FINAL.pdf,True,4,41,32,True
relief_web-datasets/Cameroon Humanitarian Flash Update3 Floods Far North fv.pdf,True,4,20,21,True
"relief_web-datasets/Cameroon _ Displacement Report, Far North Region.pdf",True,40,170,9,True
relief_web-datasets/Cameroun - Extrême-Nord - Note d’information sur les inondations n°3 (au 15 novembre 2022).pdf,True,5,36,23,True
"relief_web-datasets/Cameroun - Extrême-Nord, Rapport de situation No. 24, juillet 2022 (1).pdf",True,5,51,1,True
"relief_web-datasets/Cameroun - Extrême-Nord, Rapport de situation No. 24, juillet 2022.pdf",True,5,51,1,True
"relief_web-datasets/Cameroun - Extrême-Nord, Rapport de situation No. 44 - juin 2024.pdf",True,6,58,1,True
"relief_web-datasets/Cameroun - Rapport de situation, 7 octobre 2021.pdf",True,8,0,0,False
"relief_web-datasets/Cameroun - Région de l’Extrême-Nord - Rapport sur les Déplacements Round 21, 25 Mai – 10 Juin 2020.pdf",True,35,77,7,True
"relief_web-datasets/Cameroun Rapport de situation, 2 février 2021.pdf",True,9,0,0,False
relief_web-datasets/External Weekly 22 - 28 August 2017.pdf,True,1,0,5,False
relief_web-datasets/IOM_ETT_CMR_ExtN_113_Mokolo - Mayo-Tsanaga_VF.pdf,True,2,6,0,False
relief_web-datasets/IOM_ETT_CMR_ExtN_52_Inondation_Logone Et Chari.pdf,True,1,0,4,False
relief_web-datasets/IOM_Rapport_Cameroun_Extreme-Nord_DTM_RD18_vf_20190528.pdf,True,51,133,3,True
relief_web-datasets/MDRCM028dfr.pdf,True,15,59,34,True
relief_web-datasets/MDRCM028do.pdf,True,19,108,27,True
relief_web-datasets/MDRCM029dfr.pdf,True,21,79,41,True
relief_web-datasets/MDRCM029do.pdf,True,27,28,80,True
relief_web-datasets/MDRCM039eu3.pdf,True,15,0,0,False
relief_web-datasets/MDRCM044EAP  (1).pdf,True,9,25,10,True
relief_web-datasets/MDRCM044EAP .pdf,True,9,25,10,True
relief_web-datasets/MDRSS014eu1.pdf,True,13,0,32,False
relief_web-datasets/N2235337.pdf,True,17,0,0,False
"relief_web-datasets/Nigeria - Key Message Update_ Fri, 2021-05-28.pdf",True,3,0,0,False
relief_web-datasets/Note d'information n°2_Inondations_Extreme Nord_19092024.pdf,True,8,21,22,True
relief_web-datasets/Note d'informat°_Inondations_Ext reme Nord_au 11 novembre 2024.pdf,True,4,44,15,True
relief_web-datasets/OCHA Cameroon Sitrep Far North - December 2020.pdf,True,8,0,0,False
relief_web-datasets/OCHA_SITREP_Extreme-Nord _ août 2023 final.pdf,True,6,43,6,True
relief_web-datasets/OCHA_SITREP_Extrême Nord_Decembre 2023 et Janvier 2024 Final.pdf,True,5,0,0,False
relief_web-datasets/OCHA_SITREP_Extrême Nord_Novembre 2023 inputs VF.pdf,True,4,37,6,True
relief_web-datasets/OCHA_SITREP_Extrême Nord_Avril  2025.pdf,True,4,0,0,False
relief_web-datasets/OCHA_SITREP_Extrême Nord_juillet 2024.pdf,True,4,47,6,True
relief_web-datasets/OCHA_SITREP_Extrême Nord_mai_FV.pdf,True,5,0,0,False
relief_web-datasets/OCHA_SITREP_Extrême Nord_septembre 2024.pdf,True,5,41,26,True
relief_web-datasets/Rapport de situation - Cameroon - 25 nov. 2020.pdf,True,7,0,0,False
relief_web-datasets/Rapport de situation - Cameroun - 2 oct. 2023.pdf,True,12,0,0,False
relief_web-datasets/Rapport de situation - Cameroun - 4 oct. 2022.pdf,True,6,0,0,False
relief_web-datasets/Rapport de situation - Cameroun - 7 janv. 2021-2.pdf,True,8,0,0,False
relief_web-datasets/Rapport de situation - Chad - 26 oct. 2021.pdf,True,17,0,0,False
relief_web-datasets/Rapport_Cameroun_Extreme-Nord_DTM_RD17_FR_Final.pdf,True,62,213,3,True
relief_web-datasets/Report CMR DTM15 Far North_En_Version_revised.pdf,True,61,192,10,True
relief_web-datasets/Report DTM 14 Extreme Nord.pdf,True,44,181,4,True
relief_web-datasets/SITREP_Extrême Nord_Dec 2025 final (2).pdf,True,6,0,0,False
relief_web-datasets/SITREP_NWSW_August 2023_final.pdf,True,5,0,1,False
relief_web-datasets/SITREP_NWSW_July 2023_Final (1).pdf,True,5,0,5,False
relief_web-datasets/SITREP_NWSW_July 2023_Final.pdf,True,5,0,5,False
relief_web-datasets/SITREP_NWSW_May  2023_Final (1).pdf,True,5,0,1,False
relief_web-datasets/Situation Report - Cameroon - 1 Nov 2022.pdf,True,7,0,0,False
relief_web-datasets/Situation Report - Cameroon - 2 Oct 2023.pdf,True,13,0,0,False
relief_web-datasets/UNFPA Cameroon Humanitarian SitRep #24  (Final).pdf,True,5,0,0,False
relief_web-datasets/UNFPA Cameroon July StiRep - FA.pdf,True,5,0,0,False
relief_web-datasets/UNFPA Cameroon SitRep #23 (Final).pdf,True,5,0,0,False
relief_web-datasets/UNFPA Cameroon SitRep #25.pdf,True,4,0,3,False
relief_web-datasets/UNFPA Cameroon SitRep (January 2025) (F1).pdf,True,4,0,0,False
relief_web-datasets/UNFPA Cameroon Situation Report #27 - January 2025 - The humanitarian crisis remains a critical concern.pdf,True,4,0,0,False
relief_web-datasets/UNFPA Cameroon_SitRep_Aug2025 (1).pdf,True,5,0,0,False
relief_web-datasets/UNICEF Cameroon Humanitarian Flash Update 1 6Sept24.pdf,True,3,3,35,True
relief_web-datasets/UNICEF Cameroon Humanitarian Situation Report (Mid-year) June 2025.pdf,True,14,0,0,False
relief_web-datasets/UNICEF Cameroon Humanitarian Situation Report - October 2019 (1).pdf,True,14,28,9,True
relief_web-datasets/UNICEF Cameroon Humanitarian Situation Report No. 12 - December 2019.pdf,True,10,0,0,False
"relief_web-datasets/UNICEF Cameroon Humanitarian Situation Report No. 4 ( End of Year), 31 December 2025 (1).pdf",True,17,0,0,False
relief_web-datasets/UNICEF Cameroon Humanitarian Situation Report No. 7 - July 2021.pdf,True,17,7,4,True
relief_web-datasets/UNICEF Cameroon Humanitarian Situation Report No. 8 - August 2021 (1).pdf,True,16,7,0,False
relief_web-datasets/WFP CAMEROON COUNTRY BRIEF OCTOBER 2019.pdf,True,2,0,0,False
relief_web-datasets/WFP COUNTRY BRIEF CAMEROON NOVEMBER 2019.pdf,True,2,2,1,True
relief_web-datasets/Weekly Externe  22 - 28 aout  2017 (1).pdf,True,1,0,5,False
relief_web-datasets/Weekly Externe  4 – 10 juillet  2017 - OCHA Afrique de l'Ouest et du Centre.pdf,True,1,0,1,False
relief_web-datasets/arrondissements_affectes_par_les_inondations_le_cholera_et_le_deplacement_des_populations_octobre_2022.pdf,True,1,0,0,False
relief_web-datasets/cameroon_en.pdf,True,3,0,0,False
relief_web-datasets/cameroon_far_north_situation_report_-_august_2021.pdf,True,6,41,2,True
relief_web-datasets/cameroon_humanitarian_bulletin_sept_final.pdf,True,4,6,11,True
relief_web-datasets/cd3763en (1).pdf,True,15,5,7,True
relief_web-datasets/cd3763en.pdf,True,15,5,7,True
relief_web-datasets/cd3763fr.pdf,True,15,2,6,True
relief_web-datasets/cm-fso-2024-10-1730587635.pdf,True,16,0,0,False
relief_web-datasets/cm-kmu-2025-07-1754038814.pdf,True,2,0,1,False
relief_web-datasets/cmr_bulletin_humanitaire_numero_12_v_04.pdf,True,11,5,7,True
relief_web-datasets/cmr_exno_viz_snapshotinondations_fr_v8_20220926.pdf,True,1,11,6,True
relief_web-datasets/humanitarian_overview_1_august_2016_en.pdf,True,1,0,0,False
relief_web-datasets/n2435075.pdf,True,17,0,0,False
relief_web-datasets/n2435076.pdf,True,19,0,0,False
relief_web-datasets/n2435078.pdf,True,19,0,0,False
relief_web-datasets/note_dinformation_sur_les_inondations_extreme_nord_n2_octobre_2022_vf.pdf,True,4,41,19,True
relief_web-datasets/ocha-note_dinformation_sur_les_inondations_extreme_nord_-_au_26_septembre_2022_final.pdf,True,4,29,21,True
relief_web-datasets/ocha_cameroon_sitrep_far_north_-_february_2021.pdf,True,7,0,0,False
relief_web-datasets/ocha_cameroon_sitrep_far_north_-_november_2020.pdf,True,7,0,0,False
relief_web-datasets/ocha_cmr_bulletin20humanitaire_no.004_20171011.pdf,True,5,8,1,True
relief_web-datasets/ocha_cmr_sitrep_inond_zina_n1_17102019 (1).pdf,True,7,50,20,True
relief_web-datasets/ocha_cmr_sitrep_inond_zina_n1_17102019 (2).pdf,True,7,50,20,True
relief_web-datasets/ocha_sitrep_extreme-nord_septembre_2022_vf.pdf,True,5,47,18,True
relief_web-datasets/sitrep_en_juillet_2021_vf.pdf,True,6,41,6,True
relief_web-datasets/snapshot_cmr_minidashboard_21_february_2017_en.pdf,True,1,0,2,False
