locality_id,locality_name,division,region,admin_level,current_risk_features,historical_flood_summary,source_citations,data_confidence
CTR-LOC-001,Yaoundé I,Mfoundi,Centre,arrondissement_or_commune,"{""as_of_date"": ""2025-12-31T00:00:00"", ""rainfall_7d_m"": 0.0073769595474004745, ""soil_saturation"": 0.23924636840820312, ""discharge_m3s"": 0.0, ""elevation_m"": 759.7861328125, ""slope_deg"": 0.1529639661312103, ""basin_id"": 1061032520.0, ""data_completeness_flag"": ""COMPLETE""}",No verified flood events were found for this locality in the available Centre-region canonical catalogue; this does not imply the locality is safe.,[],MEDIUM
CTR-LOC-002,Yaoundé III,Mfoundi,Centre,arrondissement_or_commune,"{""as_of_date"": ""2025-12-31T00:00:00"", ""rainfall_7d_m"": 0.008276483044028282, ""soil_saturation"": 0.23752593994140625, ""discharge_m3s"": 1.90625, ""elevation_m"": 682.125732421875, ""slope_deg"": 0.1529639661312103, ""basin_id"": 1060021440.0, ""data_completeness_flag"": ""COMPLETE""}",No verified flood events were found for this locality in the available Centre-region canonical catalogue; this does not imply the locality is safe.,[],MEDIUM
CTR-LOC-003,Yaoundé IV,Mfoundi,Centre,arrondissement_or_commune,"{""as_of_date"": ""2025-12-31T00:00:00"", ""rainfall_7d_m"": 0.008276483044028282, ""soil_saturation"": 0.23752593994140625, ""discharge_m3s"": 0.109375, ""elevation_m"": 738.6551513671875, ""slope_deg"": 0.1529639661312103, ""basin_id"": 1060021440.0, ""data_completeness_flag"": ""COMPLETE""}",No verified flood events were found for this locality in the available Centre-region canonical catalogue; this does not imply the locality is safe.,[],MEDIUM
CTR-LOC-004,Yaoundé VI,Mfoundi,Centre,arrondissement_or_commune,"{""as_of_date"": ""2025-12-31T00:00:00"", ""rainfall_7d_m"": 0.008276483044028282, ""soil_saturation"": 0.23752593994140625, ""discharge_m3s"": 1.328125, ""elevation_m"": 691.5337524414062, ""slope_deg"": 0.1529639661312103, ""basin_id"": 1060021440.0, ""data_completeness_flag"": ""COMPLETE""}",1 verified flood event(s) recorded here since 2015 (2024).,"[{""source_document_title"": ""Yaoundé : des canalisations sèment la mort au quartier Biyem-Assi"", ""source_document_url"": ""https://www.youtube.com/watch?v=33U08G_SbC4"", ""canonical_event_id"": ""CTR-FLD-2024-001""}]",HIGH
CTR-LOC-005,Yaoundé VII,Mfoundi,Centre,arrondissement_or_commune,"{""as_of_date"": ""2025-12-31T00:00:00"", ""rainfall_7d_m"": 0.010491950437426567, ""soil_saturation"": 0.24849700927734375, ""discharge_m3s"": 0.6875, ""elevation_m"": 697.154052734375, ""slope_deg"": 0.1529639661312103, ""basin_id"": 1060021440.0, ""data_completeness_flag"": ""COMPLETE""}",1 verified flood event(s) recorded here since 2015 (2021).,"[{""source_document_title"": ""Après les inondations, la mairie de Yaoundé 7 fermée"", ""source_document_url"": ""https://actucameroun.com/2021/06/10/apres-les-inondations-la-mairie-de-yaounde-7-fermee/"", ""canonical_event_id"": ""CTR-FLD-2021-001""}]",HIGH
CTR-LOC-006,Yaoundé V,Mfoundi,Centre,arrondissement_or_commune,"{""as_of_date"": ""2025-12-31T00:00:00"", ""rainfall_7d_m"": 0.0073769595474004745, ""soil_saturation"": 0.23924636840820312, ""discharge_m3s"": 0.09375, ""elevation_m"": 726.328369140625, ""slope_deg"": 0.1529639661312103, ""basin_id"": 1061032520.0, ""data_completeness_flag"": ""COMPLETE""}",No verified flood events were found for this locality in the available Centre-region canonical catalogue; this does not imply the locality is safe.,[],LOW
CTR-LOC-007,Yaoundé II,Mfoundi,Centre,arrondissement_or_commune,"{""as_of_date"": ""2025-12-31T00:00:00"", ""rainfall_7d_m"": 0.0073769595474004745, ""soil_saturation"": 0.23924636840820312, ""discharge_m3s"": 0.09375, ""elevation_m"": 800.7567138671875, ""slope_deg"": 0.1529639661312103, ""basin_id"": 1060021440.0, ""data_completeness_flag"": ""COMPLETE""}",No verified flood events were found for this locality in the available Centre-region canonical catalogue; this does not imply the locality is safe.,[],MEDIUM
CTR-LOC-008,Awaé,,Centre,arrondissement_or_commune,"{""as_of_date"": ""2025-12-31T00:00:00"", ""rainfall_7d_m"": 0.004950365051627159, ""soil_saturation"": 0.23868179321289062, ""discharge_m3s"": 0.171875, ""elevation_m"": 721.1288452148438, ""slope_deg"": 0.1529639614961247, ""basin_id"": 1060021440.0, ""data_completeness_flag"": ""COMPLETE""}",No verified flood events were found for this locality in the available Centre-region canonical catalogue; this does not imply the locality is safe.,[],MEDIUM
CTR-LOC-009,Soa,,Centre,arrondissement_or_commune,"{""as_of_date"": ""2025-12-31T00:00:00"", ""rainfall_7d_m"": 0.005968442186713219, ""soil_saturation"": 0.23284912109375, ""discharge_m3s"": 0.09375, ""elevation_m"": 650.7236328125, ""slope_deg"": 0.1529639661312103, ""basin_id"": 1061032520.0, ""data_completeness_flag"": ""COMPLETE""}",No verified flood events were found for this locality in the available Centre-region canonical catalogue; this does not imply the locality is safe.,[],MEDIUM
CTR-LOC-010,Nkolafamba,,Centre,arrondissement_or_commune,"{""as_of_date"": ""2025-12-31T00:00:00"", ""rainfall_7d_m"": 0.005857517942786217, ""soil_saturation"": 0.23944473266601562, ""discharge_m3s"": 0.15625, ""elevation_m"": 716.276611328125, ""slope_deg"": 0.1529639661312103, ""basin_id"": 1060021440.0, ""data_completeness_flag"": ""COMPLETE""}",No verified flood events were found for this locality in the available Centre-region canonical catalogue; this does not imply the locality is safe.,[],MEDIUM
CTR-LOC-011,Mfou,,Centre,arrondissement_or_commune,"{""as_of_date"": ""2025-12-31T00:00:00"", ""rainfall_7d_m"": 0.007288260385394096, ""soil_saturation"": 0.24860382080078125, ""discharge_m3s"": 0.15625, ""elevation_m"": 711.2601928710938, ""slope_deg"": 0.1529639661312103, ""basin_id"": 1060021440.0, ""data_completeness_flag"": ""COMPLETE""}",No verified flood events were found for this locality in the available Centre-region canonical catalogue; this does not imply the locality is safe.,[],MEDIUM
CTR-LOC-012,Bikok,,Centre,arrondissement_or_commune,"{""as_of_date"": ""2025-12-31T00:00:00"", ""rainfall_7d_m"": 0.014902664348483086, ""soil_saturation"": 0.3002586364746094, ""discharge_m3s"": 0.0, ""elevation_m"": 708.0899658203125, ""slope_deg"": 0.1529639661312103, ""basin_id"": 1060021440.0, ""data_completeness_flag"": ""COMPLETE""}",No verified flood events were found for this locality in the available Centre-region canonical catalogue; this does not imply the locality is safe.,[],MEDIUM
CTR-LOC-013,Mbankomo,,Centre,arrondissement_or_commune,"{""as_of_date"": ""2025-12-31T00:00:00"", ""rainfall_7d_m"": 0.01986849121749401, ""soil_saturation"": 0.2893333435058594, ""discharge_m3s"": 0.03125, ""elevation_m"": 749.313232421875, ""slope_deg"": 0.1529639661312103, ""basin_id"": 1060021440.0, ""data_completeness_flag"": ""COMPLETE""}",No verified flood events were found for this locality in the available Centre-region canonical catalogue; this does not imply the locality is safe.,[],MEDIUM
CTR-LOC-014,Okola,,Centre,arrondissement_or_commune,"{""as_of_date"": ""2025-12-31T00:00:00"", ""rainfall_7d_m"": 0.01255243830382824, ""soil_saturation"": 0.24902725219726562, ""discharge_m3s"": 0.890625, ""elevation_m"": 541.7910766601562, ""slope_deg"": 0.1529639661312103, ""basin_id"": 1060021500.0, ""data_completeness_flag"": ""COMPLETE""}",No verified flood events were found for this locality in the available Centre-region canonical catalogue; this does not imply the locality is safe.,[],MEDIUM
CTR-LOC-015,Ngoya 1,Mfoundi,Centre,village,"{""as_of_date"": ""2025-12-31T00:00:00"", ""rainfall_7d_m"": 0.007049156352877617, ""soil_saturation"": 0.22176742553710938, ""discharge_m3s"": 0.078125, ""elevation_m"": 766.8853149414062, ""slope_deg"": 0.1529639661312103, ""basin_id"": 1060021500.0, ""data_completeness_flag"": ""COMPLETE""}",No verified flood events were found for this locality in the available Centre-region canonical catalogue; this does not imply the locality is safe.,[],MEDIUM
CTR-LOC-016,Ngoya II,Mfoundi,Centre,village,"{""as_of_date"": ""2025-12-31T00:00:00"", ""rainfall_7d_m"": 0.0073769595474004745, ""soil_saturation"": 0.23924636840820312, ""discharge_m3s"": 0.09375, ""elevation_m"": 785.4089965820312, ""slope_deg"": 0.1529639661312103, ""basin_id"": 1060021440.0, ""data_completeness_flag"": ""COMPLETE""}",No verified flood events were found for this locality in the available Centre-region canonical catalogue; this does not imply the locality is safe.,[],MEDIUM
CTR-LOC-017,Nkoabang,Mfoundi,Centre,village,"{""as_of_date"": ""2025-12-31T00:00:00"", ""rainfall_7d_m"": 0.0062767695635557175, ""soil_saturation"": 0.23963546752929688, ""discharge_m3s"": 0.0, ""elevation_m"": 732.0367431640625, ""slope_deg"": 0.1529639661312103, ""basin_id"": 1061032520.0, ""data_completeness_flag"": ""COMPLETE""}",No verified flood events were found for this locality in the available Centre-region canonical catalogue; this does not imply the locality is safe.,[],MEDIUM
CTR-LOC-018,Nkong,Mfoundi,Centre,village,"{""as_of_date"": ""2025-12-31T00:00:00"", ""rainfall_7d_m"": 0.007049156352877617, ""soil_saturation"": 0.22176742553710938, ""discharge_m3s"": 0.078125, ""elevation_m"": 770.3397216796875, ""slope_deg"": 0.1529639661312103, ""basin_id"": 1060021500.0, ""data_completeness_flag"": ""COMPLETE""}",No verified flood events were found for this locality in the available Centre-region canonical catalogue; this does not imply the locality is safe.,[],MEDIUM
CTR-LOC-019,Nkol Ngon,Mfoundi,Centre,village,"{""as_of_date"": ""2025-12-31T00:00:00"", ""rainfall_7d_m"": 0.0073769595474004745, ""soil_saturation"": 0.23924636840820312, ""discharge_m3s"": 0.09375, ""elevation_m"": 838.9873657226562, ""slope_deg"": 0.1529639661312103, ""basin_id"": 1060021440.0, ""data_completeness_flag"": ""COMPLETE""}",No verified flood events were found for this locality in the available Centre-region canonical catalogue; this does not imply the locality is safe.,[],MEDIUM
CTR-LOC-020,Zone M,Mfoundi,Centre,neighbourhood,"{""as_of_date"": ""2025-12-31T00:00:00"", ""rainfall_7d_m"": 0.0073769595474004745, ""soil_saturation"": 0.23924636840820312, ""discharge_m3s"": 0.6875, ""elevation_m"": 750.94482421875, ""slope_deg"": 0.1529639661312103, ""basin_id"": 1060021440.0, ""data_completeness_flag"": ""COMPLETE""}",No verified flood events were found for this locality in the available Centre-region canonical catalogue; this does not imply the locality is safe.,[],MEDIUM
CTR-LOC-021,Zone O,Mfoundi,Centre,neighbourhood,"{""as_of_date"": ""2025-12-31T00:00:00"", ""rainfall_7d_m"": 0.0073769595474004745, ""soil_saturation"": 0.23924636840820312, ""discharge_m3s"": 0.6875, ""elevation_m"": 754.3681640625, ""slope_deg"": 0.1529639661312103, ""basin_id"": 1060021440.0, ""data_completeness_flag"": ""COMPLETE""}",No verified flood events were found for this locality in the available Centre-region canonical catalogue; this does not imply the locality is safe.,[],MEDIUM
CTR-LOC-022,Binguela,Mfoundi,Centre,village,"{""as_of_date"": ""2025-12-31T00:00:00"", ""rainfall_7d_m"": 0.01389862410724163, ""soil_saturation"": 0.2634468078613281, ""discharge_m3s"": 0.328125, ""elevation_m"": 735.6721801757812, ""slope_deg"": 0.1529639661312103, ""basin_id"": 1060021440.0, ""data_completeness_flag"": ""COMPLETE""}",No verified flood events were found for this locality in the available Centre-region canonical catalogue; this does not imply the locality is safe.,[],MEDIUM
CTR-LOC-023,Leboudi II,Mfoundi,Centre,village,"{""as_of_date"": ""2025-12-31T00:00:00"", ""rainfall_7d_m"": 0.010491950437426567, ""soil_saturation"": 0.24849700927734375, ""discharge_m3s"": 0.53125, ""elevation_m"": 783.7747802734375, ""slope_deg"": 0.1529639661312103, ""basin_id"": 1060021440.0, ""data_completeness_flag"": ""COMPLETE""}",No verified flood events were found for this locality in the available Centre-region canonical catalogue; this does not imply the locality is safe.,[],MEDIUM
CTR-LOC-024,Ayéné,Mfoundi,Centre,neighbourhood,"{""as_of_date"": ""2025-12-31T00:00:00"", ""rainfall_7d_m"": 0.008276483044028282, ""soil_saturation"": 0.23752593994140625, ""discharge_m3s"": 0.109375, ""elevation_m"": 704.769287109375, ""slope_deg"": 0.1529639661312103, ""basin_id"": 1060021440.0, ""data_completeness_flag"": ""COMPLETE""}",No verified flood events were found for this locality in the available Centre-region canonical catalogue; this does not imply the locality is safe.,[],MEDIUM
CTR-LOC-025,NKolmbong Bethanie,Mfoundi,Centre,neighbourhood,"{""as_of_date"": ""2025-12-31T00:00:00"", ""rainfall_7d_m"": 0.0073769595474004745, ""soil_saturation"": 0.23924636840820312, ""discharge_m3s"": 0.0, ""elevation_m"": 673.12353515625, ""slope_deg"": 0.1529639661312103, ""basin_id"": 1061032520.0, ""data_completeness_flag"": ""COMPLETE""}",No verified flood events were found for this locality in the available Centre-region canonical catalogue; this does not imply the locality is safe.,[],MEDIUM
CTR-LOC-026,Nkolkos,Mfoundi,Centre,village,"{""as_of_date"": ""2025-12-31T00:00:00"", ""rainfall_7d_m"": 0.010491950437426567, ""soil_saturation"": 0.24849700927734375, ""discharge_m3s"": 0.53125, ""elevation_m"": 774.806884765625, ""slope_deg"": 0.1529639661312103, ""basin_id"": 1060021440.0, ""data_completeness_flag"": ""COMPLETE""}",No verified flood events were found for this locality in the available Centre-region canonical catalogue; this does not imply the locality is safe.,[],MEDIUM
CTR-LOC-027,Nkolbisson,Mfoundi,Centre,village,"{""as_of_date"": ""2025-12-31T00:00:00"", ""rainfall_7d_m"": 0.0073769595474004745, ""soil_saturation"": 0.23924636840820312, ""discharge_m3s"": 0.6875, ""elevation_m"": 714.609130859375, ""slope_deg"": 0.1529639661312103, ""basin_id"": 1060021440.0, ""data_completeness_flag"": ""COMPLETE""}",1 verified flood event(s) recorded here since 2015 (2017).,"[{""source_document_title"": ""Cameroun – Yaoundé: Les inondations persistent au quartier Nkolbisson"", ""source_document_url"": ""https://actucameroun.com/2017/09/12/cameroun-yaounde-les-inondations-persistent-au-quartier-nkolbisson/"", ""canonical_event_id"": ""CTR-FLD-2017-001""}]",HIGH
CTR-LOC-028,Minkoameyos,Mfoundi,Centre,village,"{""as_of_date"": ""2025-12-31T00:00:00"", ""rainfall_7d_m"": 0.010491950437426567, ""soil_saturation"": 0.24849700927734375, ""discharge_m3s"": 0.6875, ""elevation_m"": 738.2661743164062, ""slope_deg"": 0.1529639661312103, ""basin_id"": 1060021440.0, ""data_completeness_flag"": ""COMPLETE""}",No verified flood events were found for this locality in the available Centre-region canonical catalogue; this does not imply the locality is safe.,[],MEDIUM
CTR-LOC-029,Ngoya III,Mfoundi,Centre,village,"{""as_of_date"": ""2025-12-31T00:00:00"", ""rainfall_7d_m"": 0.0073769595474004745, ""soil_saturation"": 0.23924636840820312, ""discharge_m3s"": 0.09375, ""elevation_m"": 883.401123046875, ""slope_deg"": 0.1529639661312103, ""basin_id"": 1060021440.0, ""data_completeness_flag"": ""COMPLETE""}",No verified flood events were found for this locality in the available Centre-region canonical catalogue; this does not imply the locality is safe.,[],MEDIUM
CTR-LOC-030,Akak,Mfoundi,Centre,village,"{""as_of_date"": ""2025-12-31T00:00:00"", ""rainfall_7d_m"": 0.0062767695635557175, ""soil_saturation"": 0.23963546752929688, ""discharge_m3s"": 0.484375, ""elevation_m"": 664.2512817382812, ""slope_deg"": 0.1529639661312103, ""basin_id"": 1061032520.0, ""data_completeness_flag"": ""COMPLETE""}",No verified flood events were found for this locality in the available Centre-region canonical catalogue; this does not imply the locality is safe.,[],MEDIUM
CTR-LOC-031,Akok,Mfoundi,Centre,village,"{""as_of_date"": ""2025-12-31T00:00:00"", ""rainfall_7d_m"": 0.0062767695635557175, ""soil_saturation"": 0.23963546752929688, ""discharge_m3s"": 0.390625, ""elevation_m"": 666.8350219726562, ""slope_deg"": 0.1529639661312103, ""basin_id"": 1061032520.0, ""data_completeness_flag"": ""COMPLETE""}",No verified flood events were found for this locality in the available Centre-region canonical catalogue; this does not imply the locality is safe.,[],MEDIUM
CTR-LOC-032,Ebolmadzom,Mfoundi,Centre,village,"{""as_of_date"": ""2025-12-31T00:00:00"", ""rainfall_7d_m"": 0.0062767695635557175, ""soil_saturation"": 0.23963546752929688, ""discharge_m3s"": 0.390625, ""elevation_m"": 665.04345703125, ""slope_deg"": 0.1529639661312103, ""basin_id"": 1061032520.0, ""data_completeness_flag"": ""COMPLETE""}",No verified flood events were found for this locality in the available Centre-region canonical catalogue; this does not imply the locality is safe.,[],MEDIUM
CTR-LOC-033,Essabak,Mfoundi,Centre,village,"{""as_of_date"": ""2025-12-31T00:00:00"", ""rainfall_7d_m"": 0.006567908450961113, ""soil_saturation"": 0.2466888427734375, ""discharge_m3s"": 0.28125, ""elevation_m"": 717.8966064453125, ""slope_deg"": 0.1529639661312103, ""basin_id"": 1061032520.0, ""data_completeness_flag"": ""COMPLETE""}",No verified flood events were found for this locality in the available Centre-region canonical catalogue; this does not imply the locality is safe.,[],MEDIUM
CTR-LOC-034,Ntouessong IV,Mfoundi,Centre,village,"{""as_of_date"": ""2025-12-31T00:00:00"", ""rainfall_7d_m"": 0.0062767695635557175, ""soil_saturation"": 0.23963546752929688, ""discharge_m3s"": 0.484375, ""elevation_m"": 699.501953125, ""slope_deg"": 0.1529639661312103, ""basin_id"": 1061032520.0, ""data_completeness_flag"": ""COMPLETE""}",No verified flood events were found for this locality in the available Centre-region canonical catalogue; this does not imply the locality is safe.,[],MEDIUM
CTR-LOC-035,Ongandi,Mfoundi,Centre,village,"{""as_of_date"": ""2025-12-31T00:00:00"", ""rainfall_7d_m"": 0.0062767695635557175, ""soil_saturation"": 0.23963546752929688, ""discharge_m3s"": 0.390625, ""elevation_m"": 666.6077270507812, ""slope_deg"": 0.1529639661312103, ""basin_id"": 1061032520.0, ""data_completeness_flag"": ""COMPLETE""}",No verified flood events were found for this locality in the available Centre-region canonical catalogue; this does not imply the locality is safe.,[],MEDIUM
CTR-LOC-036,Ovangou,Mfoundi,Centre,village,"{""as_of_date"": ""2025-12-31T00:00:00"", ""rainfall_7d_m"": 0.0062767695635557175, ""soil_saturation"": 0.23963546752929688, ""discharge_m3s"": 0.390625, ""elevation_m"": 647.7040405273438, ""slope_deg"": 0.1529639661312103, ""basin_id"": 1061032520.0, ""data_completeness_flag"": ""COMPLETE""}",No verified flood events were found for this locality in the available Centre-region canonical catalogue; this does not imply the locality is safe.,[],MEDIUM
CTR-LOC-037,Ting,Mfoundi,Centre,village,"{""as_of_date"": ""2025-12-31T00:00:00"", ""rainfall_7d_m"": 0.0062767695635557175, ""soil_saturation"": 0.23963546752929688, ""discharge_m3s"": 0.390625, ""elevation_m"": 653.177978515625, ""slope_deg"": 0.1529639661312103, ""basin_id"": 1061032520.0, ""data_completeness_flag"": ""COMPLETE""}",No verified flood events were found for this locality in the available Centre-region canonical catalogue; this does not imply the locality is safe.,[],MEDIUM
CTR-LOC-038,Assok,Mfoundi,Centre,village,"{""as_of_date"": ""2025-12-31T00:00:00"", ""rainfall_7d_m"": 0.006567908450961113, ""soil_saturation"": 0.2466888427734375, ""discharge_m3s"": 0.28125, ""elevation_m"": 729.2957153320312, ""slope_deg"": 0.1529639661312103, ""basin_id"": 1061032520.0, ""data_completeness_flag"": ""COMPLETE""}",No verified flood events were found for this locality in the available Centre-region canonical catalogue; this does not imply the locality is safe.,[],MEDIUM
CTR-LOC-039,Ayéné,Mfoundi,Centre,village,"{""as_of_date"": ""2025-12-31T00:00:00"", ""rainfall_7d_m"": 0.006567908450961113, ""soil_saturation"": 0.2466888427734375, ""discharge_m3s"": 0.03125, ""elevation_m"": 737.5418701171875, ""slope_deg"": 0.1529639661312103, ""basin_id"": 1060021440.0, ""data_completeness_flag"": ""COMPLETE""}",No verified flood events were found for this locality in the available Centre-region canonical catalogue; this does not imply the locality is safe.,[],MEDIUM
CTR-LOC-040,Bibong,Mfoundi,Centre,village,"{""as_of_date"": ""2025-12-31T00:00:00"", ""rainfall_7d_m"": 0.01389862410724163, ""soil_saturation"": 0.2634468078613281, ""discharge_m3s"": 0.625, ""elevation_m"": 732.3492431640625, ""slope_deg"": 0.1529639661312103, ""basin_id"": 1060021440.0, ""data_completeness_flag"": ""COMPLETE""}",No verified flood events were found for this locality in the available Centre-region canonical catalogue; this does not imply the locality is safe.,[],MEDIUM
CTR-LOC-041,Ekoumdoum,Mfoundi,Centre,village,"{""as_of_date"": ""2025-12-31T00:00:00"", ""rainfall_7d_m"": 0.006567908450961113, ""soil_saturation"": 0.2466888427734375, ""discharge_m3s"": 0.03125, ""elevation_m"": 717.3427124023438, ""slope_deg"": 0.1529639661312103, ""basin_id"": 1060021440.0, ""data_completeness_flag"": ""COMPLETE""}",No verified flood events were found for this locality in the available Centre-region canonical catalogue; this does not imply the locality is safe.,[],MEDIUM
CTR-LOC-042,Eloumden I,Mfoundi,Centre,village,"{""as_of_date"": ""2025-12-31T00:00:00"", ""rainfall_7d_m"": 0.01389862410724163, ""soil_saturation"": 0.2634468078613281, ""discharge_m3s"": 0.625, ""elevation_m"": 756.7421264648438, ""slope_deg"": 0.1529639661312103, ""basin_id"": 1060021440.0, ""data_completeness_flag"": ""COMPLETE""}",No verified flood events were found for this locality in the available Centre-region canonical catalogue; this does not imply the locality is safe.,[],MEDIUM
CTR-LOC-043,Eloumden II,Mfoundi,Centre,village,"{""as_of_date"": ""2025-12-31T00:00:00"", ""rainfall_7d_m"": 0.01389862410724163, ""soil_saturation"": 0.2634468078613281, ""discharge_m3s"": 0.625, ""elevation_m"": 768.9069213867188, ""slope_deg"": 0.1529639661312103, ""basin_id"": 1060021440.0, ""data_completeness_flag"": ""COMPLETE""}",No verified flood events were found for this locality in the available Centre-region canonical catalogue; this does not imply the locality is safe.,[],MEDIUM
CTR-LOC-044,Etoa,Mfoundi,Centre,village,"{""as_of_date"": ""2025-12-31T00:00:00"", ""rainfall_7d_m"": 0.008276483044028282, ""soil_saturation"": 0.23752593994140625, ""discharge_m3s"": 1.90625, ""elevation_m"": 685.4287719726562, ""slope_deg"": 0.1529639661312103, ""basin_id"": 1060021440.0, ""data_completeness_flag"": ""COMPLETE""}",No verified flood events were found for this locality in the available Centre-region canonical catalogue; this does not imply the locality is safe.,[],MEDIUM
CTR-LOC-045,Etoud,Mfoundi,Centre,village,"{""as_of_date"": ""2025-12-31T00:00:00"", ""rainfall_7d_m"": 0.010491950437426567, ""soil_saturation"": 0.24849700927734375, ""discharge_m3s"": 0.53125, ""elevation_m"": 771.7210693359375, ""slope_deg"": 0.1529639661312103, ""basin_id"": 1060021440.0, ""data_completeness_flag"": ""COMPLETE""}",No verified flood events were found for this locality in the available Centre-region canonical catalogue; this does not imply the locality is safe.,[],MEDIUM
CTR-LOC-046,Lada I,Mfoundi,Centre,village,"{""as_of_date"": ""2025-12-31T00:00:00"", ""rainfall_7d_m"": 0.006567908450961113, ""soil_saturation"": 0.2466888427734375, ""discharge_m3s"": 0.03125, ""elevation_m"": 730.9367065429688, ""slope_deg"": 0.1529639661312103, ""basin_id"": 1060021440.0, ""data_completeness_flag"": ""COMPLETE""}",No verified flood events were found for this locality in the available Centre-region canonical catalogue; this does not imply the locality is safe.,[],MEDIUM
CTR-LOC-047,Mbadoumou,Mfoundi,Centre,village,"{""as_of_date"": ""2025-12-31T00:00:00"", ""rainfall_7d_m"": 0.008276483044028282, ""soil_saturation"": 0.23752593994140625, ""discharge_m3s"": 1.90625, ""elevation_m"": 712.1513061523438, ""slope_deg"": 0.1529639661312103, ""basin_id"": 1060021440.0, ""data_completeness_flag"": ""COMPLETE""}",No verified flood events were found for this locality in the available Centre-region canonical catalogue; this does not imply the locality is safe.,[],MEDIUM
CTR-LOC-048,Mbalngong,Mfoundi,Centre,village,"{""as_of_date"": ""2025-12-31T00:00:00"", ""rainfall_7d_m"": 0.008276483044028282, ""soil_saturation"": 0.23752593994140625, ""discharge_m3s"": 1.328125, ""elevation_m"": 677.9591674804688, ""slope_deg"": 0.1529639661312103, ""basin_id"": 1060021440.0, ""data_completeness_flag"": ""COMPLETE""}",No verified flood events were found for this locality in the available Centre-region canonical catalogue; this does not imply the locality is safe.,[],MEDIUM
CTR-LOC-049,Mebandan,Mfoundi,Centre,village,"{""as_of_date"": ""2025-12-31T00:00:00"", ""rainfall_7d_m"": 0.008276483044028282, ""soil_saturation"": 0.23752593994140625, ""discharge_m3s"": 2.0, ""elevation_m"": 676.8704833984375, ""slope_deg"": 0.1529639661312103, ""basin_id"": 1060021440.0, ""data_completeness_flag"": ""COMPLETE""}",No verified flood events were found for this locality in the available Centre-region canonical catalogue; this does not imply the locality is safe.,[],MEDIUM
CTR-LOC-050,Meyo,Mfoundi,Centre,village,"{""as_of_date"": ""2025-12-31T00:00:00"", ""rainfall_7d_m"": 0.008276483044028282, ""soil_saturation"": 0.23752593994140625, ""discharge_m3s"": 2.0, ""elevation_m"": 719.6569213867188, ""slope_deg"": 0.1529639661312103, ""basin_id"": 1060021440.0, ""data_completeness_flag"": ""COMPLETE""}",No verified flood events were found for this locality in the available Centre-region canonical catalogue; this does not imply the locality is safe.,[],MEDIUM
CTR-LOC-051,Métak,Mfoundi,Centre,village,"{""as_of_date"": ""2025-12-31T00:00:00"", ""rainfall_7d_m"": 0.010491950437426567, ""soil_saturation"": 0.24849700927734375, ""discharge_m3s"": 0.53125, ""elevation_m"": 797.6356201171875, ""slope_deg"": 0.1529639661312103, ""basin_id"": 1060021440.0, ""data_completeness_flag"": ""COMPLETE""}",No verified flood events were found for this locality in the available Centre-region canonical catalogue; this does not imply the locality is safe.,[],MEDIUM
CTR-LOC-052,Ndong,Mfoundi,Centre,village,"{""as_of_date"": ""2025-12-31T00:00:00"", ""rainfall_7d_m"": 0.006567908450961113, ""soil_saturation"": 0.2466888427734375, ""discharge_m3s"": 0.140625, ""elevation_m"": 709.4996337890625, ""slope_deg"": 0.1529639661312103, ""basin_id"": 1060021440.0, ""data_completeness_flag"": ""COMPLETE""}",No verified flood events were found for this locality in the available Centre-region canonical catalogue; this does not imply the locality is safe.,[],MEDIUM
CTR-LOC-053,Nkolafémé,Mfoundi,Centre,village,"{""as_of_date"": ""2025-12-31T00:00:00"", ""rainfall_7d_m"": 0.0073769595474004745, ""soil_saturation"": 0.23924636840820312, ""discharge_m3s"": 0.6875, ""elevation_m"": 731.0676879882812, ""slope_deg"": 0.1529639661312103, ""basin_id"": 1060021440.0, ""data_completeness_flag"": ""COMPLETE""}",No verified flood events were found for this locality in the available Centre-region canonical catalogue; this does not imply the locality is safe.,[],MEDIUM
CTR-LOC-054,Nkolndan,Mfoundi,Centre,village,"{""as_of_date"": ""2025-12-31T00:00:00"", ""rainfall_7d_m"": 0.008276483044028282, ""soil_saturation"": 0.23752593994140625, ""discharge_m3s"": 2.0, ""elevation_m"": 697.847900390625, ""slope_deg"": 0.1529639661312103, ""basin_id"": 1060021440.0, ""data_completeness_flag"": ""COMPLETE""}",No verified flood events were found for this locality in the available Centre-region canonical catalogue; this does not imply the locality is safe.,[],MEDIUM
CTR-LOC-055,Nkolngok,Mfoundi,Centre,village,"{""as_of_date"": ""2025-12-31T00:00:00"", ""rainfall_7d_m"": 0.006567908450961113, ""soil_saturation"": 0.2466888427734375, ""discharge_m3s"": 0.140625, ""elevation_m"": 708.2504272460938, ""slope_deg"": 0.1529639661312103, ""basin_id"": 1060021440.0, ""data_completeness_flag"": ""COMPLETE""}",No verified flood events were found for this locality in the available Centre-region canonical catalogue; this does not imply the locality is safe.,[],MEDIUM
CTR-LOC-056,Nkolo,Mfoundi,Centre,village,"{""as_of_date"": ""2025-12-31T00:00:00"", ""rainfall_7d_m"": 0.0062767695635557175, ""soil_saturation"": 0.23963546752929688, ""discharge_m3s"": 0.0, ""elevation_m"": 703.2238159179688, ""slope_deg"": 0.1529639661312103, ""basin_id"": 1060021440.0, ""data_completeness_flag"": ""COMPLETE""}",No verified flood events were found for this locality in the available Centre-region canonical catalogue; this does not imply the locality is safe.,[],MEDIUM
CTR-LOC-057,Nkombassi,Mfoundi,Centre,village,"{""as_of_date"": ""2025-12-31T00:00:00"", ""rainfall_7d_m"": 0.0062767695635557175, ""soil_saturation"": 0.23963546752929688, ""discharge_m3s"": 0.0, ""elevation_m"": 687.3878173828125, ""slope_deg"": 0.1529639661312103, ""basin_id"": 1061032520.0, ""data_completeness_flag"": ""COMPLETE""}",No verified flood events were found for this locality in the available Centre-region canonical catalogue; this does not imply the locality is safe.,[],MEDIUM
CTR-LOC-058,Nkongoa,Mfoundi,Centre,village,"{""as_of_date"": ""2025-12-31T00:00:00"", ""rainfall_7d_m"": 0.006567908450961113, ""soil_saturation"": 0.2466888427734375, ""discharge_m3s"": 0.28125, ""elevation_m"": 733.78076171875, ""slope_deg"": 0.1529639661312103, ""basin_id"": 1061032520.0, ""data_completeness_flag"": ""COMPLETE""}",No verified flood events were found for this locality in the available Centre-region canonical catalogue; this does not imply the locality is safe.,[],MEDIUM
CTR-LOC-059,Nkoulou,Mfoundi,Centre,village,"{""as_of_date"": ""2025-12-31T00:00:00"", ""rainfall_7d_m"": 0.006567908450961113, ""soil_saturation"": 0.2466888427734375, ""discharge_m3s"": 0.140625, ""elevation_m"": 711.7577514648438, ""slope_deg"": 0.1529639661312103, ""basin_id"": 1060021440.0, ""data_completeness_flag"": ""COMPLETE""}",No verified flood events were found for this locality in the available Centre-region canonical catalogue; this does not imply the locality is safe.,[],MEDIUM
CTR-LOC-060,Nomayos I,Mfoundi,Centre,village,"{""as_of_date"": ""2025-12-31T00:00:00"", ""rainfall_7d_m"": 0.01389862410724163, ""soil_saturation"": 0.2634468078613281, ""discharge_m3s"": 0.328125, ""elevation_m"": 732.4352416992188, ""slope_deg"": 0.1529639661312103, ""basin_id"": 1060021440.0, ""data_completeness_flag"": ""COMPLETE""}",No verified flood events were found for this locality in the available Centre-region canonical catalogue; this does not imply the locality is safe.,[],MEDIUM
CTR-LOC-061,Nouma,Mfoundi,Centre,village,"{""as_of_date"": ""2025-12-31T00:00:00"", ""rainfall_7d_m"": 0.009212514385581017, ""soil_saturation"": 0.22423553466796875, ""discharge_m3s"": 0.109375, ""elevation_m"": 793.11962890625, ""slope_deg"": 0.1529639661312103, ""basin_id"": 1060021440.0, ""data_completeness_flag"": ""COMPLETE""}",No verified flood events were found for this locality in the available Centre-region canonical catalogue; this does not imply the locality is safe.,[],MEDIUM
CTR-LOC-062,Odza I,Mfoundi,Centre,village,"{""as_of_date"": ""2025-12-31T00:00:00"", ""rainfall_7d_m"": 0.008276483044028282, ""soil_saturation"": 0.23752593994140625, ""discharge_m3s"": 2.0, ""elevation_m"": 705.3115844726562, ""slope_deg"": 0.1529639661312103, ""basin_id"": 1060021440.0, ""data_completeness_flag"": ""COMPLETE""}",No verified flood events were found for this locality in the available Centre-region canonical catalogue; this does not imply the locality is safe.,[],MEDIUM
CTR-LOC-063,Odza II,Mfoundi,Centre,village,"{""as_of_date"": ""2025-12-31T00:00:00"", ""rainfall_7d_m"": 0.008276483044028282, ""soil_saturation"": 0.23752593994140625, ""discharge_m3s"": 2.0, ""elevation_m"": 697.548095703125, ""slope_deg"": 0.1529639661312103, ""basin_id"": 1060021440.0, ""data_completeness_flag"": ""COMPLETE""}",No verified flood events were found for this locality in the available Centre-region canonical catalogue; this does not imply the locality is safe.,[],MEDIUM
CTR-LOC-064,Ozom II,Mfoundi,Centre,village,"{""as_of_date"": ""2025-12-31T00:00:00"", ""rainfall_7d_m"": 0.010491950437426567, ""soil_saturation"": 0.24849700927734375, ""discharge_m3s"": 0.6875, ""elevation_m"": 733.137939453125, ""slope_deg"": 0.1529639661312103, ""basin_id"": 1060021440.0, ""data_completeness_flag"": ""COMPLETE""}",No verified flood events were found for this locality in the available Centre-region canonical catalogue; this does not imply the locality is safe.,[],MEDIUM
CTR-LOC-065,Vian,Mfoundi,Centre,village,"{""as_of_date"": ""2025-12-31T00:00:00"", ""rainfall_7d_m"": 0.006567908450961113, ""soil_saturation"": 0.2466888427734375, ""discharge_m3s"": 0.140625, ""elevation_m"": 721.1119995117188, ""slope_deg"": 0.1529639661312103, ""basin_id"": 1060021440.0, ""data_completeness_flag"": ""COMPLETE""}",No verified flood events were found for this locality in the available Centre-region canonical catalogue; this does not imply the locality is safe.,[],MEDIUM
CTR-LOC-066,Ekombitié,Mfoundi,Centre,village,"{""as_of_date"": ""2025-12-31T00:00:00"", ""rainfall_7d_m"": 0.0073769595474004745, ""soil_saturation"": 0.23924636840820312, ""discharge_m3s"": 0.0, ""elevation_m"": 700.08056640625, ""slope_deg"": 0.1529639661312103, ""basin_id"": 1061032520.0, ""data_completeness_flag"": ""COMPLETE""}",No verified flood events were found for this locality in the available Centre-region canonical catalogue; this does not imply the locality is safe.,[],MEDIUM
CTR-LOC-067,Nkolondon II,Mfoundi,Centre,village,"{""as_of_date"": ""2025-12-31T00:00:00"", ""rainfall_7d_m"": 0.0073769595474004745, ""soil_saturation"": 0.23924636840820312, ""discharge_m3s"": 0.0, ""elevation_m"": 849.9185180664062, ""slope_deg"": 0.1529639661312103, ""basin_id"": 1061032520.0, ""data_completeness_flag"": ""COMPLETE""}",No verified flood events were found for this locality in the available Centre-region canonical catalogue; this does not imply the locality is safe.,[],LOW
CTR-LOC-068,Nyom I,Mfoundi,Centre,village,"{""as_of_date"": ""2025-12-31T00:00:00"", ""rainfall_7d_m"": 0.0073769595474004745, ""soil_saturation"": 0.23924636840820312, ""discharge_m3s"": 0.0, ""elevation_m"": 735.2326049804688, ""slope_deg"": 0.1529639661312103, ""basin_id"": 1061032520.0, ""data_completeness_flag"": ""COMPLETE""}",No verified flood events were found for this locality in the available Centre-region canonical catalogue; this does not imply the locality is safe.,[],MEDIUM
CTR-LOC-069,Nyom II,Mfoundi,Centre,village,"{""as_of_date"": ""2025-12-31T00:00:00"", ""rainfall_7d_m"": 0.007049156352877617, ""soil_saturation"": 0.22176742553710938, ""discharge_m3s"": 0.046875, ""elevation_m"": 684.7448120117188, ""slope_deg"": 0.1529639661312103, ""basin_id"": 1061032520.0, ""data_completeness_flag"": ""COMPLETE""}",No verified flood events were found for this locality in the available Centre-region canonical catalogue; this does not imply the locality is safe.,[],MEDIUM
CTR-LOC-070,Olembé I,Mfoundi,Centre,village,"{""as_of_date"": ""2025-12-31T00:00:00"", ""rainfall_7d_m"": 0.007049156352877617, ""soil_saturation"": 0.22176742553710938, ""discharge_m3s"": 0.046875, ""elevation_m"": 686.53857421875, ""slope_deg"": 0.1529639661312103, ""basin_id"": 1061032520.0, ""data_completeness_flag"": ""COMPLETE""}",No verified flood events were found for this locality in the available Centre-region canonical catalogue; this does not imply the locality is safe.,[],MEDIUM
CTR-LOC-071,Olembé II,Mfoundi,Centre,village,"{""as_of_date"": ""2025-12-31T00:00:00"", ""rainfall_7d_m"": 0.007049156352877617, ""soil_saturation"": 0.22176742553710938, ""discharge_m3s"": 0.046875, ""elevation_m"": 680.558837890625, ""slope_deg"": 0.1529639661312103, ""basin_id"": 1061032520.0, ""data_completeness_flag"": ""COMPLETE""}",No verified flood events were found for this locality in the available Centre-region canonical catalogue; this does not imply the locality is safe.,[],MEDIUM
CTR-LOC-072,Ebemebang,Mfoundi,Centre,village,"{""as_of_date"": ""2025-12-31T00:00:00"", ""rainfall_7d_m"": 0.005968442186713219, ""soil_saturation"": 0.23284912109375, ""discharge_m3s"": 0.703125, ""elevation_m"": 656.1898193359375, ""slope_deg"": 0.1529639661312103, ""basin_id"": 1061032520.0, ""data_completeness_flag"": ""COMPLETE""}",No verified flood events were found for this locality in the available Centre-region canonical catalogue; this does not imply the locality is safe.,[],MEDIUM
CTR-LOC-073,Ebogo I,Mfoundi,Centre,village,"{""as_of_date"": ""2025-12-31T00:00:00"", ""rainfall_7d_m"": 0.005968442186713219, ""soil_saturation"": 0.23284912109375, ""discharge_m3s"": 0.09375, ""elevation_m"": 651.685302734375, ""slope_deg"": 0.1529639661312103, ""basin_id"": 1061032520.0, ""data_completeness_flag"": ""COMPLETE""}",No verified flood events were found for this locality in the available Centre-region canonical catalogue; this does not imply the locality is safe.,[],MEDIUM
CTR-LOC-074,Ntouessong VI,Mfoundi,Centre,village,"{""as_of_date"": ""2025-12-31T00:00:00"", ""rainfall_7d_m"": 0.0062767695635557175, ""soil_saturation"": 0.23963546752929688, ""discharge_m3s"": 0.484375, ""elevation_m"": 681.5730590820312, ""slope_deg"": 0.1529639661312103, ""basin_id"": 1061032520.0, ""data_completeness_flag"": ""COMPLETE""}",No verified flood events were found for this locality in the available Centre-region canonical catalogue; this does not imply the locality is safe.,[],MEDIUM
CTR-LOC-075,Ntouessong VII,Mfoundi,Centre,village,"{""as_of_date"": ""2025-12-31T00:00:00"", ""rainfall_7d_m"": 0.0062767695635557175, ""soil_saturation"": 0.23963546752929688, ""discharge_m3s"": 0.484375, ""elevation_m"": 689.8494873046875, ""slope_deg"": 0.1529639661312103, ""basin_id"": 1061032520.0, ""data_completeness_flag"": ""COMPLETE""}",No verified flood events were found for this locality in the available Centre-region canonical catalogue; this does not imply the locality is safe.,[],MEDIUM
CTR-LOC-076,Nkolfoulou I,Mfoundi,Centre,village,"{""as_of_date"": ""2025-12-31T00:00:00"", ""rainfall_7d_m"": 0.0062767695635557175, ""soil_saturation"": 0.23963546752929688, ""discharge_m3s"": 0.03125, ""elevation_m"": 677.276611328125, ""slope_deg"": 0.1529639661312103, ""basin_id"": 1061032520.0, ""data_completeness_flag"": ""COMPLETE""}",No verified flood events were found for this locality in the available Centre-region canonical catalogue; this does not imply the locality is safe.,[],MEDIUM
CTR-LOC-077,Carrefour Nsam,Mfoundi,Centre,neighbourhood,"{""as_of_date"": ""2025-12-31T00:00:00"", ""rainfall_7d_m"": 0.008276483044028282, ""soil_saturation"": 0.23752593994140625, ""discharge_m3s"": 0.109375, ""elevation_m"": 736.7852783203125, ""slope_deg"": 0.1529639661312103, ""basin_id"": 1060021440.0, ""data_completeness_flag"": ""COMPLETE""}",No verified flood events were found for this locality in the available Centre-region canonical catalogue; this does not imply the locality is safe.,[],MEDIUM
CTR-LOC-078,Simbock,Mfoundi,Centre,neighbourhood,"{""as_of_date"": ""2025-12-31T00:00:00"", ""rainfall_7d_m"": 0.008276483044028282, ""soil_saturation"": 0.23752593994140625, ""discharge_m3s"": 1.328125, ""elevation_m"": 721.8486938476562, ""slope_deg"": 0.1529639661312103, ""basin_id"": 1060021440.0, ""data_completeness_flag"": ""COMPLETE""}",No verified flood events were found for this locality in the available Centre-region canonical catalogue; this does not imply the locality is safe.,[],MEDIUM
CTR-LOC-079,Nkolessong,Mfoundi,Centre,village,"{""as_of_date"": ""2025-12-31T00:00:00"", ""rainfall_7d_m"": 0.007049156352877617, ""soil_saturation"": 0.22176742553710938, ""discharge_m3s"": 0.078125, ""elevation_m"": 807.1720581054688, ""slope_deg"": 0.1529639661312103, ""basin_id"": 1061032520.0, ""data_completeness_flag"": ""COMPLETE""}",No verified flood events were found for this locality in the available Centre-region canonical catalogue; this does not imply the locality is safe.,[],MEDIUM
CTR-LOC-080,Okoui chefferie,Mfoundi,Centre,neighbourhood,"{""as_of_date"": ""2025-12-31T00:00:00"", ""rainfall_7d_m"": 0.006567908450961113, ""soil_saturation"": 0.2466888427734375, ""discharge_m3s"": 0.03125, ""elevation_m"": 716.480712890625, ""slope_deg"": 0.1529639661312103, ""basin_id"": 1060021440.0, ""data_completeness_flag"": ""COMPLETE""}",No verified flood events were found for this locality in the available Centre-region canonical catalogue; this does not imply the locality is safe.,[],MEDIUM
CTR-LOC-081,Ekong,Mfoundi,Centre,village,"{""as_of_date"": ""2025-12-31T00:00:00"", ""rainfall_7d_m"": 0.0073769595474004745, ""soil_saturation"": 0.23924636840820312, ""discharge_m3s"": 0.09375, ""elevation_m"": 805.6478271484375, ""slope_deg"": 0.1529639661312103, ""basin_id"": 1060021440.0, ""data_completeness_flag"": ""COMPLETE""}",No verified flood events were found for this locality in the available Centre-region canonical catalogue; this does not imply the locality is safe.,[],MEDIUM
CTR-LOC-082,Leboudi I,Mfoundi,Centre,village,"{""as_of_date"": ""2025-12-31T00:00:00"", ""rainfall_7d_m"": 0.0073769595474004745, ""soil_saturation"": 0.23924636840820312, ""discharge_m3s"": 0.09375, ""elevation_m"": 787.4507446289062, ""slope_deg"": 0.1529639661312103, ""basin_id"": 1060021440.0, ""data_completeness_flag"": ""COMPLETE""}",No verified flood events were found for this locality in the available Centre-region canonical catalogue; this does not imply the locality is safe.,[],MEDIUM
CTR-LOC-083,Zalom,Mfoundi,Centre,village,"{""as_of_date"": ""2025-12-31T00:00:00"", ""rainfall_7d_m"": 0.006567908450961113, ""soil_saturation"": 0.2466888427734375, ""discharge_m3s"": 0.28125, ""elevation_m"": 720.5972290039062, ""slope_deg"": 0.1529639661312103, ""basin_id"": 1061032520.0, ""data_completeness_flag"": ""COMPLETE""}",No verified flood events were found for this locality in the available Centre-region canonical catalogue; this does not imply the locality is safe.,[],MEDIUM
CTR-LOC-084,Mendong,Mfoundi,Centre,village,"{""as_of_date"": ""2025-12-31T00:00:00"", ""rainfall_7d_m"": 0.006567908450961113, ""soil_saturation"": 0.2466888427734375, ""discharge_m3s"": 0.140625, ""elevation_m"": 726.0537109375, ""slope_deg"": 0.1529639661312103, ""basin_id"": 1060021440.0, ""data_completeness_flag"": ""COMPLETE""}",No verified flood events were found for this locality in the available Centre-region canonical catalogue; this does not imply the locality is safe.,[],MEDIUM
CTR-LOC-085,Etoubou,Mfoundi,Centre,village,"{""as_of_date"": ""2025-12-31T00:00:00"", ""rainfall_7d_m"": 0.006567908450961113, ""soil_saturation"": 0.2466888427734375, ""discharge_m3s"": 0.140625, ""elevation_m"": 708.70361328125, ""slope_deg"": 0.1529639661312103, ""basin_id"": 1060021440.0, ""data_completeness_flag"": ""COMPLETE""}",No verified flood events were found for this locality in the available Centre-region canonical catalogue; this does not imply the locality is safe.,[],MEDIUM
CTR-LOC-086,Kondo-Medzap,Mfoundi,Centre,village,"{""as_of_date"": ""2025-12-31T00:00:00"", ""rainfall_7d_m"": 0.006567908450961113, ""soil_saturation"": 0.2466888427734375, ""discharge_m3s"": 0.140625, ""elevation_m"": 694.35400390625, ""slope_deg"": 0.1529639661312103, ""basin_id"": 1060021440.0, ""data_completeness_flag"": ""COMPLETE""}",No verified flood events were found for this locality in the available Centre-region canonical catalogue; this does not imply the locality is safe.,[],MEDIUM
CTR-LOC-087,Méhandann I,Mfoundi,Centre,village,"{""as_of_date"": ""2025-12-31T00:00:00"", ""rainfall_7d_m"": 0.006567908450961113, ""soil_saturation"": 0.2466888427734375, ""discharge_m3s"": 0.140625, ""elevation_m"": 703.467041015625, ""slope_deg"": 0.1529639661312103, ""basin_id"": 1060021440.0, ""data_completeness_flag"": ""COMPLETE""}",No verified flood events were found for this locality in the available Centre-region canonical catalogue; this does not imply the locality is safe.,[],MEDIUM
CTR-LOC-088,Méhandann II,Mfoundi,Centre,village,"{""as_of_date"": ""2025-12-31T00:00:00"", ""rainfall_7d_m"": 0.008276483044028282, ""soil_saturation"": 0.23752593994140625, ""discharge_m3s"": 2.0, ""elevation_m"": 713.7064208984375, ""slope_deg"": 0.1529639661312103, ""basin_id"": 1060021440.0, ""data_completeness_flag"": ""COMPLETE""}",No verified flood events were found for this locality in the available Centre-region canonical catalogue; this does not imply the locality is safe.,[],MEDIUM
CTR-LOC-089,Méhandann III,Mfoundi,Centre,village,"{""as_of_date"": ""2025-12-31T00:00:00"", ""rainfall_7d_m"": 0.008276483044028282, ""soil_saturation"": 0.23752593994140625, ""discharge_m3s"": 2.0, ""elevation_m"": 692.5272216796875, ""slope_deg"": 0.1529639661312103, ""basin_id"": 1060021440.0, ""data_completeness_flag"": ""COMPLETE""}",No verified flood events were found for this locality in the available Centre-region canonical catalogue; this does not imply the locality is safe.,[],MEDIUM
CTR-LOC-090,Ndjinga,Mfoundi,Centre,village,"{""as_of_date"": ""2025-12-31T00:00:00"", ""rainfall_7d_m"": 0.008276483044028282, ""soil_saturation"": 0.23752593994140625, ""discharge_m3s"": 2.0, ""elevation_m"": 710.6181640625, ""slope_deg"": 0.1529639661312103, ""basin_id"": 1060021440.0, ""data_completeness_flag"": ""COMPLETE""}",No verified flood events were found for this locality in the available Centre-region canonical catalogue; this does not imply the locality is safe.,[],MEDIUM
CTR-LOC-091,Entrez Fokou,Mfoundi,Centre,quarter,"{""as_of_date"": ""2025-12-31T00:00:00"", ""rainfall_7d_m"": 0.0062767695635557175, ""soil_saturation"": 0.23963546752929688, ""discharge_m3s"": 0.0, ""elevation_m"": 694.3509521484375, ""slope_deg"": 0.1529639661312103, ""basin_id"": 1061032520.0, ""data_completeness_flag"": ""COMPLETE""}",No verified flood events were found for this locality in the available Centre-region canonical catalogue; this does not imply the locality is safe.,[],MEDIUM
CTR-LOC-092,Nsimiayat,Mfoundi,Centre,village,"{""as_of_date"": ""2025-12-31T00:00:00"", ""rainfall_7d_m"": 0.006567908450961113, ""soil_saturation"": 0.2466888427734375, ""discharge_m3s"": 0.28125, ""elevation_m"": 735.407470703125, ""slope_deg"": 0.1529639661312103, ""basin_id"": 1061032520.0, ""data_completeness_flag"": ""COMPLETE""}",No verified flood events were found for this locality in the available Centre-region canonical catalogue; this does not imply the locality is safe.,[],MEDIUM
CTR-LOC-093,Nkolelann,Mfoundi,Centre,village,"{""as_of_date"": ""2025-12-31T00:00:00"", ""rainfall_7d_m"": 0.006567908450961113, ""soil_saturation"": 0.2466888427734375, ""discharge_m3s"": 0.28125, ""elevation_m"": 734.56298828125, ""slope_deg"": 0.1529639661312103, ""basin_id"": 1061032520.0, ""data_completeness_flag"": ""COMPLETE""}",No verified flood events were found for this locality in the available Centre-region canonical catalogue; this does not imply the locality is safe.,[],MEDIUM
CTR-LOC-094,Nzazomo,Mfoundi,Centre,village,"{""as_of_date"": ""2025-12-31T00:00:00"", ""rainfall_7d_m"": 0.006567908450961113, ""soil_saturation"": 0.2466888427734375, ""discharge_m3s"": 0.03125, ""elevation_m"": 701.9346313476562, ""slope_deg"": 0.1529639661312103, ""basin_id"": 1060021440.0, ""data_completeness_flag"": ""COMPLETE""}",No verified flood events were found for this locality in the available Centre-region canonical catalogue; this does not imply the locality is safe.,[],MEDIUM
CTR-LOC-095,Lada II,Mfoundi,Centre,village,"{""as_of_date"": ""2025-12-31T00:00:00"", ""rainfall_7d_m"": 0.006567908450961113, ""soil_saturation"": 0.2466888427734375, ""discharge_m3s"": 0.03125, ""elevation_m"": 742.3585815429688, ""slope_deg"": 0.1529639661312103, ""basin_id"": 1060021440.0, ""data_completeness_flag"": ""COMPLETE""}",No verified flood events were found for this locality in the available Centre-region canonical catalogue; this does not imply the locality is safe.,[],MEDIUM
CTR-LOC-096,Mvogada,Mfoundi,Centre,village,"{""as_of_date"": ""2025-12-31T00:00:00"", ""rainfall_7d_m"": 0.0073769595474004745, ""soil_saturation"": 0.23924636840820312, ""discharge_m3s"": 0.09375, ""elevation_m"": 737.8049926757812, ""slope_deg"": 0.1529639661312103, ""basin_id"": 1060021440.0, ""data_completeness_flag"": ""COMPLETE""}",No verified flood events were found for this locality in the available Centre-region canonical catalogue; this does not imply the locality is safe.,[],MEDIUM
CTR-LOC-097,Mfandéna II,Mfoundi,Centre,village,"{""as_of_date"": ""2025-12-31T00:00:00"", ""rainfall_7d_m"": 0.0073769595474004745, ""soil_saturation"": 0.23924636840820312, ""discharge_m3s"": 0.09375, ""elevation_m"": 772.0225219726562, ""slope_deg"": 0.1529639661312103, ""basin_id"": 1060021440.0, ""data_completeness_flag"": ""COMPLETE""}",No verified flood events were found for this locality in the available Centre-region canonical catalogue; this does not imply the locality is safe.,[],MEDIUM
CTR-LOC-098,Nkol-Etonn,Mfoundi,Centre,village,"{""as_of_date"": ""2025-12-31T00:00:00"", ""rainfall_7d_m"": 0.0073769595474004745, ""soil_saturation"": 0.23924636840820312, ""discharge_m3s"": 0.09375, ""elevation_m"": 732.0176391601562, ""slope_deg"": 0.1529639661312103, ""basin_id"": 1060021440.0, ""data_completeness_flag"": ""COMPLETE""}",No verified flood events were found for this locality in the available Centre-region canonical catalogue; this does not imply the locality is safe.,[],MEDIUM
CTR-LOC-099,Tongola-Assi,Mfoundi,Centre,village,"{""as_of_date"": ""2025-12-31T00:00:00"", ""rainfall_7d_m"": 0.0073769595474004745, ""soil_saturation"": 0.23924636840820312, ""discharge_m3s"": 0.0, ""elevation_m"": 733.3309326171875, ""slope_deg"": 0.1529639661312103, ""basin_id"": 1060021440.0, ""data_completeness_flag"": ""COMPLETE""}",No verified flood events were found for this locality in the available Centre-region canonical catalogue; this does not imply the locality is safe.,[],MEDIUM
CTR-LOC-100,Mbala,Mfoundi,Centre,village,"{""as_of_date"": ""2025-12-31T00:00:00"", ""rainfall_7d_m"": 0.0073769595474004745, ""soil_saturation"": 0.23924636840820312, ""discharge_m3s"": 0.09375, ""elevation_m"": 753.2510986328125, ""slope_deg"": 0.1529639661312103, ""basin_id"": 1060021440.0, ""data_completeness_flag"": ""COMPLETE""}",No verified flood events were found for this locality in the available Centre-region canonical catalogue; this does not imply the locality is safe.,[],MEDIUM
CTR-LOC-101,Biteng,Mfoundi,Centre,village,"{""as_of_date"": ""2025-12-31T00:00:00"", ""rainfall_7d_m"": 0.0062767695635557175, ""soil_saturation"": 0.23963546752929688, ""discharge_m3s"": 0.0, ""elevation_m"": 733.6129150390625, ""slope_deg"": 0.1529639661312103, ""basin_id"": 1060021440.0, ""data_completeness_flag"": ""COMPLETE""}",No verified flood events were found for this locality in the available Centre-region canonical catalogue; this does not imply the locality is safe.,[],MEDIUM
CTR-LOC-102,Nkomo,Mfoundi,Centre,village,"{""as_of_date"": ""2025-12-31T00:00:00"", ""rainfall_7d_m"": 0.006567908450961113, ""soil_saturation"": 0.2466888427734375, ""discharge_m3s"": 0.03125, ""elevation_m"": 743.6307983398438, ""slope_deg"": 0.1529639661312103, ""basin_id"": 1060021440.0, ""data_completeness_flag"": ""COMPLETE""}",No verified flood events were found for this locality in the available Centre-region canonical catalogue; this does not imply the locality is safe.,[],MEDIUM
CTR-LOC-103,Oyom Abang,Mfoundi,Centre,quarter,"{""as_of_date"": ""2025-12-31T00:00:00"", ""rainfall_7d_m"": 0.0073769595474004745, ""soil_saturation"": 0.23924636840820312, ""discharge_m3s"": 0.6875, ""elevation_m"": 730.1171264648438, ""slope_deg"": 0.1529639661312103, ""basin_id"": 1060021440.0, ""data_completeness_flag"": ""COMPLETE""}",No verified flood events were found for this locality in the available Centre-region canonical catalogue; this does not imply the locality is safe.,[],MEDIUM
CTR-LOC-104,Mbansan,Mfoundi,Centre,village,"{""as_of_date"": ""2025-12-31T00:00:00"", ""rainfall_7d_m"": 0.0062767695635557175, ""soil_saturation"": 0.23963546752929688, ""discharge_m3s"": 0.390625, ""elevation_m"": 702.8047485351562, ""slope_deg"": 0.1529639661312103, ""basin_id"": 1061032520.0, ""data_completeness_flag"": ""COMPLETE""}",No verified flood events were found for this locality in the available Centre-region canonical catalogue; this does not imply the locality is safe.,[],MEDIUM
CTR-LOC-105,Ngona,Mfoundi,Centre,village,"{""as_of_date"": ""2025-12-31T00:00:00"", ""rainfall_7d_m"": 0.0062767695635557175, ""soil_saturation"": 0.23963546752929688, ""discharge_m3s"": 0.0, ""elevation_m"": 730.4400634765625, ""slope_deg"": 0.1529639661312103, ""basin_id"": 1061032520.0, ""data_completeness_flag"": ""COMPLETE""}",No verified flood events were found for this locality in the available Centre-region canonical catalogue; this does not imply the locality is safe.,[],MEDIUM
CTR-LOC-106,EBOGO CITY,Mfoundi,Centre,neighbourhood,"{""as_of_date"": ""2025-12-31T00:00:00"", ""rainfall_7d_m"": 0.0073769595474004745, ""soil_saturation"": 0.23924636840820312, ""discharge_m3s"": 0.09375, ""elevation_m"": 753.3277587890625, ""slope_deg"": 0.1529639661312103, ""basin_id"": 1060021440.0, ""data_completeness_flag"": ""COMPLETE""}",No verified flood events were found for this locality in the available Centre-region canonical catalogue; this does not imply the locality is safe.,[],LOW
CTR-LOC-107,Obala,,Centre,town,"{""as_of_date"": ""2025-12-31T00:00:00"", ""rainfall_7d_m"": 0.006418479606509209, ""soil_saturation"": 0.18245315551757812, ""discharge_m3s"": 2.171875, ""elevation_m"": 542.7601928710938, ""slope_deg"": 0.0421559828852751, ""basin_id"": 1061032520.0, ""data_completeness_flag"": ""COMPLETE""}",1 verified flood event(s) recorded here since 2015 (2022).,"[{""source_document_title"": ""Actu Cameroun / supporting Obala flood-relief search records"", ""source_document_url"": ""https://actucameroun.com/2022/09/13/paul-et-chantal-biya-volent-au-secours-des-victimes-des-inondations-a-obala-centre/"", ""canonical_event_id"": ""CTR-FLD-2022-001""}]",HIGH
CTR-LOC-108,Mbalmayo,,Centre,town,"{""as_of_date"": ""2025-12-31T00:00:00"", ""rainfall_7d_m"": 0.01209144841413945, ""soil_saturation"": 0.28521728515625, ""discharge_m3s"": 41.671875, ""elevation_m"": 649.1495361328125, ""slope_deg"": 0.1529639661312103, ""basin_id"": 1060021440.0, ""data_completeness_flag"": ""COMPLETE""}",No verified flood events were found for this locality in the available Centre-region canonical catalogue; this does not imply the locality is safe.,[],MEDIUM
CTR-LOC-109,Monatélé,,Centre,town,"{""as_of_date"": ""2025-12-31T00:00:00"", ""rainfall_7d_m"": 0.0055295806378126144, ""soil_saturation"": 0.23870086669921875, ""discharge_m3s"": 897.15625, ""elevation_m"": 417.83685302734375, ""slope_deg"": 0.0421559828852751, ""basin_id"": 1060021500.0, ""data_completeness_flag"": ""COMPLETE""}",No verified flood events were found for this locality in the available Centre-region canonical catalogue; this does not imply the locality is safe.,[],MEDIUM
CTR-LOC-110,Bafia,,Centre,town,"{""as_of_date"": ""2025-12-31T00:00:00"", ""rainfall_7d_m"": 0.0015376489100162871, ""soil_saturation"": 0.25797271728515625, ""discharge_m3s"": 0.0, ""elevation_m"": 478.2553405761719, ""slope_deg"": 0.0421559828852751, ""basin_id"": 1061026390.0, ""data_completeness_flag"": ""COMPLETE""}",No verified flood events were found for this locality in the available Centre-region canonical catalogue; this does not imply the locality is safe.,[],MEDIUM
CTR-LOC-111,Nanga-Eboko,,Centre,town,"{""as_of_date"": ""2025-12-31T00:00:00"", ""rainfall_7d_m"": 0.001964172326552216, ""soil_saturation"": 0.14332199096679688, ""discharge_m3s"": 0.0, ""elevation_m"": 611.0707397460938, ""slope_deg"": 0.0652785326057291, ""basin_id"": 1061032520.0, ""data_completeness_flag"": ""COMPLETE""}",No verified flood events were found for this locality in the available Centre-region canonical catalogue; this does not imply the locality is safe.,[],MEDIUM
CTR-LOC-112,Akonolinga,,Centre,town,"{""as_of_date"": ""2025-12-31T00:00:00"", ""rainfall_7d_m"": 0.004278970882296562, ""soil_saturation"": 0.21836471557617188, ""discharge_m3s"": 16.90625, ""elevation_m"": 671.4384765625, ""slope_deg"": 0.0138236784467121, ""basin_id"": 1060021440.0, ""data_completeness_flag"": ""COMPLETE""}",No verified flood events were found for this locality in the available Centre-region canonical catalogue; this does not imply the locality is safe.,[],MEDIUM
CTR-LOC-113,Esse,,Centre,town,"{""as_of_date"": ""2025-12-31T00:00:00"", ""rainfall_7d_m"": 0.004624871595297009, ""soil_saturation"": 0.21768951416015625, ""discharge_m3s"": 0.484375, ""elevation_m"": 633.48828125, ""slope_deg"": 0.0421559828852751, ""basin_id"": 1061032520.0, ""data_completeness_flag"": ""COMPLETE""}",No verified flood events were found for this locality in the available Centre-region canonical catalogue; this does not imply the locality is safe.,[],MEDIUM
CTR-LOC-114,Ngoumou,,Centre,town,"{""as_of_date"": ""2025-12-31T00:00:00"", ""rainfall_7d_m"": 0.01964399020653218, ""soil_saturation"": 0.31481170654296875, ""discharge_m3s"": 0.140625, ""elevation_m"": 685.8528442382812, ""slope_deg"": 0.1529639661312103, ""basin_id"": 1060021440.0, ""data_completeness_flag"": ""COMPLETE""}",No verified flood events were found for this locality in the available Centre-region canonical catalogue; this does not imply the locality is safe.,[],MEDIUM
CTR-LOC-115,Maroua,,Far North,town,"{""as_of_date"": ""2025-12-31T00:00:00"", ""rainfall_7d_m"": 0.001293403962336015, ""soil_saturation"": 0.139801025390625, ""discharge_m3s"": 0.03125, ""elevation_m"": 398.7610473632813, ""slope_deg"": 0.1879784840199231, ""basin_id"": NaN, ""data_completeness_flag"": ""COMPLETE""}",No verified flood events were found for this locality in the available Centre-region canonical catalogue; this does not imply the locality is safe.,[],LOW
CTR-LOC-116,Kousseri,,Far North,town,"{""as_of_date"": ""2025-12-31T00:00:00"", ""rainfall_7d_m"": 0.001293403962336015, ""soil_saturation"": 0.139801025390625, ""discharge_m3s"": 0.03125, ""elevation_m"": 296.0005798339844, ""slope_deg"": 0.0023760993585652, ""basin_id"": NaN, ""data_completeness_flag"": ""COMPLETE""}",No verified flood events were found for this locality in the available Centre-region canonical catalogue; this does not imply the locality is safe.,[],LOW
CTR-LOC-117,Yagoua,,Far North,town,"{""as_of_date"": ""2025-12-31T00:00:00"", ""rainfall_7d_m"": 0.001293403962336015, ""soil_saturation"": 0.139801025390625, ""discharge_m3s"": 0.03125, ""elevation_m"": 334.0485534667969, ""slope_deg"": 0.0152405689255484, ""basin_id"": NaN, ""data_completeness_flag"": ""COMPLETE""}",No verified flood events were found for this locality in the available Centre-region canonical catalogue; this does not imply the locality is safe.,[],LOW
CTR-LOC-118,Mora,,Far North,town,"{""as_of_date"": ""2025-12-31T00:00:00"", ""rainfall_7d_m"": 0.001293403962336015, ""soil_saturation"": 0.139801025390625, ""discharge_m3s"": 0.03125, ""elevation_m"": 465.88226318359375, ""slope_deg"": 0.0204014675094753, ""basin_id"": NaN, ""data_completeness_flag"": ""COMPLETE""}",No verified flood events were found for this locality in the available Centre-region canonical catalogue; this does not imply the locality is safe.,[],LOW
CTR-LOC-119,Kaélé,,Far North,town,"{""as_of_date"": ""2025-12-31T00:00:00"", ""rainfall_7d_m"": 0.001293403962336015, ""soil_saturation"": 0.139801025390625, ""discharge_m3s"": 0.03125, ""elevation_m"": 372.2665710449219, ""slope_deg"": 0.1879784840199231, ""basin_id"": NaN, ""data_completeness_flag"": ""COMPLETE""}",No verified flood events were found for this locality in the available Centre-region canonical catalogue; this does not imply the locality is safe.,[],LOW
CTR-LOC-120,Mokolo,,Far North,town,"{""as_of_date"": ""2025-12-31T00:00:00"", ""rainfall_7d_m"": 0.001293403962336015, ""soil_saturation"": 0.139801025390625, ""discharge_m3s"": 0.03125, ""elevation_m"": 795.9888305664062, ""slope_deg"": 0.0360344026853191, ""basin_id"": NaN, ""data_completeness_flag"": ""COMPLETE""}",No verified flood events were found for this locality in the available Centre-region canonical catalogue; this does not imply the locality is safe.,[],LOW
CTR-LOC-121,Waza,,Far North,town,"{""as_of_date"": ""2025-12-31T00:00:00"", ""rainfall_7d_m"": 0.001293403962336015, ""soil_saturation"": 0.139801025390625, ""discharge_m3s"": 0.03125, ""elevation_m"": 309.4877319335937, ""slope_deg"": 0.0204014675094753, ""basin_id"": NaN, ""data_completeness_flag"": ""COMPLETE""}",No verified flood events were found for this locality in the available Centre-region canonical catalogue; this does not imply the locality is safe.,[],LOW
CTR-LOC-122,Guidiguis,,Far North,town,"{""as_of_date"": ""2025-12-31T00:00:00"", ""rainfall_7d_m"": 0.001293403962336015, ""soil_saturation"": 0.139801025390625, ""discharge_m3s"": 0.03125, ""elevation_m"": 371.0263671875, ""slope_deg"": 0.1879784840199231, ""basin_id"": NaN, ""data_completeness_flag"": ""COMPLETE""}",No verified flood events were found for this locality in the available Centre-region canonical catalogue; this does not imply the locality is safe.,[],LOW
CTR-LOC-123,Bogo,,Far North,town,"{""as_of_date"": ""2025-12-31T00:00:00"", ""rainfall_7d_m"": 0.001293403962336015, ""soil_saturation"": 0.139801025390625, ""discharge_m3s"": 0.03125, ""elevation_m"": 325.00323486328125, ""slope_deg"": 0.1879784840199231, ""basin_id"": NaN, ""data_completeness_flag"": ""COMPLETE""}",No verified flood events were found for this locality in the available Centre-region canonical catalogue; this does not imply the locality is safe.,[],LOW
