source_file,size_bytes,suffix
relief_web-datasets/01_IOM DTM Report Cameroun_Round 13_20180518_FR_V2.pdf,2788100,.pdf
relief_web-datasets/20260401-FEWS-NET-cm-fsou-1778018657.pdf,706542,.pdf
relief_web-datasets/20260601-FEWS-NET-cm-fso-1782848864.pdf,1020897,.pdf
"relief_web-datasets/Afrique de l&#039;Ouest - Key Message Update_ Fri, 2021-05-28.pdf",392576,.pdf
relief_web-datasets/CMR.pdf,214424,.pdf
relief_web-datasets/CMR14-March-2017.pdf,186294,.pdf
relief_web-datasets/CMR_Inondations_26102024.pdf,1998850,.pdf
relief_web-datasets/Cameroon - Floods 2024 Emergency Appeal Operation Update MDRCM039.pdf,1012497,.pdf
relief_web-datasets/Cameroon Floods Flash Update (Sep 2 2024) (Final).pdf,481340,.pdf
relief_web-datasets/Cameroon Humanitarian Bulletin Issue N°23 - August 2021.pdf,594571,.pdf
relief_web-datasets/Cameroon Humanitarian Flash Update 5 Floods fv (1).pdf,515435,.pdf
relief_web-datasets/Cameroon Humanitarian Flash Update 5 Floods fv.pdf,515435,.pdf
relief_web-datasets/Cameroon Humanitarian Flash Update 6 FINAL.pdf,756677,.pdf
relief_web-datasets/Cameroon Humanitarian Flash Update3 Floods Far North fv.pdf,656051,.pdf
"relief_web-datasets/Cameroon _ Displacement Report, Far North Region.pdf",1501199,.pdf
relief_web-datasets/Cameroun - Extrême-Nord - Note d’information sur les inondations n°3 (au 15 novembre 2022).pdf,471332,.pdf
"relief_web-datasets/Cameroun - Extrême-Nord, Rapport de situation No. 24, juillet 2022 (1).pdf",207999,.pdf
"relief_web-datasets/Cameroun - Extrême-Nord, Rapport de situation No. 24, juillet 2022.pdf",207999,.pdf
"relief_web-datasets/Cameroun - Extrême-Nord, Rapport de situation No. 44 - juin 2024.pdf",278572,.pdf
"relief_web-datasets/Cameroun - Rapport de situation, 7 octobre 2021.pdf",12320505,.pdf
"relief_web-datasets/Cameroun - Région de l’Extrême-Nord - Rapport sur les Déplacements Round 21, 25 Mai – 10 Juin 2020.pdf",2083225,.pdf
"relief_web-datasets/Cameroun Rapport de situation, 2 février 2021.pdf",589104,.pdf
relief_web-datasets/External Weekly 22 - 28 August 2017.pdf,349227,.pdf
relief_web-datasets/IOM_ETT_CMR_ExtN_113_Mokolo - Mayo-Tsanaga_VF.pdf,248271,.pdf
relief_web-datasets/IOM_ETT_CMR_ExtN_52_Inondation_Logone Et Chari.pdf,270638,.pdf
relief_web-datasets/IOM_Rapport_Cameroun_Extreme-Nord_DTM_RD18_vf_20190528.pdf,5048063,.pdf
relief_web-datasets/MDRCM028dfr.pdf,894274,.pdf
relief_web-datasets/MDRCM028do.pdf,843116,.pdf
relief_web-datasets/MDRCM029dfr.pdf,1745370,.pdf
relief_web-datasets/MDRCM029do.pdf,2161511,.pdf
relief_web-datasets/MDRCM039eu3.pdf,767777,.pdf
relief_web-datasets/MDRCM044EAP  (1).pdf,548763,.pdf
relief_web-datasets/MDRCM044EAP .pdf,548763,.pdf
relief_web-datasets/MDRSS014eu1.pdf,558558,.pdf
relief_web-datasets/N2235337.pdf,315394,.pdf
"relief_web-datasets/Nigeria - Key Message Update_ Fri, 2021-05-28.pdf",237991,.pdf
relief_web-datasets/Note d'information n°2_Inondations_Extreme Nord_19092024.pdf,503555,.pdf
relief_web-datasets/Note d'informat°_Inondations_Ext reme Nord_au 11 novembre 2024.pdf,359238,.pdf
relief_web-datasets/OCHA Cameroon Sitrep Far North - December 2020.pdf,522411,.pdf
relief_web-datasets/OCHA_SITREP_Extreme-Nord _ août 2023 final.pdf,304389,.pdf
relief_web-datasets/OCHA_SITREP_Extrême Nord_Decembre 2023 et Janvier 2024 Final.pdf,281686,.pdf
relief_web-datasets/OCHA_SITREP_Extrême Nord_Novembre 2023 inputs VF.pdf,199714,.pdf
relief_web-datasets/OCHA_SITREP_Extrême Nord_Avril  2025.pdf,271121,.pdf
relief_web-datasets/OCHA_SITREP_Extrême Nord_juillet 2024.pdf,221189,.pdf
relief_web-datasets/OCHA_SITREP_Extrême Nord_mai_FV.pdf,366043,.pdf
relief_web-datasets/OCHA_SITREP_Extrême Nord_septembre 2024.pdf,271552,.pdf
relief_web-datasets/Rapport de situation - Cameroon - 25 nov. 2020.pdf,3051940,.pdf
relief_web-datasets/Rapport de situation - Cameroun - 2 oct. 2023.pdf,19411799,.pdf
relief_web-datasets/Rapport de situation - Cameroun - 4 oct. 2022.pdf,5809643,.pdf
relief_web-datasets/Rapport de situation - Cameroun - 7 janv. 2021-2.pdf,843962,.pdf
relief_web-datasets/Rapport de situation - Chad - 26 oct. 2021.pdf,842364,.pdf
relief_web-datasets/Rapport_Cameroun_Extreme-Nord_DTM_RD17_FR_Final.pdf,5106551,.pdf
relief_web-datasets/Report CMR DTM15 Far North_En_Version_revised.pdf,3622337,.pdf
relief_web-datasets/Report DTM 14 Extreme Nord.pdf,2877428,.pdf
relief_web-datasets/SITREP_Extrême Nord_Dec 2025 final (2).pdf,319800,.pdf
relief_web-datasets/SITREP_NWSW_August 2023_final.pdf,247536,.pdf
relief_web-datasets/SITREP_NWSW_July 2023_Final (1).pdf,308330,.pdf
relief_web-datasets/SITREP_NWSW_July 2023_Final.pdf,308330,.pdf
relief_web-datasets/SITREP_NWSW_May  2023_Final (1).pdf,239813,.pdf
relief_web-datasets/Situation Report - Cameroon - 1 Nov 2022.pdf,369483,.pdf
relief_web-datasets/Situation Report - Cameroon - 2 Oct 2023.pdf,14326064,.pdf
relief_web-datasets/UNFPA Cameroon Humanitarian SitRep #24  (Final).pdf,826621,.pdf
relief_web-datasets/UNFPA Cameroon July StiRep - FA.pdf,713079,.pdf
relief_web-datasets/UNFPA Cameroon SitRep #23 (Final).pdf,843182,.pdf
relief_web-datasets/UNFPA Cameroon SitRep #25.pdf,483568,.pdf
relief_web-datasets/UNFPA Cameroon SitRep (January 2025) (F1).pdf,3105582,.pdf
relief_web-datasets/UNFPA Cameroon Situation Report #27 - January 2025 - The humanitarian crisis remains a critical concern.pdf,3025373,.pdf
relief_web-datasets/UNFPA Cameroon_SitRep_Aug2025 (1).pdf,1387891,.pdf
relief_web-datasets/UNICEF Cameroon Humanitarian Flash Update 1 6Sept24.pdf,444545,.pdf
relief_web-datasets/UNICEF Cameroon Humanitarian Situation Report (Mid-year) June 2025.pdf,2156723,.pdf
relief_web-datasets/UNICEF Cameroon Humanitarian Situation Report - October 2019 (1).pdf,627222,.pdf
relief_web-datasets/UNICEF Cameroon Humanitarian Situation Report No. 12 - December 2019.pdf,1191611,.pdf
"relief_web-datasets/UNICEF Cameroon Humanitarian Situation Report No. 4 ( End of Year), 31 December 2025 (1).pdf",13308088,.pdf
relief_web-datasets/UNICEF Cameroon Humanitarian Situation Report No. 7 - July 2021.pdf,615689,.pdf
relief_web-datasets/UNICEF Cameroon Humanitarian Situation Report No. 8 - August 2021 (1).pdf,585537,.pdf
relief_web-datasets/WFP CAMEROON COUNTRY BRIEF OCTOBER 2019.pdf,303714,.pdf
relief_web-datasets/WFP COUNTRY BRIEF CAMEROON NOVEMBER 2019.pdf,383083,.pdf
relief_web-datasets/Weekly Externe  22 - 28 aout  2017 (1).pdf,535597,.pdf
relief_web-datasets/Weekly Externe  4 – 10 juillet  2017 - OCHA Afrique de l'Ouest et du Centre.pdf,346357,.pdf
relief_web-datasets/arrondissements_affectes_par_les_inondations_le_cholera_et_le_deplacement_des_populations_octobre_2022.pdf,2439238,.pdf
relief_web-datasets/cameroon_en.pdf,496670,.pdf
relief_web-datasets/cameroon_far_north_situation_report_-_august_2021.pdf,414484,.pdf
relief_web-datasets/cameroon_humanitarian_bulletin_sept_final.pdf,786111,.pdf
relief_web-datasets/cd3763en (1).pdf,830494,.pdf
relief_web-datasets/cd3763en.pdf,830494,.pdf
relief_web-datasets/cd3763fr.pdf,826884,.pdf
relief_web-datasets/cm-fso-2024-10-1730587635.pdf,1177982,.pdf
relief_web-datasets/cm-kmu-2025-07-1754038814.pdf,202617,.pdf
relief_web-datasets/cmr_bulletin_humanitaire_numero_12_v_04.pdf,1422401,.pdf
relief_web-datasets/cmr_exno_viz_snapshotinondations_fr_v8_20220926.pdf,4988931,.pdf
relief_web-datasets/humanitarian_overview_1_august_2016_en.pdf,74403,.pdf
relief_web-datasets/n2435075.pdf,295742,.pdf
relief_web-datasets/n2435076.pdf,520168,.pdf
relief_web-datasets/n2435078.pdf,344847,.pdf
relief_web-datasets/note_dinformation_sur_les_inondations_extreme_nord_n2_octobre_2022_vf.pdf,474381,.pdf
relief_web-datasets/ocha-note_dinformation_sur_les_inondations_extreme_nord_-_au_26_septembre_2022_final.pdf,432403,.pdf
relief_web-datasets/ocha_cameroon_sitrep_far_north_-_february_2021.pdf,423346,.pdf
relief_web-datasets/ocha_cameroon_sitrep_far_north_-_november_2020.pdf,1653252,.pdf
relief_web-datasets/ocha_cmr_bulletin20humanitaire_no.004_20171011.pdf,457301,.pdf
relief_web-datasets/ocha_cmr_sitrep_inond_zina_n1_17102019 (1).pdf,747142,.pdf
relief_web-datasets/ocha_cmr_sitrep_inond_zina_n1_17102019 (2).pdf,747142,.pdf
relief_web-datasets/ocha_sitrep_extreme-nord_septembre_2022_vf.pdf,332423,.pdf
relief_web-datasets/sitrep_en_juillet_2021_vf.pdf,368805,.pdf
relief_web-datasets/snapshot_cmr_minidashboard_21_february_2017_en.pdf,87657,.pdf
scrapers-data/SEARCH.json,142552,.json
scrapers-data/apify_yaounde/apify_export_yaounde.csv,26056,.csv
scrapers-data/apify_yaounde/apify_export_yaounde_2019.csv,74621,.csv
scrapers-data/apify_yaounde/apify_export_yaounde_2020.csv,73005,.csv
scrapers-data/apify_yaounde/apify_export_yaounde_2021.csv,67147,.csv
scrapers-data/apify_yaounde/apify_export_yaounde_2022.csv,59954,.csv
scrapers-data/apify_yaounde/apify_export_yaounde_2023.csv,61003,.csv
scrapers-data/apify_yaounde/apify_export_yaounde_2024.csv,62907,.csv
scrapers-data/dataset_facebook-posts-scraper_2026-08-26_14-48-47-580.csv,1101083,.csv
scrapers-data/dataset_google-search-scraper_2026-08-26_12-40-44-349.csv,69906,.csv
scrapers-data/dataset_google-search-scraper_2026-08-26_12-42-44-173 (1).csv,67389,.csv
scrapers-data/dataset_google-search-scraper_2026-08-26_12-42-44-173.csv,67389,.csv
scrapers-data/dataset_google-search-scraper_2026-08-26_12-45-31-723.csv,80445,.csv
scrapers-data/dataset_google-search-scraper_2026-08-26_12-46-35-438.csv,81701,.csv
scrapers-data/dataset_google-search-scraper_2026-08-26_12-48-26-605.csv,86338,.csv
scrapers-data/dataset_google-search-scraper_2026-08-26_12-49-52-317.csv,91963,.csv
scrapers-data/public_emdat_custom_request_2026-08-26_098d7b43-5772-4eac-aa6c-cb81e7ba060c.xlsx,9596,.xlsx
scrapers-data/face and yout/dataset_facebook-posts-scraper_2026-09-01_10-23-25-965.csv,934,.csv
scrapers-data/face and yout/dataset_youtube-scraper_2026-09-01_07-20-44-785.csv,438382,.csv
