locality_id,locality_key,locality_name,division,region,admin_level,lat,lon,date,era5_lat,era5_lon,glofas_lat,glofas_lon,era5_match_distance_deg,glofas_match_distance_deg,basin_id,elevation_m,slope_deg,dem_status,total_precipitation_m,rainfall_1d_m,rainfall_3d_m,rainfall_7d_m,rainfall_14d_m,rainfall_anomaly_m,soil_saturation,discharge_m3s,discharge_lag1_m3s,discharge_lag3_m3s,discharge_lag7_m3s,month,era5_available,glofas_available,data_completeness_flag,era5_source_file,glofas_source_file,confirmed_source_file,flood_label,sampling_reason,canonical_event_id
CTR-LOC-005,Yaoundé VII|3.8745541|11.4479359,Yaoundé VII,Mfoundi,Centre,arrondissement_or_commune,3.8745541,11.4479359,2015-03-26,3.9000000000000035,11.399999999999997,3.8750000000000036,11.425000000000013,0.054271026668199274,0.02294023399225391,1060021440.0,697.154052734375,0.1529639661312103,COMPLETE_GEE_COPERNICUS_DEM_GLO30_LOCALITY_SAMPLE,0.01369697,0.013696970418095589,0.040332323871552944,0.08569382969290018,0.16572022112086415,0.024996677657935493,0.38771057,0.96875,0.96875,1.0625,1.0,3,True,True,COMPLETE,ERA5_Centre_2015_03.nc,data_10.nc,GLOFAS_Centre_2015.nc,0,SAME_LOCALITY_NON_EVENT,CTR-FLD-2021-001
CTR-LOC-107,Obala|4.1657131|11.5346644,Obala,,Centre,town,4.1657131,11.5346644,2015-03-26,4.200000000000003,11.499999999999996,4.1750000000000025,11.525000000000015,0.04875666250852801,0.013403251059716115,1061032520.0,542.7601928710938,0.0421559828852751,COMPLETE_GEE_COPERNICUS_DEM_GLO30_LOCALITY_SAMPLE,0.005797045,0.005797044839709997,0.021588502451777458,0.06665237993001938,0.1300376687431708,0.019895867739240444,0.3315773,5.75,5.3125,6.875,5.8125,3,True,True,COMPLETE,ERA5_Centre_2015_03.nc,data_10.nc,GLOFAS_Centre_2015.nc,0,SAME_LOCALITY_NON_EVENT,CTR-FLD-2022-001
CTR-LOC-027,Nkolbisson|3.8745876|11.4525933,Nkolbisson,Mfoundi,Centre,village,3.8745876,11.4525933,2015-03-26,3.9000000000000035,11.499999999999996,3.8750000000000036,11.475000000000014,0.05378833775689508,0.0224104948327924,1060021440.0,714.609130859375,0.1529639661312103,COMPLETE_GEE_COPERNICUS_DEM_GLO30_LOCALITY_SAMPLE,0.011537569,0.011537568643689156,0.032621762715280056,0.07446130877360702,0.14695815462619066,0.015986315675169525,0.3830223,1.75,1.625,2.0,1.46875,3,True,True,COMPLETE,ERA5_Centre_2015_03.nc,data_10.nc,GLOFAS_Centre_2015.nc,0,SAME_LOCALITY_NON_EVENT,CTR-FLD-2017-001
CTR-LOC-004,Yaoundé VI|3.8332622|11.4808639,Yaoundé VI,Mfoundi,Centre,arrondissement_or_commune,3.8332622,11.4808639,2015-03-26,3.8000000000000034,11.499999999999996,3.8250000000000037,11.475000000000014,0.038374005160390454,0.010131597704694356,1060021440.0,691.5337524414062,0.1529639661312103,COMPLETE_GEE_COPERNICUS_DEM_GLO30_LOCALITY_SAMPLE,0.014066087,0.014066087082028389,0.035056269727647305,0.08025285322219133,0.1530112442560494,0.018730218934174404,0.38501358,3.125,2.8125,3.59375,2.65625,3,True,True,COMPLETE,ERA5_Centre_2015_03.nc,data_10.nc,GLOFAS_Centre_2015.nc,0,SAME_LOCALITY_NON_EVENT,CTR-FLD-2024-001
CTR-LOC-107,Obala|4.1657131|11.5346644,Obala,,Centre,town,4.1657131,11.5346644,2015-09-08,4.200000000000003,11.499999999999996,4.1750000000000025,11.525000000000015,0.04875666250852801,0.013403251059716115,1061032520.0,542.7601928710938,0.0421559828852751,COMPLETE_GEE_COPERNICUS_DEM_GLO30_LOCALITY_SAMPLE,0.011978092,0.011978091672062874,0.04604017920792103,0.07116189040243626,0.1226538720075041,-0.005478334817576758,0.3848915,7.640625,6.125,5.046875,4.703125,9,True,True,COMPLETE,ERA5_Centre_2015_09.nc,data_10.nc,GLOFAS_Centre_2015.nc,0,SAME_LOCALITY_NON_EVENT,CTR-FLD-2022-001
CTR-LOC-005,Yaoundé VII|3.8745541|11.4479359,Yaoundé VII,Mfoundi,Centre,arrondissement_or_commune,3.8745541,11.4479359,2015-09-08,3.9000000000000035,11.399999999999997,3.8750000000000036,11.425000000000013,0.054271026668199274,0.02294023399225391,1060021440.0,697.154052734375,0.1529639661312103,COMPLETE_GEE_COPERNICUS_DEM_GLO30_LOCALITY_SAMPLE,0.013915027,0.013915026560425758,0.047660158947110176,0.08743573166429996,0.16334743006154895,-0.0152774144611392,0.40512085,1.203125,1.0625,0.984375,0.953125,9,True,True,COMPLETE,ERA5_Centre_2015_09.nc,data_10.nc,GLOFAS_Centre_2015.nc,0,SAME_LOCALITY_NON_EVENT,CTR-FLD-2021-001
CTR-LOC-004,Yaoundé VI|3.8332622|11.4808639,Yaoundé VI,Mfoundi,Centre,arrondissement_or_commune,3.8332622,11.4808639,2015-09-08,3.8000000000000034,11.499999999999996,3.8250000000000037,11.475000000000014,0.038374005160390454,0.010131597704694356,1060021440.0,691.5337524414062,0.1529639661312103,COMPLETE_GEE_COPERNICUS_DEM_GLO30_LOCALITY_SAMPLE,0.012197653,0.012197652831673622,0.044427016749978065,0.08082244731485844,0.16453593270853162,-0.02364799700673867,0.40296555,5.046875,4.203125,3.5625,2.796875,9,True,True,COMPLETE,ERA5_Centre_2015_09.nc,data_10.nc,GLOFAS_Centre_2015.nc,0,SAME_LOCALITY_NON_EVENT,CTR-FLD-2024-001
CTR-LOC-027,Nkolbisson|3.8745876|11.4525933,Nkolbisson,Mfoundi,Centre,village,3.8745876,11.4525933,2015-09-08,3.9000000000000035,11.499999999999996,3.8750000000000036,11.475000000000014,0.05378833775689508,0.0224104948327924,1060021440.0,714.609130859375,0.1529639661312103,COMPLETE_GEE_COPERNICUS_DEM_GLO30_LOCALITY_SAMPLE,0.012786562,0.012786561623215675,0.04691333509981632,0.07922900654375553,0.15345437871292233,-0.0198282011303077,0.40200424,2.8046875,2.34375,1.96875,1.515625,9,True,True,COMPLETE,ERA5_Centre_2015_09.nc,data_10.nc,GLOFAS_Centre_2015.nc,0,SAME_LOCALITY_NON_EVENT,CTR-FLD-2017-001
CTR-LOC-027,Nkolbisson|3.8745876|11.4525933,Nkolbisson,Mfoundi,Centre,village,3.8745876,11.4525933,2017-09-12,3.9000000000000035,11.499999999999996,3.8750000000000036,11.475000000000014,0.05378833775689508,0.0224104948327924,1060021440.0,714.609130859375,0.1529639661312103,COMPLETE_GEE_COPERNICUS_DEM_GLO30_LOCALITY_SAMPLE,0.010321895,0.01032189466059208,0.06005372852087021,0.09785087965428829,0.18108347104862332,-0.0012063280197749382,0.40000153,3.6953125,3.7734375,2.3125,3.4375,9,True,True,COMPLETE,ERA5_Centre_2017_09.nc,data_9.nc,GLOFAS_Centre_2017.nc,1,VERIFIED_EVENT,CTR-FLD-2017-001
CTR-LOC-004,Yaoundé VI|3.8332622|11.4808639,Yaoundé VI,Mfoundi,Centre,arrondissement_or_commune,3.8332622,11.4808639,2017-10-19,3.8000000000000034,11.499999999999996,3.8250000000000037,11.475000000000014,0.038374005160390454,0.010131597704694356,1060021440.0,691.5337524414062,0.1529639661312103,COMPLETE_GEE_COPERNICUS_DEM_GLO30_LOCALITY_SAMPLE,0.009926408,0.009926407597959042,0.13915724959224463,0.2768969042226672,0.42516160663217306,0.1361769121734267,0.40294266,14.9453125,25.40625,10.2578125,8.2890625,10,True,True,COMPLETE,ERA5_Centre_2017_10.nc,data_9.nc,GLOFAS_Centre_2017.nc,0,HEAVY_RAIN_NEAR_MISS,CTR-FLD-2024-001
CTR-LOC-005,Yaoundé VII|3.8745541|11.4479359,Yaoundé VII,Mfoundi,Centre,arrondissement_or_commune,3.8745541,11.4479359,2018-03-23,3.9000000000000035,11.399999999999997,3.8750000000000036,11.425000000000013,0.054271026668199274,0.02294023399225391,1060021440.0,697.154052734375,0.1529639661312103,COMPLETE_GEE_COPERNICUS_DEM_GLO30_LOCALITY_SAMPLE,0.014008179,0.014008179306983948,0.03988073579967022,0.0542002241127193,0.10805670765694231,-0.006496927922245391,0.39762115,1.03125,0.90625,0.75,0.84375,3,True,True,COMPLETE,ERA5_Centre_2018_03.nc,data_6.nc,GLOFAS_Centre_2018.nc,0,SAME_LOCALITY_NON_EVENT,CTR-FLD-2021-001
CTR-LOC-107,Obala|4.1657131|11.5346644,Obala,,Centre,town,4.1657131,11.5346644,2018-03-23,4.200000000000003,11.499999999999996,4.1750000000000025,11.525000000000015,0.04875666250852801,0.013403251059716115,1061032520.0,542.7601928710938,0.0421559828852751,COMPLETE_GEE_COPERNICUS_DEM_GLO30_LOCALITY_SAMPLE,0.013904199,0.013904199004173279,0.030250085052102804,0.042122348328121006,0.06823729770258069,-0.004634163862657928,0.35900116,8.5625,5.78125,3.875,4.875,3,True,True,COMPLETE,ERA5_Centre_2018_03.nc,data_6.nc,GLOFAS_Centre_2018.nc,0,SAME_LOCALITY_NON_EVENT,CTR-FLD-2022-001
CTR-LOC-004,Yaoundé VI|3.8332622|11.4808639,Yaoundé VI,Mfoundi,Centre,arrondissement_or_commune,3.8332622,11.4808639,2018-03-24,3.8000000000000034,11.499999999999996,3.8250000000000037,11.475000000000014,0.038374005160390454,0.010131597704694356,1060021440.0,691.5337524414062,0.1529639661312103,COMPLETE_GEE_COPERNICUS_DEM_GLO30_LOCALITY_SAMPLE,0.010114697,0.010114696808159351,0.03909814823418856,0.059640530962496996,0.12042525818105787,-0.0018821033255199335,0.3889389,4.75,4.5625,1.5625,2.1875,3,True,True,COMPLETE,ERA5_Centre_2018_03.nc,data_6.nc,GLOFAS_Centre_2018.nc,0,SAME_LOCALITY_NON_EVENT,CTR-FLD-2024-001
CTR-LOC-027,Nkolbisson|3.8745876|11.4525933,Nkolbisson,Mfoundi,Centre,village,3.8745876,11.4525933,2018-04-21,3.9000000000000035,11.499999999999996,3.8750000000000036,11.475000000000014,0.05378833775689508,0.0224104948327924,1060021440.0,714.609130859375,0.1529639661312103,COMPLETE_GEE_COPERNICUS_DEM_GLO30_LOCALITY_SAMPLE,0.008438438,0.008438438177108765,0.02859716396778822,0.05971068888902664,0.15223968913778663,-0.021620454744653683,0.3853531,2.0625,1.8125,1.53125,1.15625,4,True,True,COMPLETE,ERA5_Centre_2018_04.nc,data_6.nc,GLOFAS_Centre_2018.nc,0,SAME_LOCALITY_NON_EVENT,CTR-FLD-2017-001
CTR-LOC-107,Obala|4.1657131|11.5346644,Obala,,Centre,town,4.1657131,11.5346644,2018-05-29,4.200000000000003,11.499999999999996,4.1750000000000025,11.525000000000015,0.04875666250852801,0.013403251059716115,1061032520.0,542.7601928710938,0.0421559828852751,COMPLETE_GEE_COPERNICUS_DEM_GLO30_LOCALITY_SAMPLE,0.020985827,0.02098582684993744,0.0458467910066247,0.09331342950463295,0.1662781173363328,0.01451531425643339,0.39123917,9.46875,5.0625,6.21875,5.875,5,True,True,COMPLETE,ERA5_Centre_2018_05.nc,data_6.nc,GLOFAS_Centre_2018.nc,0,SAME_LOCALITY_NON_EVENT,CTR-FLD-2022-001
CTR-LOC-005,Yaoundé VII|3.8745541|11.4479359,Yaoundé VII,Mfoundi,Centre,arrondissement_or_commune,3.8745541,11.4479359,2018-05-29,3.9000000000000035,11.399999999999997,3.8750000000000036,11.425000000000013,0.054271026668199274,0.02294023399225391,1060021440.0,697.154052734375,0.1529639661312103,COMPLETE_GEE_COPERNICUS_DEM_GLO30_LOCALITY_SAMPLE,0.030618146,0.030618146061897278,0.06375027541071177,0.10255928710103035,0.17737169656902552,0.011105001705603162,0.4171524,1.21875,0.875,0.9375,0.9375,5,True,True,COMPLETE,ERA5_Centre_2018_05.nc,data_6.nc,GLOFAS_Centre_2018.nc,0,SAME_LOCALITY_NON_EVENT,CTR-FLD-2021-001
CTR-LOC-004,Yaoundé VI|3.8332622|11.4808639,Yaoundé VI,Mfoundi,Centre,arrondissement_or_commune,3.8332622,11.4808639,2018-05-30,3.8000000000000034,11.499999999999996,3.8250000000000037,11.475000000000014,0.038374005160390454,0.010131597704694356,1060021440.0,691.5337524414062,0.1529639661312103,COMPLETE_GEE_COPERNICUS_DEM_GLO30_LOCALITY_SAMPLE,0.018948792,0.018948791548609734,0.07505174353718758,0.1027279095724225,0.17156913317739964,0.008672831275298096,0.4052086,6.0,6.5,2.3125,3.09375,5,True,True,COMPLETE,ERA5_Centre_2018_05.nc,data_6.nc,GLOFAS_Centre_2018.nc,0,SAME_LOCALITY_NON_EVENT,CTR-FLD-2024-001
CTR-LOC-027,Nkolbisson|3.8745876|11.4525933,Nkolbisson,Mfoundi,Centre,village,3.8745876,11.4525933,2018-06-27,3.9000000000000035,11.499999999999996,3.8750000000000036,11.475000000000014,0.05378833775689508,0.0224104948327924,1060021440.0,714.609130859375,0.1529639661312103,COMPLETE_GEE_COPERNICUS_DEM_GLO30_LOCALITY_SAMPLE,0.008853158,0.008853157982230186,0.025548503268510103,0.05109371757134795,0.0927011645399034,-0.04075769259220441,0.39169693,1.46875,2.0,1.53125,1.34375,6,True,True,COMPLETE,ERA5_Centre_2018_06.nc,data_6.nc,GLOFAS_Centre_2018.nc,0,SAME_LOCALITY_NON_EVENT,CTR-FLD-2017-001
CTR-LOC-005,Yaoundé VII|3.8745541|11.4479359,Yaoundé VII,Mfoundi,Centre,arrondissement_or_commune,3.8745541,11.4479359,2021-04-20,3.9000000000000035,11.399999999999997,3.8750000000000036,11.425000000000013,0.054271026668199274,0.02294023399225391,1060021440.0,697.154052734375,0.1529639661312103,COMPLETE_GEE_COPERNICUS_DEM_GLO30_LOCALITY_SAMPLE,0.0017704591,0.0017704591155052185,0.008711662841960788,0.08980456995777786,0.1905085623729974,0.00882780086143281,0.35289764,0.625,0.6875,0.90625,0.84375,4,True,True,COMPLETE,ERA5_Centre_2021_04.nc,data_5.nc,GLOFAS_Centre_2021.nc,0,SAME_LOCALITY_NON_EVENT,CTR-FLD-2021-001
CTR-LOC-107,Obala|4.1657131|11.5346644,Obala,,Centre,town,4.1657131,11.5346644,2021-04-20,4.200000000000003,11.499999999999996,4.1750000000000025,11.525000000000015,0.04875666250852801,0.013403251059716115,1061032520.0,542.7601928710938,0.0421559828852751,COMPLETE_GEE_COPERNICUS_DEM_GLO30_LOCALITY_SAMPLE,0.0021852553,0.002185255289077759,0.008307841373607516,0.07687654648907483,0.14767969003878534,0.005838477198113021,0.31182098,2.625,3.53125,6.21875,4.6875,4,True,True,COMPLETE,ERA5_Centre_2021_04.nc,data_5.nc,GLOFAS_Centre_2021.nc,0,SAME_LOCALITY_NON_EVENT,CTR-FLD-2022-001
CTR-LOC-004,Yaoundé VI|3.8332622|11.4808639,Yaoundé VI,Mfoundi,Centre,arrondissement_or_commune,3.8332622,11.4808639,2021-04-21,3.8000000000000034,11.499999999999996,3.8250000000000037,11.475000000000014,0.038374005160390454,0.010131597704694356,1060021440.0,691.5337524414062,0.1529639661312103,COMPLETE_GEE_COPERNICUS_DEM_GLO30_LOCALITY_SAMPLE,0.015447117,0.015447117388248444,0.019630658673122525,0.07104418682865798,0.2169958611484617,-0.010528687536751735,0.36740875,1.34375,1.4375,3.1875,5.4375,4,True,True,COMPLETE,ERA5_Centre_2021_04.nc,data_5.nc,GLOFAS_Centre_2021.nc,0,SAME_LOCALITY_NON_EVENT,CTR-FLD-2024-001
CTR-LOC-027,Nkolbisson|3.8745876|11.4525933,Nkolbisson,Mfoundi,Centre,village,3.8745876,11.4525933,2021-05-19,3.9000000000000035,11.499999999999996,3.8750000000000036,11.475000000000014,0.05378833775689508,0.0224104948327924,1060021440.0,714.609130859375,0.1529639661312103,COMPLETE_GEE_COPERNICUS_DEM_GLO30_LOCALITY_SAMPLE,0.018658346,0.018658345565199852,0.05618583597242832,0.131860398221761,0.21374252175883157,0.041146925874214035,0.40112686,2.59375,1.75,2.0625,0.8125,5,True,True,COMPLETE,ERA5_Centre_2021_05.nc,data_5.nc,GLOFAS_Centre_2021.nc,0,SAME_LOCALITY_NON_EVENT,CTR-FLD-2017-001
CTR-LOC-005,Yaoundé VII|3.8745541|11.4479359,Yaoundé VII,Mfoundi,Centre,arrondissement_or_commune,3.8745541,11.4479359,2021-06-07,3.9000000000000035,11.399999999999997,3.8750000000000036,11.425000000000013,0.054271026668199274,0.02294023399225391,1060021440.0,697.154052734375,0.1529639661312103,COMPLETE_GEE_COPERNICUS_DEM_GLO30_LOCALITY_SAMPLE,0.004896134,0.0048961341381073,0.06595522724092007,0.08837136975489557,0.17530279769562185,-0.008489346420427674,0.39585114,1.21875,1.3125,0.90625,1.125,6,True,True,COMPLETE,ERA5_Centre_2021_06.nc,data_5.nc,GLOFAS_Centre_2021.nc,1,VERIFIED_EVENT,CTR-FLD-2021-001
CTR-LOC-107,Obala|4.1657131|11.5346644,Obala,,Centre,town,4.1657131,11.5346644,2022-04-13,4.200000000000003,11.499999999999996,4.1750000000000025,11.525000000000015,0.04875666250852801,0.013403251059716115,1061032520.0,542.7601928710938,0.0421559828852751,COMPLETE_GEE_COPERNICUS_DEM_GLO30_LOCALITY_SAMPLE,0.30613533,0.3061353266239166,0.33562817238271236,0.3929477771744132,0.4115994836902246,0.3219097078834514,0.42189407,13.4375,5.28125,6.90625,2.71875,4,True,True,COMPLETE,ERA5_Centre_2022_04.nc,data_3.nc,GLOFAS_Centre_2022.nc,0,HEAVY_RAIN_NEAR_MISS,CTR-FLD-2022-001
CTR-LOC-107,Obala|4.1657131|11.5346644,Obala,,Centre,town,4.1657131,11.5346644,2022-04-14,4.200000000000003,11.499999999999996,4.1750000000000025,11.525000000000015,0.04875666250852801,0.013403251059716115,1061032520.0,542.7601928710938,0.0421559828852751,COMPLETE_GEE_COPERNICUS_DEM_GLO30_LOCALITY_SAMPLE,0.10054639,0.10054638981819153,0.4269118010997772,0.49139248579740524,0.5110224414383993,0.42035441650644345,0.3953743,43.71875,13.4375,4.34375,2.875,4,True,True,COMPLETE,ERA5_Centre_2022_04.nc,data_3.nc,GLOFAS_Centre_2022.nc,0,HEAVY_RAIN_NEAR_MISS,CTR-FLD-2022-001
CTR-LOC-005,Yaoundé VII|3.8745541|11.4479359,Yaoundé VII,Mfoundi,Centre,arrondissement_or_commune,3.8745541,11.4479359,2022-04-14,3.9000000000000035,11.399999999999997,3.8750000000000036,11.425000000000013,0.054271026668199274,0.02294023399225391,1060021440.0,697.154052734375,0.1529639661312103,COMPLETE_GEE_COPERNICUS_DEM_GLO30_LOCALITY_SAMPLE,0.094645634,0.09464563429355621,0.3569751903414726,0.41675264411605895,0.43403105484321713,0.3357758750197139,0.41339493,3.53125,1.21875,0.65625,0.5,4,True,True,COMPLETE,ERA5_Centre_2022_04.nc,data_3.nc,GLOFAS_Centre_2022.nc,0,HEAVY_RAIN_NEAR_MISS,CTR-FLD-2021-001
CTR-LOC-027,Nkolbisson|3.8745876|11.4525933,Nkolbisson,Mfoundi,Centre,village,3.8745876,11.4525933,2022-04-14,3.9000000000000035,11.499999999999996,3.8750000000000036,11.475000000000014,0.05378833775689508,0.0224104948327924,1060021440.0,714.609130859375,0.1529639661312103,COMPLETE_GEE_COPERNICUS_DEM_GLO30_LOCALITY_SAMPLE,0.08963458,0.08963458240032196,0.33885741978883743,0.40499718114733696,0.42392755701439455,0.32366603751365663,0.41348648,15.4375,4.96875,1.21875,0.75,4,True,True,COMPLETE,ERA5_Centre_2022_04.nc,data_3.nc,GLOFAS_Centre_2022.nc,0,HEAVY_RAIN_NEAR_MISS,CTR-FLD-2017-001
CTR-LOC-005,Yaoundé VII|3.8745541|11.4479359,Yaoundé VII,Mfoundi,Centre,arrondissement_or_commune,3.8745541,11.4479359,2022-04-15,3.9000000000000035,11.399999999999997,3.8750000000000036,11.425000000000013,0.054271026668199274,0.02294023399225391,1060021440.0,697.154052734375,0.1529639661312103,COMPLETE_GEE_COPERNICUS_DEM_GLO30_LOCALITY_SAMPLE,0.009553076,0.009553075768053532,0.3511051246896386,0.4029644497204572,0.43940026173368096,0.32198768062411215,0.39056778,2.25,3.53125,0.71875,0.5,4,True,True,COMPLETE,ERA5_Centre_2022_04.nc,data_3.nc,GLOFAS_Centre_2022.nc,0,HEAVY_RAIN_NEAR_MISS,CTR-FLD-2021-001
CTR-LOC-027,Nkolbisson|3.8745876|11.4525933,Nkolbisson,Mfoundi,Centre,village,3.8745876,11.4525933,2022-04-15,3.9000000000000035,11.499999999999996,3.8750000000000036,11.475000000000014,0.05378833775689508,0.0224104948327924,1060021440.0,714.609130859375,0.1529639661312103,COMPLETE_GEE_COPERNICUS_DEM_GLO30_LOCALITY_SAMPLE,0.010873751,0.010873750783503056,0.33190320525318384,0.3900348348543048,0.4308412543614395,0.30870369122062447,0.39064407,5.9375,15.4375,1.65625,0.875,4,True,True,COMPLETE,ERA5_Centre_2022_04.nc,data_3.nc,GLOFAS_Centre_2022.nc,0,HEAVY_RAIN_NEAR_MISS,CTR-FLD-2017-001
CTR-LOC-107,Obala|4.1657131|11.5346644,Obala,,Centre,town,4.1657131,11.5346644,2022-04-15,4.200000000000003,11.499999999999996,4.1750000000000025,11.525000000000015,0.04875666250852801,0.013403251059716115,1061032520.0,542.7601928710938,0.0421559828852751,COMPLETE_GEE_COPERNICUS_DEM_GLO30_LOCALITY_SAMPLE,0.009026663,0.00902666337788105,0.4157083798199892,0.4782434329390526,0.5184439338045195,0.4072053636480908,0.38456345,22.46875,43.71875,5.28125,2.96875,4,True,True,COMPLETE,ERA5_Centre_2022_04.nc,data_3.nc,GLOFAS_Centre_2022.nc,0,HEAVY_RAIN_NEAR_MISS,CTR-FLD-2022-001
CTR-LOC-107,Obala|4.1657131|11.5346644,Obala,,Centre,town,4.1657131,11.5346644,2022-04-16,4.200000000000003,11.499999999999996,4.1750000000000025,11.525000000000015,0.04875666250852801,0.013403251059716115,1061032520.0,542.7601928710938,0.0421559828852751,COMPLETE_GEE_COPERNICUS_DEM_GLO30_LOCALITY_SAMPLE,0.0034115044,0.003411504440009594,0.11298455763608217,0.45531807374209166,0.5212038129102439,0.38428000445112986,0.36354065,10.5,22.46875,13.4375,7.0,4,True,True,COMPLETE,ERA5_Centre_2022_04.nc,data_3.nc,GLOFAS_Centre_2022.nc,0,HEAVY_RAIN_NEAR_MISS,CTR-FLD-2022-001
CTR-LOC-107,Obala|4.1657131|11.5346644,Obala,,Centre,town,4.1657131,11.5346644,2022-04-17,4.200000000000003,11.499999999999996,4.1750000000000025,11.525000000000015,0.04875666250852801,0.013403251059716115,1061032520.0,542.7601928710938,0.0421559828852751,COMPLETE_GEE_COPERNICUS_DEM_GLO30_LOCALITY_SAMPLE,0.015729802,0.01572980172932148,0.028167969547212124,0.464342531748116,0.5352394476067275,0.3933044624571542,0.38238907,6.65625,10.5,43.71875,6.90625,4,True,True,COMPLETE,ERA5_Centre_2022_04.nc,data_3.nc,GLOFAS_Centre_2022.nc,0,HEAVY_RAIN_NEAR_MISS,CTR-FLD-2022-001
CTR-LOC-005,Yaoundé VII|3.8745541|11.4479359,Yaoundé VII,Mfoundi,Centre,arrondissement_or_commune,3.8745541,11.4479359,2022-04-18,3.9000000000000035,11.399999999999997,3.8750000000000036,11.425000000000013,0.054271026668199274,0.02294023399225391,1060021440.0,697.154052734375,0.1529639661312103,COMPLETE_GEE_COPERNICUS_DEM_GLO30_LOCALITY_SAMPLE,0.019313639,0.019313639029860497,0.03046594839543104,0.3969942145049572,0.4656844036653638,0.31601744540861215,0.38822937,1.0625,1.09375,2.25,0.65625,4,True,True,COMPLETE,ERA5_Centre_2022_04.nc,data_3.nc,GLOFAS_Centre_2022.nc,0,HEAVY_RAIN_NEAR_MISS,CTR-FLD-2021-001
CTR-LOC-107,Obala|4.1657131|11.5346644,Obala,,Centre,town,4.1657131,11.5346644,2022-04-18,4.200000000000003,11.499999999999996,4.1750000000000025,11.525000000000015,0.04875666250852801,0.013403251059716115,1061032520.0,542.7601928710938,0.0421559828852751,COMPLETE_GEE_COPERNICUS_DEM_GLO30_LOCALITY_SAMPLE,0.018433293,0.01843329332768917,0.037574599497020245,0.4735130639746785,0.5511249357368797,0.4024749946837167,0.3784027,6.875,6.65625,22.46875,4.34375,4,True,True,COMPLETE,ERA5_Centre_2022_04.nc,data_3.nc,GLOFAS_Centre_2022.nc,0,HEAVY_RAIN_NEAR_MISS,CTR-FLD-2022-001
CTR-LOC-027,Nkolbisson|3.8745876|11.4525933,Nkolbisson,Mfoundi,Centre,village,3.8745876,11.4525933,2022-04-18,3.9000000000000035,11.499999999999996,3.8750000000000036,11.475000000000014,0.05378833775689508,0.0224104948327924,1060021440.0,714.609130859375,0.1529639661312103,COMPLETE_GEE_COPERNICUS_DEM_GLO30_LOCALITY_SAMPLE,0.019752538,0.019752537831664085,0.03241783659905195,0.38214900717139244,0.4593057491001673,0.3008178635377121,0.39382553,1.96875,1.53125,5.9375,1.21875,4,True,True,COMPLETE,ERA5_Centre_2022_04.nc,data_3.nc,GLOFAS_Centre_2022.nc,0,HEAVY_RAIN_NEAR_MISS,CTR-FLD-2017-001
CTR-LOC-107,Obala|4.1657131|11.5346644,Obala,,Centre,town,4.1657131,11.5346644,2022-04-19,4.200000000000003,11.499999999999996,4.1750000000000025,11.525000000000015,0.04875666250852801,0.013403251059716115,1061032520.0,542.7601928710938,0.0421559828852751,COMPLETE_GEE_COPERNICUS_DEM_GLO30_LOCALITY_SAMPLE,0.067265466,0.06726546585559845,0.1014285609126091,0.5205484451726079,0.6170424679294229,0.4495103758816461,0.4199562,11.03125,6.875,10.5,5.28125,4,True,True,COMPLETE,ERA5_Centre_2022_04.nc,data_3.nc,GLOFAS_Centre_2022.nc,0,HEAVY_RAIN_NEAR_MISS,CTR-FLD-2022-001
CTR-LOC-027,Nkolbisson|3.8745876|11.4525933,Nkolbisson,Mfoundi,Centre,village,3.8745876,11.4525933,2022-04-19,3.9000000000000035,11.499999999999996,3.8750000000000036,11.475000000000014,0.05378833775689508,0.0224104948327924,1060021440.0,714.609130859375,0.1529639661312103,COMPLETE_GEE_COPERNICUS_DEM_GLO30_LOCALITY_SAMPLE,0.06192169,0.06192168965935707,0.09311391040682793,0.42624273151159286,0.5204862728714943,0.34491158787791254,0.428833,4.0625,1.96875,2.5,1.65625,4,True,True,COMPLETE,ERA5_Centre_2022_04.nc,data_3.nc,GLOFAS_Centre_2022.nc,0,HEAVY_RAIN_NEAR_MISS,CTR-FLD-2017-001
CTR-LOC-004,Yaoundé VI|3.8332622|11.4808639,Yaoundé VI,Mfoundi,Centre,arrondissement_or_commune,3.8332622,11.4808639,2022-04-19,3.8000000000000034,11.499999999999996,3.8250000000000037,11.475000000000014,0.038374005160390454,0.010131597704694356,1060021440.0,691.5337524414062,0.1529639661312103,COMPLETE_GEE_COPERNICUS_DEM_GLO30_LOCALITY_SAMPLE,0.053242672,0.053242672234773636,0.07800564495846629,0.28705149836605415,0.376591473526787,0.20547862400064443,0.42733002,7.0,3.25,4.375,2.75,4,True,True,COMPLETE,ERA5_Centre_2022_04.nc,data_3.nc,GLOFAS_Centre_2022.nc,0,HEAVY_RAIN_NEAR_MISS,CTR-FLD-2024-001
CTR-LOC-005,Yaoundé VII|3.8745541|11.4479359,Yaoundé VII,Mfoundi,Centre,arrondissement_or_commune,3.8745541,11.4479359,2022-04-19,3.9000000000000035,11.399999999999997,3.8750000000000036,11.425000000000013,0.054271026668199274,0.02294023399225391,1060021440.0,697.154052734375,0.1529639661312103,COMPLETE_GEE_COPERNICUS_DEM_GLO30_LOCALITY_SAMPLE,0.064254105,0.06425410509109497,0.09372264891862869,0.4458251781761646,0.5291318299714476,0.3648484090798196,0.4243889,1.375,1.0625,1.46875,0.71875,4,True,True,COMPLETE,ERA5_Centre_2022_04.nc,data_3.nc,GLOFAS_Centre_2022.nc,0,HEAVY_RAIN_NEAR_MISS,CTR-FLD-2021-001
CTR-LOC-107,Obala|4.1657131|11.5346644,Obala,,Centre,town,4.1657131,11.5346644,2022-05-18,4.200000000000003,11.499999999999996,4.1750000000000025,11.525000000000015,0.04875666250852801,0.013403251059716115,1061032520.0,542.7601928710938,0.0421559828852751,COMPLETE_GEE_COPERNICUS_DEM_GLO30_LOCALITY_SAMPLE,0.060353834,0.060353834182024,0.20589636638760567,0.25150549598038197,0.40136078419163823,0.1727073807321824,0.40935516,23.15625,14.90625,10.3125,10.5,5,True,True,COMPLETE,ERA5_Centre_2022_05.nc,data_3.nc,GLOFAS_Centre_2022.nc,1,VERIFIED_EVENT,CTR-FLD-2022-001
CTR-LOC-004,Yaoundé VI|3.8332622|11.4808639,Yaoundé VI,Mfoundi,Centre,arrondissement_or_commune,3.8332622,11.4808639,2022-11-09,3.8000000000000034,11.499999999999996,3.8250000000000037,11.475000000000014,0.038374005160390454,0.010131597704694356,1060021440.0,691.5337524414062,0.1529639661312103,COMPLETE_GEE_COPERNICUS_DEM_GLO30_LOCALITY_SAMPLE,0.00802459,0.008024590089917183,0.015695674810558558,0.029933433048427105,0.1362432478927076,-0.06987409181928149,0.36029434,4.7578125,5.0,5.265625,7.3203125,11,True,True,COMPLETE,ERA5_Centre_2022_11.nc,data_3.nc,GLOFAS_Centre_2022.nc,0,SAME_LOCALITY_NON_EVENT,CTR-FLD-2024-001
CTR-LOC-005,Yaoundé VII|3.8745541|11.4479359,Yaoundé VII,Mfoundi,Centre,arrondissement_or_commune,3.8745541,11.4479359,2022-12-10,3.9000000000000035,11.399999999999997,3.8750000000000036,11.425000000000013,0.054271026668199274,0.02294023399225391,1060021440.0,697.154052734375,0.1529639661312103,COMPLETE_GEE_COPERNICUS_DEM_GLO30_LOCALITY_SAMPLE,0.0021325708,0.0021325708366930485,0.009965843753889203,0.0380865226034075,0.0636279082391411,0.009594117820176194,0.3145256,1.296875,1.3828125,1.390625,1.4140625,12,True,True,COMPLETE,ERA5_Centre_2022_12.nc,data_3.nc,GLOFAS_Centre_2022.nc,0,SAME_LOCALITY_NON_EVENT,CTR-FLD-2021-001
CTR-LOC-027,Nkolbisson|3.8745876|11.4525933,Nkolbisson,Mfoundi,Centre,village,3.8745876,11.4525933,2022-12-10,3.9000000000000035,11.499999999999996,3.8750000000000036,11.475000000000014,0.05378833775689508,0.0224104948327924,1060021440.0,714.609130859375,0.1529639661312103,COMPLETE_GEE_COPERNICUS_DEM_GLO30_LOCALITY_SAMPLE,0.001788339,0.001788338995538652,0.00829227187205106,0.03315179084893316,0.06081737799104303,0.006069194613111818,0.3070488,1.4609375,1.6796875,1.984375,1.7890625,12,True,True,COMPLETE,ERA5_Centre_2022_12.nc,data_3.nc,GLOFAS_Centre_2022.nc,0,SAME_LOCALITY_NON_EVENT,CTR-FLD-2017-001
CTR-LOC-107,Obala|4.1657131|11.5346644,Obala,,Centre,town,4.1657131,11.5346644,2022-12-13,4.200000000000003,11.499999999999996,4.1750000000000025,11.525000000000015,0.04875666250852801,0.013403251059716115,1061032520.0,542.7601928710938,0.0421559828852751,COMPLETE_GEE_COPERNICUS_DEM_GLO30_LOCALITY_SAMPLE,0.0019920215,0.001992021454498172,0.005233255680650473,0.020354897365905344,0.048706223955377936,0.002529928247580717,0.26398468,4.515625,4.65625,5.15625,5.484375,12,True,True,COMPLETE,ERA5_Centre_2022_12.nc,data_3.nc,GLOFAS_Centre_2022.nc,0,SAME_LOCALITY_NON_EVENT,CTR-FLD-2022-001
CTR-LOC-004,Yaoundé VI|3.8332622|11.4808639,Yaoundé VI,Mfoundi,Centre,arrondissement_or_commune,3.8332622,11.4808639,2023-01-21,3.8000000000000034,11.499999999999996,3.8250000000000037,11.475000000000014,0.038374005160390454,0.010131597704694356,1060021440.0,691.5337524414062,0.1529639661312103,COMPLETE_GEE_COPERNICUS_DEM_GLO30_LOCALITY_SAMPLE,0.0008330841,0.0008330841083079576,0.00294618948828429,0.006418273347662762,0.021714219445129856,-0.009052415671320983,0.18210602,1.0625,1.078125,1.09375,1.140625,1,True,True,COMPLETE,ERA5_Centre_2023_01.nc,data_8.nc,GLOFAS_Centre_2023.nc,0,SAME_LOCALITY_NON_EVENT,CTR-FLD-2024-001
CTR-LOC-005,Yaoundé VII|3.8745541|11.4479359,Yaoundé VII,Mfoundi,Centre,arrondissement_or_commune,3.8745541,11.4479359,2023-02-21,3.9000000000000035,11.399999999999997,3.8750000000000036,11.425000000000013,0.054271026668199274,0.02294023399225391,1060021440.0,697.154052734375,0.1529639661312103,COMPLETE_GEE_COPERNICUS_DEM_GLO30_LOCALITY_SAMPLE,0.00055401475,0.0005540147540159523,0.001238629010913428,0.00399904132791562,0.007967577592353337,-0.016130402620634834,0.19116211,0.515625,0.53125,0.53125,0.5625,2,True,True,COMPLETE,ERA5_Centre_2023_02.nc,data_8.nc,GLOFAS_Centre_2023.nc,0,SAME_LOCALITY_NON_EVENT,CTR-FLD-2021-001
CTR-LOC-027,Nkolbisson|3.8745876|11.4525933,Nkolbisson,Mfoundi,Centre,village,3.8745876,11.4525933,2023-02-21,3.9000000000000035,11.499999999999996,3.8750000000000036,11.475000000000014,0.05378833775689508,0.0224104948327924,1060021440.0,714.609130859375,0.1529639661312103,COMPLETE_GEE_COPERNICUS_DEM_GLO30_LOCALITY_SAMPLE,0.00043121428,0.0004312142846174538,0.0008874533741618507,0.0037094819781486876,0.006424879014957696,-0.015072182327931751,0.18062592,0.515625,0.53125,0.546875,0.578125,2,True,True,COMPLETE,ERA5_Centre_2023_02.nc,data_8.nc,GLOFAS_Centre_2023.nc,0,SAME_LOCALITY_NON_EVENT,CTR-FLD-2017-001
CTR-LOC-107,Obala|4.1657131|11.5346644,Obala,,Centre,town,4.1657131,11.5346644,2023-02-24,4.200000000000003,11.499999999999996,4.1750000000000025,11.525000000000015,0.04875666250852801,0.013403251059716115,1061032520.0,542.7601928710938,0.0421559828852751,COMPLETE_GEE_COPERNICUS_DEM_GLO30_LOCALITY_SAMPLE,0.0001993339,0.00019933389557991177,0.003692807527841069,0.004297631174267735,0.006329749652650207,-0.008262783961499239,0.13771057,2.34375,2.3125,2.203125,2.328125,2,True,True,COMPLETE,ERA5_Centre_2023_02.nc,data_8.nc,GLOFAS_Centre_2023.nc,0,SAME_LOCALITY_NON_EVENT,CTR-FLD-2022-001
CTR-LOC-004,Yaoundé VI|3.8332622|11.4808639,Yaoundé VI,Mfoundi,Centre,arrondissement_or_commune,3.8332622,11.4808639,2024-06-14,3.8000000000000034,11.499999999999996,3.8250000000000037,11.475000000000014,0.038374005160390454,0.010131597704694356,1060021440.0,691.5337524414062,0.1529639661312103,COMPLETE_GEE_COPERNICUS_DEM_GLO30_LOCALITY_SAMPLE,0.29160213,0.29160213470458984,0.2942978537757881,0.32572373613948,0.37037063465686515,0.23192534171217685,0.42398834,4.203125,1.109375,2.53125,1.140625,6,True,True,COMPLETE,ERA5_Centre_2024_06.nc,data_4.nc,GLOFAS_Centre_2024.nc,0,HEAVY_RAIN_NEAR_MISS,CTR-FLD-2024-001
CTR-LOC-027,Nkolbisson|3.8745876|11.4525933,Nkolbisson,Mfoundi,Centre,village,3.8745876,11.4525933,2024-06-15,3.9000000000000035,11.499999999999996,3.8750000000000036,11.475000000000014,0.05378833775689508,0.0224104948327924,1060021440.0,714.609130859375,0.1529639661312103,COMPLETE_GEE_COPERNICUS_DEM_GLO30_LOCALITY_SAMPLE,0.10083202,0.1008320227265358,0.363759110448882,0.3996671244967729,0.4401728145312518,0.3078157143332205,0.4145317,18.859375,2.25,0.875,0.578125,6,True,True,COMPLETE,ERA5_Centre_2024_06.nc,data_4.nc,GLOFAS_Centre_2024.nc,0,HEAVY_RAIN_NEAR_MISS,CTR-FLD-2017-001
CTR-LOC-004,Yaoundé VI|3.8332622|11.4808639,Yaoundé VI,Mfoundi,Centre,arrondissement_or_commune,3.8332622,11.4808639,2024-06-15,3.8000000000000034,11.499999999999996,3.8250000000000037,11.475000000000014,0.038374005160390454,0.010131597704694356,1060021440.0,691.5337524414062,0.1529639661312103,COMPLETE_GEE_COPERNICUS_DEM_GLO30_LOCALITY_SAMPLE,0.112355955,0.11235595494508743,0.4049169521895237,0.4366714985226281,0.47809652314754203,0.3428731040953249,0.40883636,35.734375,4.203125,1.59375,1.015625,6,True,True,COMPLETE,ERA5_Centre_2024_06.nc,data_4.nc,GLOFAS_Centre_2024.nc,0,HEAVY_RAIN_NEAR_MISS,CTR-FLD-2024-001
CTR-LOC-005,Yaoundé VII|3.8745541|11.4479359,Yaoundé VII,Mfoundi,Centre,arrondissement_or_commune,3.8745541,11.4479359,2024-06-15,3.9000000000000035,11.399999999999997,3.8750000000000036,11.425000000000013,0.054271026668199274,0.02294023399225391,1060021440.0,697.154052734375,0.1529639661312103,COMPLETE_GEE_COPERNICUS_DEM_GLO30_LOCALITY_SAMPLE,0.11850769,0.11850769072771072,0.4409025039640255,0.474458824202884,0.5286526156705804,0.3775981080275608,0.41248322,3.859375,0.609375,0.484375,0.421875,6,True,True,COMPLETE,ERA5_Centre_2024_06.nc,data_4.nc,GLOFAS_Centre_2024.nc,0,HEAVY_RAIN_NEAR_MISS,CTR-FLD-2021-001
CTR-LOC-027,Nkolbisson|3.8745876|11.4525933,Nkolbisson,Mfoundi,Centre,village,3.8745876,11.4525933,2024-06-16,3.9000000000000035,11.499999999999996,3.8750000000000036,11.475000000000014,0.05378833775689508,0.0224104948327924,1060021440.0,714.609130859375,0.1529639661312103,COMPLETE_GEE_COPERNICUS_DEM_GLO30_LOCALITY_SAMPLE,0.019675234,0.019675234332680702,0.38238500244915485,0.4048837323207408,0.43970548431389034,0.31303232215718846,0.4084816,6.359375,18.859375,0.609375,0.46875,6,True,True,COMPLETE,ERA5_Centre_2024_06.nc,data_4.nc,GLOFAS_Centre_2024.nc,0,HEAVY_RAIN_NEAR_MISS,CTR-FLD-2017-001
CTR-LOC-004,Yaoundé VI|3.8332622|11.4808639,Yaoundé VI,Mfoundi,Centre,arrondissement_or_commune,3.8332622,11.4808639,2024-06-16,3.8000000000000034,11.499999999999996,3.8250000000000037,11.475000000000014,0.038374005160390454,0.010131597704694356,1060021440.0,691.5337524414062,0.1529639661312103,COMPLETE_GEE_COPERNICUS_DEM_GLO30_LOCALITY_SAMPLE,0.02340738,0.023407379165291786,0.42736546881496906,0.4476727594737895,0.4801676057395525,0.3538743650464863,0.41147232,12.890625,35.734375,1.109375,0.859375,6,True,True,COMPLETE,ERA5_Centre_2024_06.nc,data_4.nc,GLOFAS_Centre_2024.nc,0,HEAVY_RAIN_NEAR_MISS,CTR-FLD-2024-001
CTR-LOC-005,Yaoundé VII|3.8745541|11.4479359,Yaoundé VII,Mfoundi,Centre,arrondissement_or_commune,3.8745541,11.4479359,2024-06-16,3.9000000000000035,11.399999999999997,3.8750000000000036,11.425000000000013,0.054271026668199274,0.02294023399225391,1060021440.0,697.154052734375,0.1529639661312103,COMPLETE_GEE_COPERNICUS_DEM_GLO30_LOCALITY_SAMPLE,0.018349463,0.018349463120102882,0.4584494549781084,0.4788955499534495,0.5211437417310663,0.3820348337781263,0.40532684,2.5,3.859375,0.4375,0.390625,6,True,True,COMPLETE,ERA5_Centre_2024_06.nc,data_4.nc,GLOFAS_Centre_2024.nc,0,HEAVY_RAIN_NEAR_MISS,CTR-FLD-2021-001
CTR-LOC-004,Yaoundé VI|3.8332622|11.4808639,Yaoundé VI,Mfoundi,Centre,arrondissement_or_commune,3.8332622,11.4808639,2024-06-17,3.8000000000000034,11.499999999999996,3.8250000000000037,11.475000000000014,0.038374005160390454,0.010131597704694356,1060021440.0,691.5337524414062,0.1529639661312103,COMPLETE_GEE_COPERNICUS_DEM_GLO30_LOCALITY_SAMPLE,0.013760922,0.01376092154532671,0.14952425565570593,0.44858218386070803,0.4877128967200406,0.35478378943340483,0.40037537,9.09375,12.890625,4.203125,3.0625,6,True,True,COMPLETE,ERA5_Centre_2024_06.nc,data_4.nc,GLOFAS_Centre_2024.nc,0,HEAVY_RAIN_NEAR_MISS,CTR-FLD-2024-001
CTR-LOC-027,Nkolbisson|3.8745876|11.4525933,Nkolbisson,Mfoundi,Centre,village,3.8745876,11.4525933,2024-06-17,3.9000000000000035,11.499999999999996,3.8750000000000036,11.475000000000014,0.05378833775689508,0.0224104948327924,1060021440.0,714.609130859375,0.1529639661312103,COMPLETE_GEE_COPERNICUS_DEM_GLO30_LOCALITY_SAMPLE,0.011546065,0.011546065099537373,0.13205332215875387,0.40220563509501517,0.44542832602746785,0.3103542249314628,0.39847946,4.59375,6.359375,2.25,1.765625,6,True,True,COMPLETE,ERA5_Centre_2024_06.nc,data_4.nc,GLOFAS_Centre_2024.nc,0,HEAVY_RAIN_NEAR_MISS,CTR-FLD-2017-001
CTR-LOC-005,Yaoundé VII|3.8745541|11.4479359,Yaoundé VII,Mfoundi,Centre,arrondissement_or_commune,3.8745541,11.4479359,2024-06-17,3.9000000000000035,11.399999999999997,3.8750000000000036,11.425000000000013,0.054271026668199274,0.02294023399225391,1060021440.0,697.154052734375,0.1529639661312103,COMPLETE_GEE_COPERNICUS_DEM_GLO30_LOCALITY_SAMPLE,0.010993813,0.010993813164532185,0.1478509670123458,0.4772667775978334,0.5242406267789192,0.3804060614225102,0.39553833,1.96875,2.5,0.609375,0.5625,6,True,True,COMPLETE,ERA5_Centre_2024_06.nc,data_4.nc,GLOFAS_Centre_2024.nc,0,HEAVY_RAIN_NEAR_MISS,CTR-FLD-2021-001
CTR-LOC-027,Nkolbisson|3.8745876|11.4525933,Nkolbisson,Mfoundi,Centre,village,3.8745876,11.4525933,2024-06-18,3.9000000000000035,11.499999999999996,3.8750000000000036,11.475000000000014,0.05378833775689508,0.0224104948327924,1060021440.0,714.609130859375,0.1529639661312103,COMPLETE_GEE_COPERNICUS_DEM_GLO30_LOCALITY_SAMPLE,0.0053401105,0.005340110510587692,0.03656140994280577,0.402079125167802,0.44760412722826004,0.3102277150042496,0.3947258,2.484375,4.59375,18.859375,1.40625,6,True,True,COMPLETE,ERA5_Centre_2024_06.nc,data_4.nc,GLOFAS_Centre_2024.nc,0,HEAVY_RAIN_NEAR_MISS,CTR-FLD-2017-001
CTR-LOC-005,Yaoundé VII|3.8745541|11.4479359,Yaoundé VII,Mfoundi,Centre,arrondissement_or_commune,3.8745541,11.4479359,2024-06-18,3.9000000000000035,11.399999999999997,3.8750000000000036,11.425000000000013,0.054271026668199274,0.02294023399225391,1060021440.0,697.154052734375,0.1529639661312103,COMPLETE_GEE_COPERNICUS_DEM_GLO30_LOCALITY_SAMPLE,0.0047862493,0.004786249250173569,0.034129525534808636,0.47696564841317013,0.5255018170573749,0.3801049322378469,0.391037,1.5,1.96875,3.859375,0.5625,6,True,True,COMPLETE,ERA5_Centre_2024_06.nc,data_4.nc,GLOFAS_Centre_2024.nc,0,HEAVY_RAIN_NEAR_MISS,CTR-FLD-2021-001
CTR-LOC-004,Yaoundé VI|3.8332622|11.4808639,Yaoundé VI,Mfoundi,Centre,arrondissement_or_commune,3.8332622,11.4808639,2024-06-18,3.8000000000000034,11.499999999999996,3.8250000000000037,11.475000000000014,0.038374005160390454,0.010131597704694356,1060021440.0,691.5337524414062,0.1529639661312103,COMPLETE_GEE_COPERNICUS_DEM_GLO30_LOCALITY_SAMPLE,0.0055021457,0.005502145737409592,0.04267044644802809,0.4493242551689036,0.4895856530056335,0.3555258607416004,0.397892,5.015625,9.09375,35.734375,2.53125,6,True,True,COMPLETE,ERA5_Centre_2024_06.nc,data_4.nc,GLOFAS_Centre_2024.nc,0,HEAVY_RAIN_NEAR_MISS,CTR-FLD-2024-001
CTR-LOC-004,Yaoundé VI|3.8332622|11.4808639,Yaoundé VI,Mfoundi,Centre,arrondissement_or_commune,3.8332622,11.4808639,2024-06-19,3.8000000000000034,11.499999999999996,3.8250000000000037,11.475000000000014,0.038374005160390454,0.010131597704694356,1060021440.0,691.5337524414062,0.1529639661312103,COMPLETE_GEE_COPERNICUS_DEM_GLO30_LOCALITY_SAMPLE,0.004801141,0.00480114109814167,0.02406420838087797,0.4523885397356935,0.49076248152414337,0.3585901453083903,0.39101028,3.875,5.015625,12.890625,1.59375,6,True,True,COMPLETE,ERA5_Centre_2024_06.nc,data_4.nc,GLOFAS_Centre_2024.nc,0,HEAVY_RAIN_NEAR_MISS,CTR-FLD-2024-001
CTR-LOC-005,Yaoundé VII|3.8745541|11.4479359,Yaoundé VII,Mfoundi,Centre,arrondissement_or_commune,3.8745541,11.4479359,2024-06-19,3.9000000000000035,11.399999999999997,3.8750000000000036,11.425000000000013,0.054271026668199274,0.02294023399225391,1060021440.0,697.154052734375,0.1529639661312103,COMPLETE_GEE_COPERNICUS_DEM_GLO30_LOCALITY_SAMPLE,0.0041493345,0.004149334505200386,0.01992939691990614,0.47918136400403455,0.5261336952098645,0.38232064782871134,0.3860817,1.265625,1.5,2.5,0.484375,6,True,True,COMPLETE,ERA5_Centre_2024_06.nc,data_4.nc,GLOFAS_Centre_2024.nc,0,HEAVY_RAIN_NEAR_MISS,CTR-FLD-2021-001
CTR-LOC-027,Nkolbisson|3.8745876|11.4525933,Nkolbisson,Mfoundi,Centre,village,3.8745876,11.4525933,2024-06-19,3.9000000000000035,11.499999999999996,3.8750000000000036,11.475000000000014,0.05378833775689508,0.0224104948327924,1060021440.0,714.609130859375,0.1529639661312103,COMPLETE_GEE_COPERNICUS_DEM_GLO30_LOCALITY_SAMPLE,0.0047810692,0.0047810692340135574,0.021667244844138622,0.4051015896257013,0.44923647679388523,0.31325017946214895,0.38951874,1.953125,2.484375,6.359375,0.875,6,True,True,COMPLETE,ERA5_Centre_2024_06.nc,data_4.nc,GLOFAS_Centre_2024.nc,0,HEAVY_RAIN_NEAR_MISS,CTR-FLD-2017-001
CTR-LOC-004,Yaoundé VI|3.8332622|11.4808639,Yaoundé VI,Mfoundi,Centre,arrondissement_or_commune,3.8332622,11.4808639,2024-06-20,3.8000000000000034,11.499999999999996,3.8250000000000037,11.475000000000014,0.038374005160390454,0.010131597704694356,1060021440.0,691.5337524414062,0.1529639661312103,COMPLETE_GEE_COPERNICUS_DEM_GLO30_LOCALITY_SAMPLE,0.004990518,0.004990518093109131,0.015293804928660393,0.45642019528895617,0.4931740854517557,0.36262180086165297,0.3812523,2.796875,3.875,9.09375,1.109375,6,True,True,COMPLETE,ERA5_Centre_2024_06.nc,data_4.nc,GLOFAS_Centre_2024.nc,0,HEAVY_RAIN_NEAR_MISS,CTR-FLD-2024-001
CTR-LOC-027,Nkolbisson|3.8745876|11.4525933,Nkolbisson,Mfoundi,Centre,village,3.8745876,11.4525933,2024-06-20,3.9000000000000035,11.499999999999996,3.8750000000000036,11.475000000000014,0.05378833775689508,0.0224104948327924,1060021440.0,714.609130859375,0.1529639661312103,COMPLETE_GEE_COPERNICUS_DEM_GLO30_LOCALITY_SAMPLE,0.004812032,0.004812031984329224,0.014933211728930473,0.4088642792776227,0.450908238068223,0.31701286911407034,0.3798523,1.390625,1.953125,4.59375,0.609375,6,True,True,COMPLETE,ERA5_Centre_2024_06.nc,data_4.nc,GLOFAS_Centre_2024.nc,0,HEAVY_RAIN_NEAR_MISS,CTR-FLD-2017-001
CTR-LOC-005,Yaoundé VII|3.8745541|11.4479359,Yaoundé VII,Mfoundi,Centre,arrondissement_or_commune,3.8745541,11.4479359,2024-06-20,3.9000000000000035,11.399999999999997,3.8750000000000036,11.425000000000013,0.054271026668199274,0.02294023399225391,1060021440.0,697.154052734375,0.1529639661312103,COMPLETE_GEE_COPERNICUS_DEM_GLO30_LOCALITY_SAMPLE,0.0051541626,0.005154162645339966,0.01408974640071392,0.4835330145433545,0.5257454752572812,0.3866722983680313,0.37843704,1.078125,1.265625,1.96875,0.4375,6,True,True,COMPLETE,ERA5_Centre_2024_06.nc,data_4.nc,GLOFAS_Centre_2024.nc,0,HEAVY_RAIN_NEAR_MISS,CTR-FLD-2021-001
CTR-LOC-004,Yaoundé VI|3.8332622|11.4808639,Yaoundé VI,Mfoundi,Centre,arrondissement_or_commune,3.8332622,11.4808639,2024-07-04,3.8000000000000034,11.499999999999996,3.8250000000000037,11.475000000000014,0.038374005160390454,0.010131597704694356,1060021440.0,691.5337524414062,0.1529639661312103,COMPLETE_GEE_COPERNICUS_DEM_GLO30_LOCALITY_SAMPLE,0.013234429,0.013234429061412811,0.03504565637558699,0.06511683575809002,0.1523012217367068,-0.0015425084835079539,0.38917542,2.671875,4.109375,2.375,3.4375,7,True,True,COMPLETE,ERA5_Centre_2024_07.nc,data_4.nc,GLOFAS_Centre_2024.nc,0,SAME_LOCALITY_NON_EVENT,CTR-FLD-2024-001
CTR-LOC-107,Obala|4.1657131|11.5346644,Obala,,Centre,town,4.1657131,11.5346644,2024-07-31,4.200000000000003,11.499999999999996,4.1750000000000025,11.525000000000015,0.04875666250852801,0.013403251059716115,1061032520.0,542.7601928710938,0.0421559828852751,COMPLETE_GEE_COPERNICUS_DEM_GLO30_LOCALITY_SAMPLE,0.011353024,0.011353024281561375,0.02579992590472102,0.04138290020637214,0.06247076846193522,-0.010777080306288982,0.3369522,1.234375,1.109375,1.21875,1.015625,7,True,True,COMPLETE,ERA5_Centre_2024_07.nc,data_4.nc,GLOFAS_Centre_2024.nc,0,SAME_LOCALITY_NON_EVENT,CTR-FLD-2022-001
CTR-LOC-005,Yaoundé VII|3.8745541|11.4479359,Yaoundé VII,Mfoundi,Centre,arrondissement_or_commune,3.8745541,11.4479359,2024-08-03,3.9000000000000035,11.399999999999997,3.8750000000000036,11.425000000000013,0.054271026668199274,0.02294023399225391,1060021440.0,697.154052734375,0.1529639661312103,COMPLETE_GEE_COPERNICUS_DEM_GLO30_LOCALITY_SAMPLE,0.0007564653,0.0007564653060398996,0.007235770986881107,0.04114274209132418,0.06146811181679368,-0.017111493331155553,0.34160614,0.3828125,0.40625,0.421875,0.421875,8,True,True,COMPLETE,ERA5_Centre_2024_08.nc,data_4.nc,GLOFAS_Centre_2024.nc,0,SAME_LOCALITY_NON_EVENT,CTR-FLD-2021-001
CTR-LOC-027,Nkolbisson|3.8745876|11.4525933,Nkolbisson,Mfoundi,Centre,village,3.8745876,11.4525933,2024-08-03,3.9000000000000035,11.499999999999996,3.8750000000000036,11.475000000000014,0.05378833775689508,0.0224104948327924,1060021440.0,714.609130859375,0.1529639661312103,COMPLETE_GEE_COPERNICUS_DEM_GLO30_LOCALITY_SAMPLE,0.000581928,0.000581928004976362,0.0067078377469442785,0.0379199487506412,0.05886724079027772,-0.01747114925487056,0.3350029,0.453125,0.5234375,0.640625,0.640625,8,True,True,COMPLETE,ERA5_Centre_2024_08.nc,data_4.nc,GLOFAS_Centre_2024.nc,0,SAME_LOCALITY_NON_EVENT,CTR-FLD-2017-001
CTR-LOC-004,Yaoundé VI|3.8332622|11.4808639,Yaoundé VI,Mfoundi,Centre,arrondissement_or_commune,3.8332622,11.4808639,2024-09-14,3.8000000000000034,11.499999999999996,3.8250000000000037,11.475000000000014,0.038374005160390454,0.010131597704694356,1060021440.0,691.5337524414062,0.1529639661312103,COMPLETE_GEE_COPERNICUS_DEM_GLO30_LOCALITY_SAMPLE,0.016456626,0.01645662635564804,0.031349305994808674,0.09290064312517643,0.17431779473554343,-0.011569801196420676,0.40127563,2.8671875,3.2265625,7.859375,5.3828125,9,True,True,COMPLETE,ERA5_Centre_2024_09.nc,data_4.nc,GLOFAS_Centre_2024.nc,0,SAME_LOCALITY_NON_EVENT,CTR-FLD-2024-001
CTR-LOC-004,Yaoundé VI|3.8332622|11.4808639,Yaoundé VI,Mfoundi,Centre,arrondissement_or_commune,3.8332622,11.4808639,2024-10-07,3.8000000000000034,11.499999999999996,3.8250000000000037,11.475000000000014,0.038374005160390454,0.010131597704694356,1060021440.0,691.5337524414062,0.1529639661312103,COMPLETE_GEE_COPERNICUS_DEM_GLO30_LOCALITY_SAMPLE,0.021590048,0.02159004844725132,0.07983488030731678,0.15737096965312958,0.29924237821251154,0.01665097760388906,0.4050064,4.1875,6.3359375,4.8046875,4.34375,10,True,True,COMPLETE,ERA5_Centre_2024_10.nc,data_4.nc,GLOFAS_Centre_2024.nc,1,VERIFIED_EVENT,CTR-FLD-2024-001
CTR-LOC-107,Obala|4.1657131|11.5346644,Obala,,Centre,town,4.1657131,11.5346644,2024-10-11,4.200000000000003,11.499999999999996,4.1750000000000025,11.525000000000015,0.04875666250852801,0.013403251059716115,1061032520.0,542.7601928710938,0.0421559828852751,COMPLETE_GEE_COPERNICUS_DEM_GLO30_LOCALITY_SAMPLE,0.0022065719,0.002206571865826845,0.025853544007986784,0.09831212321296334,0.18018536549061537,-0.01119833174666876,0.3760109,7.4921875,9.7578125,7.5703125,7.21875,10,True,True,COMPLETE,ERA5_Centre_2024_10.nc,data_4.nc,GLOFAS_Centre_2024.nc,0,SAME_LOCALITY_NON_EVENT,CTR-FLD-2022-001
CTR-LOC-005,Yaoundé VII|3.8745541|11.4479359,Yaoundé VII,Mfoundi,Centre,arrondissement_or_commune,3.8745541,11.4479359,2024-10-14,3.9000000000000035,11.399999999999997,3.8750000000000036,11.425000000000013,0.054271026668199274,0.02294023399225391,1060021440.0,697.154052734375,0.1529639661312103,COMPLETE_GEE_COPERNICUS_DEM_GLO30_LOCALITY_SAMPLE,0.010050509,0.010050509124994278,0.04678851366043091,0.08662920910865068,0.23638341296464205,-0.05198115043518273,0.40081406,1.8984375,1.90625,1.8359375,1.6015625,10,True,True,COMPLETE,ERA5_Centre_2024_10.nc,data_4.nc,GLOFAS_Centre_2024.nc,0,SAME_LOCALITY_NON_EVENT,CTR-FLD-2021-001
CTR-LOC-027,Nkolbisson|3.8745876|11.4525933,Nkolbisson,Mfoundi,Centre,village,3.8745876,11.4525933,2024-10-14,3.9000000000000035,11.499999999999996,3.8750000000000036,11.475000000000014,0.05378833775689508,0.0224104948327924,1060021440.0,714.609130859375,0.1529639661312103,COMPLETE_GEE_COPERNICUS_DEM_GLO30_LOCALITY_SAMPLE,0.010145921,0.010145921260118484,0.04872787743806839,0.08507473487406969,0.2386246519163251,-0.047863227966968014,0.39866257,2.9453125,3.46875,2.5546875,2.3125,10,True,True,COMPLETE,ERA5_Centre_2024_10.nc,data_4.nc,GLOFAS_Centre_2024.nc,0,SAME_LOCALITY_NON_EVENT,CTR-FLD-2017-001
CTR-LOC-107,Obala|4.1657131|11.5346644,Obala,,Centre,town,4.1657131,11.5346644,2025-09-29,4.200000000000003,11.499999999999996,4.1750000000000025,11.525000000000015,0.04875666250852801,0.013403251059716115,1061032520.0,542.7601928710938,0.0421559828852751,COMPLETE_GEE_COPERNICUS_DEM_GLO30_LOCALITY_SAMPLE,0.013282635,0.013282635249197483,0.04540035221725702,0.08789384411647916,0.19510517781600356,0.011253618896466144,0.39225006,7.546875,6.2421875,5.9453125,8.03125,9,True,True,COMPLETE,ERA5_Centre_2025_09.nc,data_7.nc,GLOFAS_Centre_2025.nc,0,SAME_LOCALITY_NON_EVENT,CTR-FLD-2022-001
CTR-LOC-004,Yaoundé VI|3.8332622|11.4808639,Yaoundé VI,Mfoundi,Centre,arrondissement_or_commune,3.8332622,11.4808639,2025-10-01,3.8000000000000034,11.499999999999996,3.8250000000000037,11.475000000000014,0.038374005160390454,0.010131597704694356,1060021440.0,691.5337524414062,0.1529639661312103,COMPLETE_GEE_COPERNICUS_DEM_GLO30_LOCALITY_SAMPLE,0.04917759,0.049177590757608414,0.11247995868325233,0.18107215128839016,0.3195370091125369,0.04035215923914964,0.41096497,10.03125,4.8828125,4.3359375,7.3046875,10,True,True,COMPLETE,ERA5_Centre_2025_10.nc,data_7.nc,GLOFAS_Centre_2025.nc,0,SAME_LOCALITY_NON_EVENT,CTR-FLD-2024-001
CTR-LOC-005,Yaoundé VII|3.8745541|11.4479359,Yaoundé VII,Mfoundi,Centre,arrondissement_or_commune,3.8745541,11.4479359,2025-10-02,3.9000000000000035,11.399999999999997,3.8750000000000036,11.425000000000013,0.054271026668199274,0.02294023399225391,1060021440.0,697.154052734375,0.1529639661312103,COMPLETE_GEE_COPERNICUS_DEM_GLO30_LOCALITY_SAMPLE,0.10795161,0.10795161128044128,0.20378917828202248,0.26301693730056286,0.39827773720026016,0.12440657775672945,0.4230423,2.328125,1.8203125,1.34375,1.4375,10,True,True,COMPLETE,ERA5_Centre_2025_10.nc,data_7.nc,GLOFAS_Centre_2025.nc,0,SAME_LOCALITY_NON_EVENT,CTR-FLD-2021-001
CTR-LOC-027,Nkolbisson|3.8745876|11.4525933,Nkolbisson,Mfoundi,Centre,village,3.8745876,11.4525933,2025-10-02,3.9000000000000035,11.499999999999996,3.8750000000000036,11.475000000000014,0.05378833775689508,0.0224104948327924,1060021440.0,714.609130859375,0.1529639661312103,COMPLETE_GEE_COPERNICUS_DEM_GLO30_LOCALITY_SAMPLE,0.08758911,0.08758910745382309,0.1799701415002346,0.2465070690959692,0.3821133077144623,0.1135691062549315,0.42930222,6.609375,5.3671875,2.8671875,3.0234375,10,True,True,COMPLETE,ERA5_Centre_2025_10.nc,data_7.nc,GLOFAS_Centre_2025.nc,0,SAME_LOCALITY_NON_EVENT,CTR-FLD-2017-001
CTR-LOC-107,Obala|4.1657131|11.5346644,Obala,,Centre,town,4.1657131,11.5346644,2025-10-04,4.200000000000003,11.499999999999996,4.1750000000000025,11.525000000000015,0.04875666250852801,0.013403251059716115,1061032520.0,542.7601928710938,0.0421559828852751,COMPLETE_GEE_COPERNICUS_DEM_GLO30_LOCALITY_SAMPLE,0.01899141,0.018991410732269287,0.14313383400440216,0.24882541317492723,0.3301095892675221,0.13931495821529513,0.40460205,15.296875,20.859375,12.6484375,6.6953125,10,True,True,COMPLETE,ERA5_Centre_2025_10.nc,data_7.nc,GLOFAS_Centre_2025.nc,0,HEAVY_RAIN_NEAR_MISS,CTR-FLD-2022-001
CTR-LOC-107,Obala|4.1657131|11.5346644,Obala,,Centre,town,4.1657131,11.5346644,2025-10-05,4.200000000000003,11.499999999999996,4.1750000000000025,11.525000000000015,0.04875666250852801,0.013403251059716115,1061032520.0,542.7601928710938,0.0421559828852751,COMPLETE_GEE_COPERNICUS_DEM_GLO30_LOCALITY_SAMPLE,0.026613105,0.026613105088472366,0.08339643105864525,0.2525038281455636,0.3408318986184895,0.1429933731859315,0.41371155,17.710938,15.296875,16.429688,6.2421875,10,True,True,COMPLETE,ERA5_Centre_2025_10.nc,data_7.nc,GLOFAS_Centre_2025.nc,0,HEAVY_RAIN_NEAR_MISS,CTR-FLD-2022-001
CTR-LOC-004,Yaoundé VI|3.8332622|11.4808639,Yaoundé VI,Mfoundi,Centre,arrondissement_or_commune,3.8332622,11.4808639,2025-10-06,3.8000000000000034,11.499999999999996,3.8250000000000037,11.475000000000014,0.038374005160390454,0.010131597704694356,1060021440.0,691.5337524414062,0.1529639661312103,COMPLETE_GEE_COPERNICUS_DEM_GLO30_LOCALITY_SAMPLE,0.01757149,0.01757149025797844,0.06981199234724045,0.2758992873132229,0.40421825274825096,0.13517929526398237,0.40611267,10.2890625,11.4453125,15.3359375,5.375,10,True,True,COMPLETE,ERA5_Centre_2025_10.nc,data_7.nc,GLOFAS_Centre_2025.nc,0,HEAVY_RAIN_NEAR_MISS,CTR-FLD-2024-001
CTR-LOC-107,Obala|4.1657131|11.5346644,Obala,,Centre,town,4.1657131,11.5346644,2025-10-06,4.200000000000003,11.499999999999996,4.1750000000000025,11.525000000000015,0.04875666250852801,0.013403251059716115,1061032520.0,542.7601928710938,0.0421559828852751,COMPLETE_GEE_COPERNICUS_DEM_GLO30_LOCALITY_SAMPLE,0.0084127085,0.008412708528339863,0.054017224349081516,0.24763390142470598,0.33552774554118514,0.13812344646507388,0.4000969,16.867188,17.710938,20.859375,7.546875,10,True,True,COMPLETE,ERA5_Centre_2025_10.nc,data_7.nc,GLOFAS_Centre_2025.nc,0,HEAVY_RAIN_NEAR_MISS,CTR-FLD-2022-001
