locality_id,name,admin_level,region,division,lon,lat,source,ref_cog,population,locality_key,era5_lat,era5_lon,glofas_lat,glofas_lon,era5_match_distance_deg,glofas_match_distance_deg,era5_match_flag,glofas_match_flag,HYBAS_ID,elevation_m,slope_deg,dem_match_distance_deg,dem_status
CTR-LOC-001,Yaoundé I,arrondissement_or_commune,Centre,Mfoundi,11.5265542,3.9153117,OSM Overpass (INC-sourced),CE0101,281586.0,Yaoundé I|3.9153117|11.5265542,3.9000000000000035,11.499999999999996,3.9250000000000034,11.525000000000015,0.030652466369446827,0.009812170734858605,WITHIN_TOLERANCE,WITHIN_TOLERANCE,1061032520.0,759.7861328125,0.1529639661312103,2.1883194298466776e-06,COMPLETE_GEE_COPERNICUS_DEM_GLO30_LOCALITY_SAMPLE
CTR-LOC-002,Yaoundé III,arrondissement_or_commune,Centre,Mfoundi,11.4716132,3.7912381,OSM Overpass (INC-sourced),CE0103,,Yaoundé III|3.7912381|11.4716132,3.8000000000000034,11.499999999999996,3.775000000000004,11.475000000000014,0.029708269990860195,0.016587534652562783,WITHIN_TOLERANCE,WITHIN_TOLERANCE,1060021440.0,682.125732421875,0.1529639661312103,1.2088183172958665e-06,COMPLETE_GEE_COPERNICUS_DEM_GLO30_LOCALITY_SAMPLE
CTR-LOC-003,Yaoundé IV,arrondissement_or_commune,Centre,Mfoundi,11.5301035,3.8145708,OSM Overpass (INC-sourced),CE0104,,Yaoundé IV|3.8145708|11.5301035,3.8000000000000034,11.499999999999996,3.8250000000000037,11.525000000000015,0.03344441545146305,0.01161093987969641,WITHIN_TOLERANCE,WITHIN_TOLERANCE,1060021440.0,738.6551513671875,0.1529639661312103,1.7744229705611718e-06,COMPLETE_GEE_COPERNICUS_DEM_GLO30_LOCALITY_SAMPLE
CTR-LOC-004,Yaoundé VI,arrondissement_or_commune,Centre,Mfoundi,11.4808639,3.8332622,OSM Overpass (INC-sourced),CE0106,,Yaoundé VI|3.8332622|11.4808639,3.8000000000000034,11.499999999999996,3.8250000000000037,11.475000000000014,0.038374005160390454,0.010131597704694356,WITHIN_TOLERANCE,WITHIN_TOLERANCE,1060021440.0,691.5337524414062,0.1529639661312103,1.4849342023503328e-06,COMPLETE_GEE_COPERNICUS_DEM_GLO30_LOCALITY_SAMPLE
CTR-LOC-005,Yaoundé VII,arrondissement_or_commune,Centre,Mfoundi,11.4479359,3.8745541,OSM Overpass (INC-sourced),CE0107,,Yaoundé VII|3.8745541|11.4479359,3.9000000000000035,11.399999999999997,3.8750000000000036,11.425000000000013,0.054271026668199274,0.02294023399225391,WITHIN_TOLERANCE,WITHIN_TOLERANCE,1060021440.0,697.154052734375,0.1529639661312103,1.4887542962019319e-06,COMPLETE_GEE_COPERNICUS_DEM_GLO30_LOCALITY_SAMPLE
CTR-LOC-006,Yaoundé V,arrondissement_or_commune,Centre,Mfoundi,11.5472659,3.895188,OSM Overpass (INC-sourced),CE0105,,Yaoundé V|3.8951880|11.5472659,3.9000000000000035,11.499999999999996,3.8750000000000036,11.525000000000015,0.04751021623619811,0.030055376337839803,WITHIN_TOLERANCE,EXCEEDS_0.03_DEG,1061032520.0,726.328369140625,0.1529639661312103,1.760209764470309e-06,COMPLETE_GEE_COPERNICUS_DEM_GLO30_LOCALITY_SAMPLE
CTR-LOC-007,Yaoundé II,arrondissement_or_commune,Centre,Mfoundi,11.4903067,3.9068663,OSM Overpass (INC-sourced),CE0102,,Yaoundé II|3.9068663|11.4903067,3.9000000000000035,11.499999999999996,3.9250000000000034,11.475000000000014,0.011878810570923715,0.023730278982340074,WITHIN_TOLERANCE,WITHIN_TOLERANCE,1060021440.0,800.7567138671875,0.1529639661312103,2.3536052718483534e-06,COMPLETE_GEE_COPERNICUS_DEM_GLO30_LOCALITY_SAMPLE
CTR-LOC-008,Awaé,arrondissement_or_commune,Centre,,11.8354064,3.8877532,OSM Overpass (INC-sourced),CE0903,,Awaé|3.8877532|11.8354064,3.9000000000000035,11.799999999999995,3.8750000000000036,11.825000000000019,0.037464613586695596,0.01646017227125898,WITHIN_TOLERANCE,WITHIN_TOLERANCE,1060021440.0,721.1288452148438,0.1529639614961247,2.3818167649840956e-06,COMPLETE_GEE_COPERNICUS_DEM_GLO30_LOCALITY_SAMPLE
CTR-LOC-009,Soa,arrondissement_or_commune,Centre,,11.5803418,3.9947395,OSM Overpass (INC-sourced),CE0904,,Soa|3.9947395|11.5803418,4.0000000000000036,11.599999999999996,3.975000000000003,11.575000000000015,0.02034988175616527,0.020449515580807973,WITHIN_TOLERANCE,WITHIN_TOLERANCE,1061032520.0,650.7236328125,0.1529639661312103,1.6341840397525403e-06,COMPLETE_GEE_COPERNICUS_DEM_GLO30_LOCALITY_SAMPLE
CTR-LOC-010,Nkolafamba,arrondissement_or_commune,Centre,,11.6881385,3.8080778,OSM Overpass (INC-sourced),CE0908,,Nkolafamba|3.8080778|11.6881385,3.8000000000000034,11.699999999999996,3.8250000000000037,11.675000000000017,0.014350820014543521,0.021423842677953737,WITHIN_TOLERANCE,WITHIN_TOLERANCE,1060021440.0,716.276611328125,0.1529639661312103,1.305226809010659e-06,COMPLETE_GEE_COPERNICUS_DEM_GLO30_LOCALITY_SAMPLE
CTR-LOC-011,Mfou,arrondissement_or_commune,Centre,,11.6306441,3.6877965,OSM Overpass (INC-sourced),CE0901,,Mfou|3.6877965|11.6306441,3.7000000000000033,11.599999999999996,3.6750000000000043,11.625000000000016,0.03298463698542537,0.013985931397647764,WITHIN_TOLERANCE,WITHIN_TOLERANCE,1060021440.0,711.2601928710938,0.1529639661312103,2.0888600238702395e-06,COMPLETE_GEE_COPERNICUS_DEM_GLO30_LOCALITY_SAMPLE
CTR-LOC-012,Bikok,arrondissement_or_commune,Centre,,11.4363167,3.5508306,OSM Overpass (INC-sourced),CE1004,,Bikok|3.5508306|11.4363167,3.600000000000003,11.399999999999997,3.5750000000000046,11.425000000000013,0.061127183766722146,0.02668759253379651,WITHIN_TOLERANCE,WITHIN_TOLERANCE,1060021440.0,708.0899658203125,0.1529639661312103,2.2846333876823915e-06,COMPLETE_GEE_COPERNICUS_DEM_GLO30_LOCALITY_SAMPLE
CTR-LOC-013,Mbankomo,arrondissement_or_commune,Centre,,11.3439985,3.7570006,OSM Overpass (INC-sourced),CE1003,,Mbankomo|3.7570006|11.3439985,3.8000000000000034,11.299999999999997,3.775000000000004,11.325000000000012,0.06152086152363691,0.026171003087571577,WITHIN_TOLERANCE,WITHIN_TOLERANCE,1060021440.0,749.313232421875,0.1529639661312103,1.815599437162471e-06,COMPLETE_GEE_COPERNICUS_DEM_GLO30_LOCALITY_SAMPLE
CTR-LOC-014,Okola,arrondissement_or_commune,Centre,,11.3122957,3.9975583,OSM Overpass (INC-sourced),CE0607,,Okola|3.9975583|11.3122957,4.0000000000000036,11.299999999999997,3.975000000000003,11.325000000000012,0.01253579424608132,0.025889691720454307,WITHIN_TOLERANCE,WITHIN_TOLERANCE,1060021500.0,541.7910766601562,0.1529639661312103,2.420211078744175e-06,COMPLETE_GEE_COPERNICUS_DEM_GLO30_LOCALITY_SAMPLE
CTR-LOC-015,Ngoya 1,village,Centre,Mfoundi,11.4512948,3.9619718,OSM Overpass,,,Ngoya 1|3.9619718|11.4512948,4.0000000000000036,11.499999999999996,3.975000000000003,11.475000000000014,0.061792722081811274,0.02704940853846462,WITHIN_TOLERANCE,WITHIN_TOLERANCE,1060021500.0,766.8853149414062,0.1529639661312103,2.9305023763908014e-06,COMPLETE_GEE_COPERNICUS_DEM_GLO30_LOCALITY_SAMPLE
CTR-LOC-016,Ngoya II,village,Centre,Mfoundi,11.4650263,3.9319206,OSM Overpass,,,Ngoya II|3.9319206|11.4650263,3.9000000000000035,11.499999999999996,3.9250000000000034,11.475000000000014,0.04735065359685705,0.012139579731203,WITHIN_TOLERANCE,WITHIN_TOLERANCE,1060021440.0,785.4089965820312,0.1529639661312103,1.2618929449115995e-06,COMPLETE_GEE_COPERNICUS_DEM_GLO30_LOCALITY_SAMPLE
CTR-LOC-017,Nkoabang,village,Centre,Mfoundi,11.5869673,3.8641994,OSM Overpass,,,Nkoabang|3.8641994|11.5869673,3.9000000000000035,11.599999999999996,3.8750000000000036,11.575000000000015,0.038099005625477446,0.016120459970165268,WITHIN_TOLERANCE,WITHIN_TOLERANCE,1061032520.0,732.0367431640625,0.1529639661312103,2.1671976842037066e-06,COMPLETE_GEE_COPERNICUS_DEM_GLO30_LOCALITY_SAMPLE
CTR-LOC-018,Nkong,village,Centre,Mfoundi,11.452647,3.9692355,OSM Overpass,,,Nkong|3.9692355|11.4526470,4.0000000000000036,11.499999999999996,3.975000000000003,11.475000000000014,0.056469116065773706,0.023084325185082334,WITHIN_TOLERANCE,WITHIN_TOLERANCE,1060021500.0,770.3397216796875,0.1529639661312103,2.3737471542312137e-06,COMPLETE_GEE_COPERNICUS_DEM_GLO30_LOCALITY_SAMPLE
CTR-LOC-019,Nkol Ngon,village,Centre,Mfoundi,11.4750404,3.9168496,OSM Overpass,,,Nkol Ngon|3.9168496|11.4750404,3.9000000000000035,11.499999999999996,3.9250000000000034,11.475000000000014,0.03011462522296668,0.008150500126989445,WITHIN_TOLERANCE,WITHIN_TOLERANCE,1060021440.0,838.9873657226562,0.1529639661312103,2.394438799385484e-06,COMPLETE_GEE_COPERNICUS_DEM_GLO30_LOCALITY_SAMPLE
CTR-LOC-020,Zone M,neighbourhood,Centre,Mfoundi,11.4892694,3.8746821,OSM Overpass,,,Zone M|3.8746821|11.4892694,3.9000000000000035,11.499999999999996,3.8750000000000036,11.475000000000014,0.027498033325496565,0.014272940719052723,WITHIN_TOLERANCE,WITHIN_TOLERANCE,1060021440.0,750.94482421875,0.1529639661312103,1.3478088998208683e-06,COMPLETE_GEE_COPERNICUS_DEM_GLO30_LOCALITY_SAMPLE
CTR-LOC-021,Zone O,neighbourhood,Centre,Mfoundi,11.4894512,3.875563,OSM Overpass,,,Zone O|3.8755630|11.4894512,3.9000000000000035,11.499999999999996,3.8750000000000036,11.475000000000014,0.02661661418062222,0.014462162716536628,WITHIN_TOLERANCE,WITHIN_TOLERANCE,1060021440.0,754.3681640625,0.1529639661312103,3.053782447738191e-06,COMPLETE_GEE_COPERNICUS_DEM_GLO30_LOCALITY_SAMPLE
CTR-LOC-022,Binguela,village,Centre,Mfoundi,11.4054985,3.7565823,OSM Overpass,,,Binguela|3.7565823|11.4054985,3.8000000000000034,11.399999999999997,3.775000000000004,11.425000000000013,0.04376448532246605,0.026823873238976045,WITHIN_TOLERANCE,WITHIN_TOLERANCE,1060021440.0,735.6721801757812,0.1529639661312103,1.1834044252972597e-06,COMPLETE_GEE_COPERNICUS_DEM_GLO30_LOCALITY_SAMPLE
CTR-LOC-023,Leboudi II,village,Centre,Mfoundi,11.4462701,3.9213197,OSM Overpass,,,Leboudi II|3.9213197|11.4462701,3.9000000000000035,11.399999999999997,3.9250000000000034,11.425000000000013,0.050945576472350526,0.0215861474584847,WITHIN_TOLERANCE,WITHIN_TOLERANCE,1060021440.0,783.7747802734375,0.1529639661312103,1.5619778875227538e-06,COMPLETE_GEE_COPERNICUS_DEM_GLO30_LOCALITY_SAMPLE
CTR-LOC-024,Ayéné,neighbourhood,Centre,Mfoundi,11.519387,3.8411969,OSM Overpass,,,Ayéné|3.8411969|11.5193870,3.8000000000000034,11.499999999999996,3.8250000000000037,11.525000000000015,0.04553065273647913,0.01714191758847415,WITHIN_TOLERANCE,WITHIN_TOLERANCE,1060021440.0,704.769287109375,0.1529639661312103,2.1194354437030716e-06,COMPLETE_GEE_COPERNICUS_DEM_GLO30_LOCALITY_SAMPLE
CTR-LOC-025,NKolmbong Bethanie,neighbourhood,Centre,Mfoundi,11.5428623,3.9321168,OSM Overpass,,,NKolmbong Bethanie|3.9321168|11.5428623,3.9000000000000035,11.499999999999996,3.9250000000000034,11.525000000000015,0.05355992535030317,0.019227860087108372,WITHIN_TOLERANCE,WITHIN_TOLERANCE,1061032520.0,673.12353515625,0.1529639661312103,2.431745886449123e-06,COMPLETE_GEE_COPERNICUS_DEM_GLO30_LOCALITY_SAMPLE
CTR-LOC-026,Nkolkos,village,Centre,Mfoundi,11.4064282,3.9091262,OSM Overpass,,,Nkolkos|3.9091262|11.4064282,3.9000000000000035,11.399999999999997,3.9250000000000034,11.425000000000013,0.011162852757247549,0.02443131764110498,WITHIN_TOLERANCE,WITHIN_TOLERANCE,1060021440.0,774.806884765625,0.1529639661312103,2.2088586833768935e-06,COMPLETE_GEE_COPERNICUS_DEM_GLO30_LOCALITY_SAMPLE
CTR-LOC-027,Nkolbisson,village,Centre,Mfoundi,11.4525933,3.8745876,OSM Overpass,,,Nkolbisson|3.8745876|11.4525933,3.9000000000000035,11.499999999999996,3.8750000000000036,11.475000000000014,0.05378833775689508,0.0224104948327924,WITHIN_TOLERANCE,WITHIN_TOLERANCE,1060021440.0,714.609130859375,0.1529639661312103,1.7232052112118413e-06,COMPLETE_GEE_COPERNICUS_DEM_GLO30_LOCALITY_SAMPLE
CTR-LOC-028,Minkoameyos,village,Centre,Mfoundi,11.4314171,3.8758495,OSM Overpass,,,Minkoameyos|3.8758495|11.4314171,3.9000000000000035,11.399999999999997,3.8750000000000036,11.425000000000013,0.03962676901616401,0.006473084478039578,WITHIN_TOLERANCE,WITHIN_TOLERANCE,1060021440.0,738.2661743164062,0.1529639661312103,1.6867261202569305e-06,COMPLETE_GEE_COPERNICUS_DEM_GLO30_LOCALITY_SAMPLE
CTR-LOC-029,Ngoya III,village,Centre,Mfoundi,11.4714617,3.9219322,OSM Overpass,,,Ngoya III|3.9219322|11.4714617,3.9000000000000035,11.499999999999996,3.9250000000000034,11.475000000000014,0.03599244314754982,0.004683050686263477,WITHIN_TOLERANCE,WITHIN_TOLERANCE,1060021440.0,883.401123046875,0.1529639661312103,1.3656779604333967e-06,COMPLETE_GEE_COPERNICUS_DEM_GLO30_LOCALITY_SAMPLE
CTR-LOC-030,Akak,village,Centre,Mfoundi,11.6205812,3.9107286,OSM Overpass,,,Akak|3.9107286|11.6205812,3.9000000000000035,11.599999999999996,3.9250000000000034,11.625000000000016,0.023209667197099052,0.014939834383293311,WITHIN_TOLERANCE,WITHIN_TOLERANCE,1061032520.0,664.2512817382812,0.1529639661312103,1.5953234512103147e-06,COMPLETE_GEE_COPERNICUS_DEM_GLO30_LOCALITY_SAMPLE
CTR-LOC-031,Akok,village,Centre,Mfoundi,11.6363315,3.8566885,OSM Overpass,,,Akok|3.8566885|11.6363315,3.9000000000000035,11.599999999999996,3.8750000000000036,11.625000000000016,0.05653197258632163,0.021534017843862236,WITHIN_TOLERANCE,WITHIN_TOLERANCE,1061032520.0,666.8350219726562,0.1529639661312103,1.4290376726081433e-06,COMPLETE_GEE_COPERNICUS_DEM_GLO30_LOCALITY_SAMPLE
CTR-LOC-032,Ebolmadzom,village,Centre,Mfoundi,11.6259076,3.8763185,OSM Overpass,,,Ebolmadzom|3.8763185|11.6259076,3.9000000000000035,11.599999999999996,3.8750000000000036,11.625000000000016,0.03510010227920069,0.0016006811081414759,WITHIN_TOLERANCE,WITHIN_TOLERANCE,1061032520.0,665.04345703125,0.1529639661312103,1.1529853535671634e-06,COMPLETE_GEE_COPERNICUS_DEM_GLO30_LOCALITY_SAMPLE
CTR-LOC-033,Essabak,village,Centre,Mfoundi,11.6192637,3.8246772,OSM Overpass,,,Essabak|3.8246772|11.6192637,3.8000000000000034,11.599999999999996,3.8250000000000037,11.625000000000016,0.03130581954732956,0.00574537531673889,WITHIN_TOLERANCE,WITHIN_TOLERANCE,1061032520.0,717.8966064453125,0.1529639661312103,1.4898266667366612e-06,COMPLETE_GEE_COPERNICUS_DEM_GLO30_LOCALITY_SAMPLE
CTR-LOC-034,Ntouessong IV,village,Centre,Mfoundi,11.6082267,3.9220845,OSM Overpass,,,Ntouessong IV|3.9220845|11.6082267,3.9000000000000035,11.599999999999996,3.9250000000000034,11.625000000000016,0.023567005179697762,0.0170247975947021,WITHIN_TOLERANCE,WITHIN_TOLERANCE,1061032520.0,699.501953125,0.1529639661312103,1.97887767790339e-06,COMPLETE_GEE_COPERNICUS_DEM_GLO30_LOCALITY_SAMPLE
CTR-LOC-035,Ongandi,village,Centre,Mfoundi,11.646782,3.8951169,OSM Overpass,,,Ongandi|3.8951169|11.6467820,3.9000000000000035,11.599999999999996,3.8750000000000036,11.625000000000016,0.047036158321129874,0.029650382621631773,WITHIN_TOLERANCE,WITHIN_TOLERANCE,1061032520.0,666.6077270507812,0.1529639661312103,2.5146334289366395e-06,COMPLETE_GEE_COPERNICUS_DEM_GLO30_LOCALITY_SAMPLE
CTR-LOC-036,Ovangou,village,Centre,Mfoundi,11.6456496,3.8787913,OSM Overpass,,,Ovangou|3.8787913|11.6456496,3.9000000000000035,11.599999999999996,3.8750000000000036,11.625000000000016,0.05033582159705497,0.020994759723543716,WITHIN_TOLERANCE,WITHIN_TOLERANCE,1061032520.0,647.7040405273438,0.1529639661312103,2.7773990907109916e-06,COMPLETE_GEE_COPERNICUS_DEM_GLO30_LOCALITY_SAMPLE
CTR-LOC-037,Ting,village,Centre,Mfoundi,11.6397986,3.8956363,OSM Overpass,,,Ting|3.8956363|11.6397986,3.9000000000000035,11.599999999999996,3.8750000000000036,11.625000000000016,0.040037113278187195,0.025394004009793372,WITHIN_TOLERANCE,WITHIN_TOLERANCE,1061032520.0,653.177978515625,0.1529639661312103,2.099243042822083e-06,COMPLETE_GEE_COPERNICUS_DEM_GLO30_LOCALITY_SAMPLE
CTR-LOC-038,Assok,village,Centre,Mfoundi,11.6072886,3.8272445,OSM Overpass,,,Assok|3.8272445|11.6072886,3.8000000000000034,11.599999999999996,3.8250000000000037,11.625000000000016,0.028202596869967053,0.01785305212591212,WITHIN_TOLERANCE,WITHIN_TOLERANCE,1061032520.0,729.2957153320312,0.1529639661312103,2.251136959624743e-06,COMPLETE_GEE_COPERNICUS_DEM_GLO30_LOCALITY_SAMPLE
CTR-LOC-039,Ayéné,village,Centre,Mfoundi,11.5945465,3.8114995,OSM Overpass,,,Ayéné|3.8114995|11.5945465,3.8000000000000034,11.599999999999996,3.8250000000000037,11.575000000000015,0.012727103460720438,0.023755613284011365,WITHIN_TOLERANCE,WITHIN_TOLERANCE,1060021440.0,737.5418701171875,0.1529639661312103,2.038220933515514e-06,COMPLETE_GEE_COPERNICUS_DEM_GLO30_LOCALITY_SAMPLE
CTR-LOC-040,Bibong,village,Centre,Mfoundi,11.4300058,3.8003432,OSM Overpass,,,Bibong|3.8003432|11.4300058,3.8000000000000034,11.399999999999997,3.8250000000000037,11.425000000000013,0.03000776266035489,0.025159805640744846,WITHIN_TOLERANCE,WITHIN_TOLERANCE,1060021440.0,732.3492431640625,0.1529639661312103,1.777360918986525e-06,COMPLETE_GEE_COPERNICUS_DEM_GLO30_LOCALITY_SAMPLE
CTR-LOC-041,Ekoumdoum,village,Centre,Mfoundi,11.5598675,3.8045452,OSM Overpass,,,Ekoumdoum|3.8045452|11.5598675,3.8000000000000034,11.599999999999996,3.8250000000000037,11.575000000000015,0.04038906286718861,0.02544388726768433,WITHIN_TOLERANCE,WITHIN_TOLERANCE,1060021440.0,717.3427124023438,0.1529639661312103,2.921133933221117e-07,COMPLETE_GEE_COPERNICUS_DEM_GLO30_LOCALITY_SAMPLE
CTR-LOC-042,Eloumden I,village,Centre,Mfoundi,11.4430729,3.8135491,OSM Overpass,,,Eloumden I|3.8135491|11.4430729,3.8000000000000034,11.399999999999997,3.8250000000000037,11.425000000000013,0.045153657938424414,0.021395158920177154,WITHIN_TOLERANCE,WITHIN_TOLERANCE,1060021440.0,756.7421264648438,0.1529639661312103,1.84725635304246e-06,COMPLETE_GEE_COPERNICUS_DEM_GLO30_LOCALITY_SAMPLE
CTR-LOC-043,Eloumden II,village,Centre,Mfoundi,11.4382066,3.8392121,OSM Overpass,,,Eloumden II|3.8392121|11.4382066,3.8000000000000034,11.399999999999997,3.8250000000000037,11.425000000000013,0.05474790470849018,0.019400981159970413,WITHIN_TOLERANCE,WITHIN_TOLERANCE,1060021440.0,768.9069213867188,0.1529639661312103,2.419601463305852e-06,COMPLETE_GEE_COPERNICUS_DEM_GLO30_LOCALITY_SAMPLE
CTR-LOC-044,Etoa,village,Centre,Mfoundi,11.4813772,3.7745201,OSM Overpass,,,Etoa|3.7745201|11.4813772,3.8000000000000034,11.499999999999996,3.775000000000004,11.475000000000014,0.031560006081273254,0.006395231336694253,WITHIN_TOLERANCE,WITHIN_TOLERANCE,1060021440.0,685.4287719726562,0.1529639661312103,2.1300188882712537e-06,COMPLETE_GEE_COPERNICUS_DEM_GLO30_LOCALITY_SAMPLE
CTR-LOC-045,Etoud,village,Centre,Mfoundi,11.423971,3.9068261,OSM Overpass,,,Etoud|3.9068261|11.4239710,3.9000000000000035,11.399999999999997,3.9250000000000034,11.425000000000013,0.02492397404528619,0.018203007504534824,WITHIN_TOLERANCE,WITHIN_TOLERANCE,1060021440.0,771.7210693359375,0.1529639661312103,2.0176860986855016e-06,COMPLETE_GEE_COPERNICUS_DEM_GLO30_LOCALITY_SAMPLE
CTR-LOC-046,Lada I,village,Centre,Mfoundi,11.5957436,3.8357559,OSM Overpass,,,Lada I|3.8357559|11.5957436,3.8000000000000034,11.599999999999996,3.8250000000000037,11.575000000000015,0.03600835077825321,0.02336635028773874,WITHIN_TOLERANCE,WITHIN_TOLERANCE,1060021440.0,730.9367065429688,0.1529639661312103,2.1498929892765756e-06,COMPLETE_GEE_COPERNICUS_DEM_GLO30_LOCALITY_SAMPLE
CTR-LOC-047,Mbadoumou,village,Centre,Mfoundi,11.4534483,3.7906481,OSM Overpass,,,Mbadoumou|3.7906481|11.4534483,3.8000000000000034,11.499999999999996,3.775000000000004,11.475000000000014,0.047481773413592644,0.026633415224121725,WITHIN_TOLERANCE,WITHIN_TOLERANCE,1060021440.0,712.1513061523438,0.1529639661312103,2.8008699957952426e-06,COMPLETE_GEE_COPERNICUS_DEM_GLO30_LOCALITY_SAMPLE
CTR-LOC-048,Mbalngong,village,Centre,Mfoundi,11.4684108,3.8031795,OSM Overpass,,,Mbalngong|3.8031795|11.4684108,3.8000000000000034,11.499999999999996,3.8250000000000037,11.475000000000014,0.031748807487680705,0.022793678441408925,WITHIN_TOLERANCE,WITHIN_TOLERANCE,1060021440.0,677.9591674804688,0.1529639661312103,1.1921805577288016e-06,COMPLETE_GEE_COPERNICUS_DEM_GLO30_LOCALITY_SAMPLE
CTR-LOC-049,Mebandan,village,Centre,Mfoundi,11.5251152,3.7658934,OSM Overpass,,,Mebandan|3.7658934|11.5251152,3.8000000000000034,11.499999999999996,3.775000000000004,11.525000000000015,0.042356031856164454,0.009107328620406141,WITHIN_TOLERANCE,WITHIN_TOLERANCE,1060021440.0,676.8704833984375,0.1529639661312103,2.237022947316419e-06,COMPLETE_GEE_COPERNICUS_DEM_GLO30_LOCALITY_SAMPLE
CTR-LOC-050,Meyo,village,Centre,Mfoundi,11.5049433,3.7809714,OSM Overpass,,,Meyo|3.7809714|11.5049433,3.8000000000000034,11.499999999999996,3.775000000000004,11.525000000000015,0.019660209379611805,0.020926749218416738,WITHIN_TOLERANCE,WITHIN_TOLERANCE,1060021440.0,719.6569213867188,0.1529639661312103,1.9120098338085028e-06,COMPLETE_GEE_COPERNICUS_DEM_GLO30_LOCALITY_SAMPLE
CTR-LOC-051,Métak,village,Centre,Mfoundi,11.441337,3.934013,OSM Overpass,,,Métak|3.9340130|11.4413370,3.9000000000000035,11.399999999999997,3.9250000000000034,11.425000000000013,0.0535315956982426,0.018658288721089565,WITHIN_TOLERANCE,WITHIN_TOLERANCE,1060021440.0,797.6356201171875,0.1529639661312103,2.8163528623216554e-06,COMPLETE_GEE_COPERNICUS_DEM_GLO30_LOCALITY_SAMPLE
CTR-LOC-052,Ndong,village,Centre,Mfoundi,11.5778136,3.7873141,OSM Overpass,,,Ndong|3.7873141|11.5778136,3.8000000000000034,11.599999999999996,3.775000000000004,11.575000000000015,0.02555715954032994,0.012631445038863326,WITHIN_TOLERANCE,WITHIN_TOLERANCE,1060021440.0,709.4996337890625,0.1529639661312103,1.8458218894932121e-06,COMPLETE_GEE_COPERNICUS_DEM_GLO30_LOCALITY_SAMPLE
CTR-LOC-053,Nkolafémé,village,Centre,Mfoundi,11.4519857,3.8938579,OSM Overpass,,,Nkolafémé|3.8938579|11.4519857,3.9000000000000035,11.499999999999996,3.8750000000000036,11.475000000000014,0.048405561631900504,0.02975362829808343,WITHIN_TOLERANCE,WITHIN_TOLERANCE,1060021440.0,731.0676879882812,0.1529639661312103,2.4322654995261653e-06,COMPLETE_GEE_COPERNICUS_DEM_GLO30_LOCALITY_SAMPLE
CTR-LOC-054,Nkolndan,village,Centre,Mfoundi,11.5372761,3.7553936,OSM Overpass,,,Nkolndan|3.7553936|11.5372761,3.8000000000000034,11.499999999999996,3.775000000000004,11.525000000000015,0.05813121839571689,0.023132521526409176,WITHIN_TOLERANCE,WITHIN_TOLERANCE,1060021440.0,697.847900390625,0.1529639661312103,1.720712531684027e-06,COMPLETE_GEE_COPERNICUS_DEM_GLO30_LOCALITY_SAMPLE
CTR-LOC-055,Nkolngok,village,Centre,Mfoundi,11.5596925,3.7676118,OSM Overpass,,,Nkolngok|3.7676118|11.5596925,3.8000000000000034,11.599999999999996,3.775000000000004,11.575000000000015,0.05170773690164608,0.016997207285036748,WITHIN_TOLERANCE,WITHIN_TOLERANCE,1060021440.0,708.2504272460938,0.1529639661312103,1.6015708468775538e-06,COMPLETE_GEE_COPERNICUS_DEM_GLO30_LOCALITY_SAMPLE
CTR-LOC-056,Nkolo,village,Centre,Mfoundi,11.5715496,3.8551138,OSM Overpass,,,Nkolo|3.8551138|11.5715496,3.9000000000000035,11.599999999999996,3.8750000000000036,11.575000000000015,0.05314316711111651,0.020183315153865285,WITHIN_TOLERANCE,WITHIN_TOLERANCE,1060021440.0,703.2238159179688,0.1529639661312103,2.0668752370190645e-06,COMPLETE_GEE_COPERNICUS_DEM_GLO30_LOCALITY_SAMPLE
CTR-LOC-057,Nkombassi,village,Centre,Mfoundi,11.5997445,3.8616003,OSM Overpass,,,Nkombassi|3.8616003|11.5997445,3.9000000000000035,11.599999999999996,3.8750000000000036,11.575000000000015,0.03840055000049161,0.028139691546627366,WITHIN_TOLERANCE,WITHIN_TOLERANCE,1061032520.0,687.3878173828125,0.1529639661312103,1.0535740371337528e-06,COMPLETE_GEE_COPERNICUS_DEM_GLO30_LOCALITY_SAMPLE
CTR-LOC-058,Nkongoa,village,Centre,Mfoundi,11.6007713,3.8091614,OSM Overpass,,,Nkongoa|3.8091614|11.6007713,3.8000000000000034,11.599999999999996,3.8250000000000037,11.625000000000016,0.009193810616384293,0.028946349573839254,WITHIN_TOLERANCE,WITHIN_TOLERANCE,1061032520.0,733.78076171875,0.1529639661312103,1.3168942466206697e-06,COMPLETE_GEE_COPERNICUS_DEM_GLO30_LOCALITY_SAMPLE
CTR-LOC-059,Nkoulou,village,Centre,Mfoundi,11.5715556,3.798502,OSM Overpass,,,Nkoulou|3.7985020|11.5715556,3.8000000000000034,11.599999999999996,3.775000000000004,11.575000000000015,0.028483818131700516,0.02375306075771971,WITHIN_TOLERANCE,WITHIN_TOLERANCE,1060021440.0,711.7577514648438,0.1529639661312103,1.5223302050560621e-06,COMPLETE_GEE_COPERNICUS_DEM_GLO30_LOCALITY_SAMPLE
CTR-LOC-060,Nomayos I,village,Centre,Mfoundi,11.4446942,3.7700984,OSM Overpass,,,Nomayos I|3.7700984|11.4446942,3.8000000000000034,11.399999999999997,3.775000000000004,11.425000000000013,0.05377431725462016,0.020295004217776025,WITHIN_TOLERANCE,WITHIN_TOLERANCE,1060021440.0,732.4352416992188,0.1529639661312103,1.126059450219785e-06,COMPLETE_GEE_COPERNICUS_DEM_GLO30_LOCALITY_SAMPLE
CTR-LOC-061,Nouma,village,Centre,Mfoundi,11.4283099,3.9596957,OSM Overpass,,,Nouma|3.9596957|11.4283099,4.0000000000000036,11.399999999999997,3.975000000000003,11.425000000000013,0.049253294676604886,0.015658130044804472,WITHIN_TOLERANCE,WITHIN_TOLERANCE,1060021440.0,793.11962890625,0.1529639661312103,7.420826749982337e-07,COMPLETE_GEE_COPERNICUS_DEM_GLO30_LOCALITY_SAMPLE
CTR-LOC-062,Odza I,village,Centre,Mfoundi,11.521242,3.798985,OSM Overpass,,,Odza I|3.7989850|11.5212420,3.8000000000000034,11.499999999999996,3.775000000000004,11.525000000000015,0.021266235891670975,0.024277619096606615,WITHIN_TOLERANCE,WITHIN_TOLERANCE,1060021440.0,705.3115844726562,0.1529639661312103,5.920452645133409e-07,COMPLETE_GEE_COPERNICUS_DEM_GLO30_LOCALITY_SAMPLE
CTR-LOC-063,Odza II,village,Centre,Mfoundi,11.5276866,3.7810215,OSM Overpass,,,Odza II|3.7810215|11.5276866,3.8000000000000034,11.499999999999996,3.775000000000004,11.525000000000015,0.033566818166312316,0.006593654662618475,WITHIN_TOLERANCE,WITHIN_TOLERANCE,1060021440.0,697.548095703125,0.1529639661312103,2.0250583778906174e-06,COMPLETE_GEE_COPERNICUS_DEM_GLO30_LOCALITY_SAMPLE
CTR-LOC-064,Ozom II,village,Centre,Mfoundi,11.4120849,3.8859691,OSM Overpass,,,Ozom II|3.8859691|11.4120849,3.9000000000000035,11.399999999999997,3.8750000000000036,11.425000000000013,0.018517855243525696,0.01694464407475895,WITHIN_TOLERANCE,WITHIN_TOLERANCE,1060021440.0,733.137939453125,0.1529639661312103,1.4353037801166557e-06,COMPLETE_GEE_COPERNICUS_DEM_GLO30_LOCALITY_SAMPLE
CTR-LOC-065,Vian,village,Centre,Mfoundi,11.6096904,3.7703364,OSM Overpass,,,Vian|3.7703364|11.6096904,3.8000000000000034,11.599999999999996,3.775000000000004,11.625000000000016,0.031206297715689772,0.016004156245192344,WITHIN_TOLERANCE,WITHIN_TOLERANCE,1060021440.0,721.1119995117188,0.1529639661312103,2.2129377717423485e-06,COMPLETE_GEE_COPERNICUS_DEM_GLO30_LOCALITY_SAMPLE
CTR-LOC-066,Ekombitié,village,Centre,Mfoundi,11.5242229,3.9374,OSM Overpass,,,Ekombitié|3.9374000|11.5242229,3.9000000000000035,11.499999999999996,3.9250000000000034,11.525000000000015,0.044559049410976985,0.012424326316140202,WITHIN_TOLERANCE,WITHIN_TOLERANCE,1061032520.0,700.08056640625,0.1529639661312103,1.785423959574512e-06,COMPLETE_GEE_COPERNICUS_DEM_GLO30_LOCALITY_SAMPLE
CTR-LOC-067,Nkolondon II,village,Centre,Mfoundi,11.5049042,3.9480292,OSM Overpass,,,Nkolondon II|3.9480292|11.5049042,3.9000000000000035,11.499999999999996,3.9250000000000034,11.525000000000015,0.04827893153622725,0.030564443889598603,WITHIN_TOLERANCE,EXCEEDS_0.03_DEG,1061032520.0,849.9185180664062,0.1529639661312103,9.140603136402514e-07,COMPLETE_GEE_COPERNICUS_DEM_GLO30_LOCALITY_SAMPLE
CTR-LOC-068,Nyom I,village,Centre,Mfoundi,11.5158053,3.9383006,OSM Overpass,,,Nyom I|3.9383006|11.5158053,3.9000000000000035,11.499999999999996,3.9250000000000034,11.525000000000015,0.041433603131393736,0.01616936821431712,WITHIN_TOLERANCE,WITHIN_TOLERANCE,1061032520.0,735.2326049804688,0.1529639661312103,1.555459923111442e-06,COMPLETE_GEE_COPERNICUS_DEM_GLO30_LOCALITY_SAMPLE
CTR-LOC-069,Nyom II,village,Centre,Mfoundi,11.5171054,3.9706358,OSM Overpass,,,Nyom II|3.9706358|11.5171054,4.0000000000000036,11.499999999999996,3.975000000000003,11.525000000000015,0.03398309801651883,0.009020584836930141,WITHIN_TOLERANCE,WITHIN_TOLERANCE,1061032520.0,684.7448120117188,0.1529639661312103,2.1736997560295644e-06,COMPLETE_GEE_COPERNICUS_DEM_GLO30_LOCALITY_SAMPLE
CTR-LOC-070,Olembé I,village,Centre,Mfoundi,11.5322421,3.9557785,OSM Overpass,,,Olembé I|3.9557785|11.5322421,4.0000000000000036,11.499999999999996,3.975000000000003,11.525000000000015,0.05472745266007275,0.020540547087648405,WITHIN_TOLERANCE,WITHIN_TOLERANCE,1061032520.0,686.53857421875,0.1529639661312103,1.8108168279056744e-06,COMPLETE_GEE_COPERNICUS_DEM_GLO30_LOCALITY_SAMPLE
CTR-LOC-071,Olembé II,village,Centre,Mfoundi,11.5429716,3.9608598,OSM Overpass,,,Olembé II|3.9608598|11.5429716,4.0000000000000036,11.499999999999996,3.975000000000003,11.525000000000015,0.05812498311914192,0.022867524190422244,WITHIN_TOLERANCE,WITHIN_TOLERANCE,1061032520.0,680.558837890625,0.1529639661312103,8.654008979117223e-07,COMPLETE_GEE_COPERNICUS_DEM_GLO30_LOCALITY_SAMPLE
CTR-LOC-072,Ebemebang,village,Centre,Mfoundi,11.6249212,3.9619586,OSM Overpass,,,Ebemebang|3.9619586|11.6249212,4.0000000000000036,11.599999999999996,3.975000000000003,11.625000000000016,0.045477624425649475,0.013041638064295685,WITHIN_TOLERANCE,WITHIN_TOLERANCE,1061032520.0,656.1898193359375,0.1529639661312103,1.7437012739144055e-06,COMPLETE_GEE_COPERNICUS_DEM_GLO30_LOCALITY_SAMPLE
CTR-LOC-073,Ebogo I,village,Centre,Mfoundi,11.5889804,3.9527592,OSM Overpass,,,Ebogo I|3.9527592|11.5889804,4.0000000000000036,11.599999999999996,3.975000000000003,11.575000000000015,0.04850901739677104,0.02626984523745293,WITHIN_TOLERANCE,WITHIN_TOLERANCE,1061032520.0,651.685302734375,0.1529639661312103,2.0304232988361885e-06,COMPLETE_GEE_COPERNICUS_DEM_GLO30_LOCALITY_SAMPLE
CTR-LOC-074,Ntouessong VI,village,Centre,Mfoundi,11.6100806,3.9391244,OSM Overpass,,,Ntouessong VI|3.9391244|11.6100806,3.9000000000000035,11.599999999999996,3.9250000000000034,11.625000000000016,0.04040219265980244,0.020544760201092197,WITHIN_TOLERANCE,WITHIN_TOLERANCE,1061032520.0,681.5730590820312,0.1529639661312103,1.036892095335966e-06,COMPLETE_GEE_COPERNICUS_DEM_GLO30_LOCALITY_SAMPLE
CTR-LOC-075,Ntouessong VII,village,Centre,Mfoundi,11.6096541,3.9262853,OSM Overpass,,,Ntouessong VII|3.9262853|11.6096541,3.9000000000000035,11.599999999999996,3.9250000000000034,11.625000000000016,0.028002118543065557,0.015399631258587846,WITHIN_TOLERANCE,WITHIN_TOLERANCE,1061032520.0,689.8494873046875,0.1529639661312103,2.4554461676495698e-06,COMPLETE_GEE_COPERNICUS_DEM_GLO30_LOCALITY_SAMPLE
CTR-LOC-076,Nkolfoulou I,village,Centre,Mfoundi,11.5707817,3.9137897,OSM Overpass,,,Nkolfoulou I|3.9137897|11.5707817,3.9000000000000035,11.599999999999996,3.9250000000000034,11.575000000000015,0.032308897860801586,0.011977682621450837,WITHIN_TOLERANCE,WITHIN_TOLERANCE,1061032520.0,677.276611328125,0.1529639661312103,1.7327348967484806e-06,COMPLETE_GEE_COPERNICUS_DEM_GLO30_LOCALITY_SAMPLE
CTR-LOC-077,Carrefour Nsam,neighbourhood,Centre,Mfoundi,11.5077463,3.8267352,OSM Overpass,,,Carrefour Nsam|3.8267352|11.5077463,3.8000000000000034,11.499999999999996,3.8250000000000037,11.525000000000015,0.027834799850724314,0.01734073478058122,WITHIN_TOLERANCE,WITHIN_TOLERANCE,1060021440.0,736.7852783203125,0.1529639661312103,2.1799235241563804e-06,COMPLETE_GEE_COPERNICUS_DEM_GLO30_LOCALITY_SAMPLE
CTR-LOC-078,Simbock,neighbourhood,Centre,Mfoundi,11.4731585,3.8209702,OSM Overpass,,,Simbock|3.8209702|11.4731585,3.8000000000000034,11.499999999999996,3.8250000000000037,11.475000000000014,0.0340619349169958,0.004430621885252609,WITHIN_TOLERANCE,WITHIN_TOLERANCE,1060021440.0,721.8486938476562,0.1529639661312103,2.6418209440826556e-06,COMPLETE_GEE_COPERNICUS_DEM_GLO30_LOCALITY_SAMPLE
CTR-LOC-079,Nkolessong,village,Centre,Mfoundi,11.4816419,3.9639362,OSM Overpass,,,Nkolessong|3.9639362|11.4816419,4.0000000000000036,11.499999999999996,3.975000000000003,11.475000000000014,0.04046748702415481,0.012904359962814166,WITHIN_TOLERANCE,WITHIN_TOLERANCE,1061032520.0,807.1720581054688,0.1529639661312103,8.480843276791737e-07,COMPLETE_GEE_COPERNICUS_DEM_GLO30_LOCALITY_SAMPLE
CTR-LOC-080,Okoui chefferie,neighbourhood,Centre,Mfoundi,11.5596815,3.8427408,OSM Overpass,,,Okoui chefferie|3.8427408|11.5596815,3.8000000000000034,11.599999999999996,3.8250000000000037,11.575000000000015,0.058756764945743965,0.023439121717554603,WITHIN_TOLERANCE,WITHIN_TOLERANCE,1060021440.0,716.480712890625,0.1529639661312103,1.8671379681628185e-06,COMPLETE_GEE_COPERNICUS_DEM_GLO30_LOCALITY_SAMPLE
CTR-LOC-081,Ekong,village,Centre,Mfoundi,11.4601706,3.9428242,OSM Overpass,,,Ekong|3.9428242|11.4601706,3.9000000000000035,11.499999999999996,3.9250000000000034,11.475000000000014,0.05848327290772506,0.023186487659848373,WITHIN_TOLERANCE,WITHIN_TOLERANCE,1060021440.0,805.6478271484375,0.1529639661312103,2.1336991050751624e-06,COMPLETE_GEE_COPERNICUS_DEM_GLO30_LOCALITY_SAMPLE
CTR-LOC-082,Leboudi I,village,Centre,Mfoundi,11.464169,3.931219,OSM Overpass,,,Leboudi I|3.9312190|11.4641690,3.9000000000000035,11.499999999999996,3.9250000000000034,11.475000000000014,0.04752353650560453,0.012489456433338372,WITHIN_TOLERANCE,WITHIN_TOLERANCE,1060021440.0,787.4507446289062,0.1529639661312103,1.473872862675126e-06,COMPLETE_GEE_COPERNICUS_DEM_GLO30_LOCALITY_SAMPLE
CTR-LOC-083,Zalom,village,Centre,Mfoundi,11.6188037,3.8051106,OSM Overpass,,,Zalom|3.8051106|11.6188037,3.8000000000000034,11.599999999999996,3.8250000000000037,11.625000000000016,0.019485824746470017,0.02083224342336514,WITHIN_TOLERANCE,WITHIN_TOLERANCE,1061032520.0,720.5972290039062,0.1529639661312103,1.0175452964447833e-06,COMPLETE_GEE_COPERNICUS_DEM_GLO30_LOCALITY_SAMPLE
CTR-LOC-084,Mendong,village,Centre,Mfoundi,11.6265392,3.7853164,OSM Overpass,,,Mendong|3.7853164|11.6265392,3.8000000000000034,11.599999999999996,3.775000000000004,11.625000000000016,0.030330467282920232,0.010430591814459643,WITHIN_TOLERANCE,WITHIN_TOLERANCE,1060021440.0,726.0537109375,0.1529639661312103,1.2109842713328926e-06,COMPLETE_GEE_COPERNICUS_DEM_GLO30_LOCALITY_SAMPLE
CTR-LOC-085,Etoubou,village,Centre,Mfoundi,11.630187,3.7769126,OSM Overpass,,,Etoubou|3.7769126|11.6301870,3.8000000000000034,11.599999999999996,3.775000000000004,11.625000000000016,0.03800372360388317,0.0055283820200682145,WITHIN_TOLERANCE,WITHIN_TOLERANCE,1060021440.0,708.70361328125,0.1529639661312103,5.514252040306253e-07,COMPLETE_GEE_COPERNICUS_DEM_GLO30_LOCALITY_SAMPLE
CTR-LOC-086,Kondo-Medzap,village,Centre,Mfoundi,11.5706742,3.755876,OSM Overpass,,,Kondo-Medzap|3.7558760|11.5706742,3.8000000000000034,11.599999999999996,3.775000000000004,11.575000000000015,0.05298046735958546,0.019607139557831502,WITHIN_TOLERANCE,WITHIN_TOLERANCE,1060021440.0,694.35400390625,0.1529639661312103,2.694684562775931e-06,COMPLETE_GEE_COPERNICUS_DEM_GLO30_LOCALITY_SAMPLE
CTR-LOC-087,Méhandann I,village,Centre,Mfoundi,11.550107,3.7819335,OSM Overpass,,,Méhandann I|3.7819335|11.5501070,3.8000000000000034,11.599999999999996,3.775000000000004,11.575000000000015,0.05306326291559607,0.025840566387962144,WITHIN_TOLERANCE,WITHIN_TOLERANCE,1060021440.0,703.467041015625,0.1529639661312103,8.837186190391661e-07,COMPLETE_GEE_COPERNICUS_DEM_GLO30_LOCALITY_SAMPLE
CTR-LOC-088,Méhandann II,village,Centre,Mfoundi,11.5469956,3.7768698,OSM Overpass,,,Méhandann II|3.7768698|11.5469956,3.8000000000000034,11.499999999999996,3.775000000000004,11.525000000000015,0.05237931434641497,0.02207493083566459,WITHIN_TOLERANCE,WITHIN_TOLERANCE,1060021440.0,713.7064208984375,0.1529639661312103,2.827154082586336e-06,COMPLETE_GEE_COPERNICUS_DEM_GLO30_LOCALITY_SAMPLE
CTR-LOC-089,Méhandann III,village,Centre,Mfoundi,11.5385199,3.7720202,OSM Overpass,,,Méhandann III|3.7720202|11.5385199,3.8000000000000034,11.499999999999996,3.775000000000004,11.525000000000015,0.047609367818219506,0.01384438167812664,WITHIN_TOLERANCE,WITHIN_TOLERANCE,1060021440.0,692.5272216796875,0.1529639661312103,1.6176244539516378e-06,COMPLETE_GEE_COPERNICUS_DEM_GLO30_LOCALITY_SAMPLE
CTR-LOC-090,Ndjinga,village,Centre,Mfoundi,11.5492701,3.7599656,OSM Overpass,,,Ndjinga|3.7599656|11.5492701,3.8000000000000034,11.499999999999996,3.775000000000004,11.525000000000015,0.06348461181554585,0.028549447234042437,WITHIN_TOLERANCE,WITHIN_TOLERANCE,1060021440.0,710.6181640625,0.1529639661312103,2.8966399569021816e-06,COMPLETE_GEE_COPERNICUS_DEM_GLO30_LOCALITY_SAMPLE
CTR-LOC-091,Entrez Fokou,quarter,Centre,Mfoundi,11.5970019,3.8607827,OSM Overpass,,,Entrez Fokou|3.8607827|11.5970019,3.9000000000000035,11.599999999999996,3.8750000000000036,11.575000000000015,0.03933173302691144,0.026195710009454674,WITHIN_TOLERANCE,WITHIN_TOLERANCE,1061032520.0,694.3509521484375,0.1529639661312103,9.480907985847172e-07,COMPLETE_GEE_COPERNICUS_DEM_GLO30_LOCALITY_SAMPLE
CTR-LOC-092,Nsimiayat,village,Centre,Mfoundi,11.6134608,3.8046074,OSM Overpass,,,Nsimiayat|3.8046074|11.6134608,3.8000000000000034,11.599999999999996,3.8250000000000037,11.625000000000016,0.014227482960808092,0.023430989552311043,WITHIN_TOLERANCE,WITHIN_TOLERANCE,1061032520.0,735.407470703125,0.1529639661312103,3.90614187265857e-07,COMPLETE_GEE_COPERNICUS_DEM_GLO30_LOCALITY_SAMPLE
CTR-LOC-093,Nkolelann,village,Centre,Mfoundi,11.6141581,3.815548,OSM Overpass,,,Nkolelann|3.8155480|11.6141581,3.8000000000000034,11.599999999999996,3.8250000000000037,11.625000000000016,0.021028364168664826,0.014383570475039657,WITHIN_TOLERANCE,WITHIN_TOLERANCE,1061032520.0,734.56298828125,0.1529639661312103,2.612430238837013e-06,COMPLETE_GEE_COPERNICUS_DEM_GLO30_LOCALITY_SAMPLE
CTR-LOC-094,Nzazomo,village,Centre,Mfoundi,11.5696227,3.8332058,OSM Overpass,,,Nzazomo|3.8332058|11.5696227,3.8000000000000034,11.599999999999996,3.8250000000000037,11.575000000000015,0.04500450542922937,0.009810734372619749,WITHIN_TOLERANCE,WITHIN_TOLERANCE,1060021440.0,701.9346313476562,0.1529639661312103,2.2535130039298545e-06,COMPLETE_GEE_COPERNICUS_DEM_GLO30_LOCALITY_SAMPLE
CTR-LOC-095,Lada II,village,Centre,Mfoundi,11.5807807,3.8365618,OSM Overpass,,,Lada II|3.8365618|11.5807807,3.8000000000000034,11.599999999999996,3.8250000000000037,11.575000000000015,0.0413055288276232,0.01292639592963718,WITHIN_TOLERANCE,WITHIN_TOLERANCE,1060021440.0,742.3585815429688,0.1529639661312103,4.297165201597328e-07,COMPLETE_GEE_COPERNICUS_DEM_GLO30_LOCALITY_SAMPLE
CTR-LOC-096,Mvogada,village,Centre,Mfoundi,11.5293118,3.8642733,OSM Overpass,,,Mvogada|3.8642733|11.5293118,3.9000000000000035,11.499999999999996,3.8750000000000036,11.525000000000015,0.046212322081134266,0.011560869869086743,WITHIN_TOLERANCE,WITHIN_TOLERANCE,1060021440.0,737.8049926757812,0.1529639661312103,2.237413455014396e-06,COMPLETE_GEE_COPERNICUS_DEM_GLO30_LOCALITY_SAMPLE
CTR-LOC-097,Mfandéna II,village,Centre,Mfoundi,11.5436603,3.8884196,OSM Overpass,,,Mfandéna II|3.8884196|11.5436603,3.9000000000000035,11.499999999999996,3.8750000000000036,11.525000000000015,0.045169984062986585,0.022984613554493338,WITHIN_TOLERANCE,WITHIN_TOLERANCE,1060021440.0,772.0225219726562,0.1529639661312103,2.2866480995341978e-06,COMPLETE_GEE_COPERNICUS_DEM_GLO30_LOCALITY_SAMPLE
CTR-LOC-098,Nkol-Etonn,village,Centre,Mfoundi,11.5183496,3.8907156,OSM Overpass,,,Nkol-Etonn|3.8907156|11.5183496,3.9000000000000035,11.499999999999996,3.8750000000000036,11.525000000000015,0.020564724737282842,0.017064814781300053,WITHIN_TOLERANCE,WITHIN_TOLERANCE,1060021440.0,732.0176391601562,0.1529639661312103,1.994821600692039e-06,COMPLETE_GEE_COPERNICUS_DEM_GLO30_LOCALITY_SAMPLE
CTR-LOC-099,Tongola-Assi,village,Centre,Mfoundi,11.5244892,3.9061026,OSM Overpass,,,Tongola-Assi|3.9061026|11.5244892,3.9000000000000035,11.499999999999996,3.9250000000000034,11.525000000000015,0.025238118856208677,0.0189043022457889,WITHIN_TOLERANCE,WITHIN_TOLERANCE,1060021440.0,733.3309326171875,0.1529639661312103,1.5066706219832633e-06,COMPLETE_GEE_COPERNICUS_DEM_GLO30_LOCALITY_SAMPLE
CTR-LOC-100,Mbala,village,Centre,Mfoundi,11.5235263,3.8930464,OSM Overpass,,,Mbala|3.8930464|11.5235263,3.9000000000000035,11.499999999999996,3.8750000000000036,11.525000000000015,0.024532414162699804,0.01810647245185838,WITHIN_TOLERANCE,WITHIN_TOLERANCE,1060021440.0,753.2510986328125,0.1529639661312103,1.656141842045019e-06,COMPLETE_GEE_COPERNICUS_DEM_GLO30_LOCALITY_SAMPLE
CTR-LOC-101,Biteng,village,Centre,Mfoundi,11.5566529,3.8514627,OSM Overpass,,,Biteng|3.8514627|11.5566529,3.9000000000000035,11.599999999999996,3.8750000000000036,11.575000000000015,0.06507565266441855,0.02984326673976474,WITHIN_TOLERANCE,WITHIN_TOLERANCE,1060021440.0,733.6129150390625,0.1529639661312103,1.313860128980232e-06,COMPLETE_GEE_COPERNICUS_DEM_GLO30_LOCALITY_SAMPLE
CTR-LOC-102,Nkomo,village,Centre,Mfoundi,11.5514025,3.8404904,OSM Overpass,,,Nkomo|3.8404904|11.5514025,3.8000000000000034,11.599999999999996,3.8250000000000037,11.575000000000015,0.06325495631497473,0.02822754857246039,WITHIN_TOLERANCE,WITHIN_TOLERANCE,1060021440.0,743.6307983398438,0.1529639661312103,1.4074144306763106e-06,COMPLETE_GEE_COPERNICUS_DEM_GLO30_LOCALITY_SAMPLE
CTR-LOC-103,Oyom Abang,quarter,Centre,Mfoundi,11.4696649,3.8797144,OSM Overpass,,,Oyom Abang|3.8797144|11.4696649,3.9000000000000035,11.499999999999996,3.8750000000000036,11.475000000000014,0.036492791882369556,0.0071196109001909974,WITHIN_TOLERANCE,WITHIN_TOLERANCE,1060021440.0,730.1171264648438,0.1529639661312103,2.3400073736612392e-06,COMPLETE_GEE_COPERNICUS_DEM_GLO30_LOCALITY_SAMPLE
CTR-LOC-104,Mbansan,village,Centre,Mfoundi,11.6059201,3.8934522,OSM Overpass,,,Mbansan|3.8934522|11.6059201,3.9000000000000035,11.599999999999996,3.8750000000000036,11.625000000000016,0.00882730246735079,0.026542913721942066,WITHIN_TOLERANCE,WITHIN_TOLERANCE,1061032520.0,702.8047485351562,0.1529639661312103,1.6517973705445907e-06,COMPLETE_GEE_COPERNICUS_DEM_GLO30_LOCALITY_SAMPLE
CTR-LOC-105,Ngona,village,Centre,Mfoundi,11.5894893,3.8905958,OSM Overpass,,,Ngona|3.8905958|11.5894893,3.9000000000000035,11.599999999999996,3.8750000000000036,11.575000000000015,0.014103680091734192,0.021287761557511175,WITHIN_TOLERANCE,WITHIN_TOLERANCE,1061032520.0,730.4400634765625,0.1529639661312103,1.1183609454254226e-06,COMPLETE_GEE_COPERNICUS_DEM_GLO30_LOCALITY_SAMPLE
CTR-LOC-106,EBOGO CITY,neighbourhood,Centre,Mfoundi,11.5001398,3.8544843,OSM Overpass,,,EBOGO CITY|3.8544843|11.5001398,3.9000000000000035,11.499999999999996,3.8750000000000036,11.525000000000015,0.04551591469508548,0.032232336101047476,WITHIN_TOLERANCE,EXCEEDS_0.03_DEG,1060021440.0,753.3277587890625,0.1529639661312103,2.776042042625325e-06,COMPLETE_GEE_COPERNICUS_DEM_GLO30_LOCALITY_SAMPLE
CTR-LOC-107,Obala,town,Centre,,11.5346644,4.1657131,Nominatim,,,Obala|4.1657131|11.5346644,4.200000000000003,11.499999999999996,4.1750000000000025,11.525000000000015,0.04875666250852801,0.013403251059716115,WITHIN_TOLERANCE,WITHIN_TOLERANCE,1061032520.0,542.7601928710938,0.0421559828852751,1.3998963316168834e-06,COMPLETE_GEE_COPERNICUS_DEM_GLO30_LOCALITY_SAMPLE
CTR-LOC-108,Mbalmayo,town,Centre,,11.503114,3.515197,Nominatim,,,Mbalmayo|3.5151970|11.5031140,3.5,11.499999999999996,3.525,11.525000000000015,0.015512762648865171,0.023981155205715813,WITHIN_TOLERANCE,WITHIN_TOLERANCE,1060021440.0,649.1495361328125,0.1529639661312103,2.7082887388792905e-06,COMPLETE_GEE_COPERNICUS_DEM_GLO30_LOCALITY_SAMPLE
CTR-LOC-109,Monatélé,town,Centre,,11.204417,4.258913,Nominatim,,,Monatélé|4.2589130|11.2044170,4.3000000000000025,11.199999999999998,4.275000000000002,11.22500000000001,0.041323739642005336,0.02612377189458915,WITHIN_TOLERANCE,WITHIN_TOLERANCE,1060021500.0,417.83685302734375,0.0421559828852751,2.223063774177463e-06,COMPLETE_GEE_COPERNICUS_DEM_GLO30_LOCALITY_SAMPLE
CTR-LOC-110,Bafia,town,Centre,,11.2205928,4.7399331,Nominatim,,,Bafia|4.7399331|11.2205928,4.700000000000001,11.199999999999998,4.7250000000000005,11.22500000000001,0.044930122272814184,0.015569871144298914,WITHIN_TOLERANCE,WITHIN_TOLERANCE,1061026390.0,478.2553405761719,0.0421559828852751,2.2657604833757335e-06,COMPLETE_GEE_COPERNICUS_DEM_GLO30_LOCALITY_SAMPLE
CTR-LOC-111,Nanga-Eboko,town,Centre,,12.3730806,4.6665934,Nominatim,,,Nanga-Eboko|4.6665934|12.3730806,4.700000000000001,12.399999999999993,4.675000000000001,12.375000000000027,0.04290285561497883,0.008622935690361787,WITHIN_TOLERANCE,WITHIN_TOLERANCE,1061032520.0,611.0707397460938,0.0652785326057291,2.3071289368763854e-06,COMPLETE_GEE_COPERNICUS_DEM_GLO30_LOCALITY_SAMPLE
CTR-LOC-112,Akonolinga,town,Centre,,12.244917,3.77339,Nominatim,,,Akonolinga|3.7733900|12.2449170,3.8000000000000034,12.199999999999994,3.775000000000004,12.225000000000025,0.05220755681891891,0.019981966594882564,WITHIN_TOLERANCE,WITHIN_TOLERANCE,1060021440.0,671.4384765625,0.0138236784467121,1.99561665893255e-06,COMPLETE_GEE_COPERNICUS_DEM_GLO30_LOCALITY_SAMPLE
CTR-LOC-113,Esse,town,Centre,,11.884756,4.096618,Nominatim,,,Esse|4.0966180|11.8847560,4.100000000000003,11.899999999999995,4.075000000000003,11.87500000000002,0.015614655295583223,0.023717450537515585,WITHIN_TOLERANCE,WITHIN_TOLERANCE,1061032520.0,633.48828125,0.0421559828852751,2.1731725206504155e-06,COMPLETE_GEE_COPERNICUS_DEM_GLO30_LOCALITY_SAMPLE
CTR-LOC-114,Ngoumou,town,Centre,,11.3042573,3.5934319,Nominatim,,,Ngoumou|3.5934319|11.3042573,3.600000000000003,11.299999999999997,3.5750000000000046,11.325000000000012,0.007827166850148417,0.027748775484700797,WITHIN_TOLERANCE,WITHIN_TOLERANCE,1060021440.0,685.8528442382812,0.1529639661312103,1.7916418707949912e-06,COMPLETE_GEE_COPERNICUS_DEM_GLO30_LOCALITY_SAMPLE
CTR-LOC-115,Maroua,town,Far North,,14.3281625,10.6033083,Nominatim,,,Maroua|10.6033083|14.3281625,5.0,12.5,4.975,12.475,5.89400051164361,5.925543483196722,EXCEEDS_0.07_DEG,EXCEEDS_0.03_DEG,,398.7610473632813,0.1879784840199231,1.6018231274658999e-06,COMPLETE_GEE_COPERNICUS_DEM_GLO30_LOCALITY_SAMPLE
CTR-LOC-116,Kousseri,town,Far North,,15.0191262,12.0831175,Nominatim,,,Kousseri|12.0831175|15.0191262,5.0,12.5,4.975,12.475,7.517749020174369,7.549696186955651,EXCEEDS_0.07_DEG,EXCEEDS_0.03_DEG,,296.0005798339844,0.0023760993585652,1.539562268281225e-06,COMPLETE_GEE_COPERNICUS_DEM_GLO30_LOCALITY_SAMPLE
CTR-LOC-117,Yagoua,town,Far North,,15.2265866,10.3444296,Nominatim,,,Yagoua|10.3444296|15.2265866,5.0,12.5,4.975,12.475,5.999766848524675,6.0334072501908675,EXCEEDS_0.07_DEG,EXCEEDS_0.03_DEG,,334.0485534667969,0.0152405689255484,1.9495227301816676e-06,COMPLETE_GEE_COPERNICUS_DEM_GLO30_LOCALITY_SAMPLE
CTR-LOC-118,Mora,town,Far North,,14.1342835,11.0484452,Nominatim,,,Mora|11.0484452|14.1342835,5.0,12.5,4.975,12.475,6.265346909451646,6.296027186311642,EXCEEDS_0.07_DEG,EXCEEDS_0.03_DEG,,465.88226318359375,0.0204014675094753,1.6419222053399064e-06,COMPLETE_GEE_COPERNICUS_DEM_GLO30_LOCALITY_SAMPLE
CTR-LOC-119,Kaélé,town,Far North,,14.446062,10.1095738,Nominatim,,,Kaélé|10.1095738|14.4460620,5.0,12.5,4.975,12.475,5.467623041641627,5.499903046008215,EXCEEDS_0.07_DEG,EXCEEDS_0.03_DEG,,372.2665710449219,0.1879784840199231,2.5060290780133455e-06,COMPLETE_GEE_COPERNICUS_DEM_GLO30_LOCALITY_SAMPLE
CTR-LOC-120,Mokolo,town,Far North,,13.798742,10.74103,Nominatim,,,Mokolo|10.7410300|13.7987420,5.0,12.5,4.975,12.475,5.886098558762332,5.916028637816421,EXCEEDS_0.07_DEG,EXCEEDS_0.03_DEG,,795.9888305664062,0.0360344026853191,9.348709145901341e-07,COMPLETE_GEE_COPERNICUS_DEM_GLO30_LOCALITY_SAMPLE
CTR-LOC-121,Waza,town,Far North,,14.568122,11.4004548,Nominatim,,,Waza|11.4004548|14.5681220,5.0,12.5,4.975,12.475,6.726287999612197,6.757782853401481,EXCEEDS_0.07_DEG,EXCEEDS_0.03_DEG,,309.4877319335937,0.0204014675094753,1.9848843553889465e-06,COMPLETE_GEE_COPERNICUS_DEM_GLO30_LOCALITY_SAMPLE
CTR-LOC-122,Guidiguis,town,Far North,,14.707282,10.134949,Nominatim,,,Guidiguis|10.1349490|14.7072820,5.0,12.5,4.975,12.475,5.589257111649544,5.62211318012409,EXCEEDS_0.07_DEG,EXCEEDS_0.03_DEG,,371.0263671875,0.1879784840199231,1.8033471152096524e-06,COMPLETE_GEE_COPERNICUS_DEM_GLO30_LOCALITY_SAMPLE
CTR-LOC-123,Bogo,town,Far North,,14.6813372,10.810658,Nominatim,,,Bogo|10.8106580|14.6813372,5.0,12.5,4.975,12.475,6.206607638079585,6.238816244534522,EXCEEDS_0.07_DEG,EXCEEDS_0.03_DEG,,325.00323486328125,0.1879784840199231,1.1506480375940654e-06,COMPLETE_GEE_COPERNICUS_DEM_GLO30_LOCALITY_SAMPLE
