original_file,confirmed_file,status,start_date,end_date,records,variables,latitude_min,latitude_max,longitude_min,longitude_max,glofas_year_gaps_vs_2015_2025
data_1.nc,GLOFAS_Centre_2020.nc,CONFIRMED_NO_RENAME_APPLIED,2020-01-02,2021-01-01,366,avg_dis,3.525,4.975,10.525,12.475,
data_10.nc,GLOFAS_Centre_2015.nc,CONFIRMED_NO_RENAME_APPLIED,2015-01-02,2016-01-01,365,avg_dis,3.525,4.975,10.525,12.475,
data_11.nc,GLOFAS_Centre_2016.nc,CONFIRMED_NO_RENAME_APPLIED,2016-01-02,2017-01-01,366,avg_dis,3.525,4.975,10.525,12.475,
data_2.nc,GLOFAS_Centre_2019.nc,CONFIRMED_NO_RENAME_APPLIED,2019-01-02,2020-01-01,365,avg_dis,3.525,4.975,10.525,12.475,
data_3.nc,GLOFAS_Centre_2022.nc,CONFIRMED_NO_RENAME_APPLIED,2022-01-02,2023-01-01,365,avg_dis,3.525,4.975,10.525,12.475,
data_4.nc,GLOFAS_Centre_2024.nc,CONFIRMED_NO_RENAME_APPLIED,2024-01-02,2024-12-31,365,avg_dis,3.525,4.975,10.525,12.475,
data_5.nc,GLOFAS_Centre_2021.nc,CONFIRMED_NO_RENAME_APPLIED,2021-01-02,2022-01-01,365,avg_dis,3.525,4.975,10.525,12.475,
data_6.nc,GLOFAS_Centre_2018.nc,CONFIRMED_NO_RENAME_APPLIED,2018-01-02,2019-01-01,365,avg_dis,3.525,4.975,10.525,12.475,
data_7.nc,GLOFAS_Centre_2025.nc,CONFIRMED_NO_RENAME_APPLIED,2025-01-02,2025-12-31,364,avg_dis,3.525,4.975,10.525,12.475,
data_8.nc,GLOFAS_Centre_2023.nc,CONFIRMED_NO_RENAME_APPLIED,2023-01-02,2024-01-01,365,avg_dis,3.525,4.975,10.525,12.475,
data_9.nc,GLOFAS_Centre_2017.nc,CONFIRMED_NO_RENAME_APPLIED,2017-01-02,2018-01-01,365,avg_dis,3.525,4.975,10.525,12.475,
