event_id,event_date,event_end_date,region,division,locality,original_locality,latitude,longitude,severity,confidence,source,geographic_resolution_status,coordinate_basis,geographic_confidence,geographic_source,geographic_precision,era5_extraction_method,geographic_qa_status,geographic_qa_notes,phase2_ready_for_era5
FLD-CMR-2019-001,2019-09,2019-11,Far North,Logone-et-Chari,,,12.083333,14.833333,,MEDIUM,"Cameroon humanitarian bulletin, OCHA (September–November 2019)",RESOLVED_DIVISION_REFERENCE,DIVISION_REFERENCE_POINT,MEDIUM,Geographic Names Server administrative feature for Logone-et-Chari (via Wikidata Q576311): https://www.wikidata.org/wiki/Q576311,DIVISION,NEAREST_GRID_POINT,PASSED_WITH_LOW_PRECISION,"No event locality is supported. The GNS administrative reference is retained as a division-level proxy, not asserted to be a geometric polygon centroid.",true
FLD-CMR-2020-001,2020-07,,Far North,Logone-et-Chari,Kousseri,Kousseri,12.08009,15.03236,,MEDIUM,"OCHA humanitarian report, updated 7 January 2021",RESOLVED_LOCALITY,LOCALITY_COORDINATES,HIGH,"Mairies du Cameroun, Kousseri municipal profile: https://mairies-du-cameroun.org/index.php/en/collectivites-territoriales/carte-communale/extreme-nord/kousseri",LOCALITY,NEAREST_GRID_POINT,PASSED,"Source confirms Kousseri in Logone-et-Chari, Far North, and publishes GPS E 15.03236, N 12.08009.",true
FLD-CMR-2022-001,2022-08,2022-11,Far North,Mayo-Danay; Logone-et-Chari; Mayo-Tsanaga,,,,,,HIGH,"OCHA Far North flood information notes, August–November 2022",UNRESOLVED_MULTI_DIVISION,NO_EVENT_SPECIFIC_LOCATION_OR_APPROVED_PROXY,LOW,"Phase 1 OCHA evidence identifies Mayo-Danay; Logone-et-Chari; Mayo-Tsanaga, but no single event location.",UNRESOLVED,NOT_READY,NEEDS_REVIEW,No arithmetic-mean or other synthetic coordinate was created. An explicit Phase-3 proxy-grid methodology is required before this multi-division episode can be used.,false
FLD-CMR-2024-001,2024-07,2024-09,Far North,Mayo-Danay; Logone-et-Chari,Kousseri area,Kousseri area,12.08009,15.03236,,HIGH,"OCHA, Cameroon: Far North flood overview, 18 October 2024",RESOLVED_LOCALITY_AREA,LOCALITY_AREA_REFERENCE_COORDINATES,MEDIUM,"Mairies du Cameroun, Kousseri municipal profile: https://mairies-du-cameroun.org/index.php/en/collectivites-territoriales/carte-communale/extreme-nord/kousseri",LOCALITY_AREA,NEAREST_GRID_POINT,PASSED_WITH_LOW_PRECISION,"Original locality is ‘Kousseri area’. Coordinates are a Kousseri area reference, not an observed flood point or a claim that all affected divisions flooded at Kousseri.",true
FLD-CMR-2023-001,2023-11,,Far North,Logone-et-Chari,Blangoua,Blangoua,12.775149,14.553282,,MEDIUM,"OCHA Far North situation report, November 2023",RESOLVED_LOCALITY,LOCALITY_COORDINATES,MEDIUM,GeoNames Blangoua/Blangwa populated-place record (ID 2596834); Cameroon NIS nomenclature confirms Blangoua in Logone-et-Chari: https://stat.cm/nada/index.php/catalog/166/download/1380,LOCALITY,NEAREST_GRID_POINT,PASSED,Administrative hierarchy confirmed as Blangoua → Logone-et-Chari → Far North. Coordinate is the named locality reference.,true
FLD-CMR-2023-002,2023-07,,South-West,Fako,Limbe,Limbe,4.02356,9.20607,,MEDIUM,"Cameroon North-West/South-West situation report, August 2023",RESOLVED_LOCALITY,LOCALITY_COORDINATES,MEDIUM,GeoNames Limbe populated-place record (ID 2229411): https://www.geonames.org/2229411/limbe.html,LOCALITY,NEAREST_GRID_POINT,PASSED,Limbe is retained as provided; it is the Fako administrative seat in South-West. Coordinate is a locality reference.,true
FLD-CMR-2022-002,2022-08,2022-09,South-West,Fako,,,4.166667,9.166667,,MEDIUM,"OCHA Cameroon situation report, 1 November 2022",RESOLVED_DIVISION_REFERENCE,DIVISION_REFERENCE_POINT,MEDIUM,GeoNames Fako Division administrative record (ID 2231710): https://www.geonames.org/2231710/fako.html,DIVISION,NEAREST_GRID_POINT,PASSED_WITH_LOW_PRECISION,No event locality is supported. The named Fako Division reference point is retained; it is not an exact flood point or a computed polygon centroid.,true
FLD-CMR-2021-001,2021-07,,Far North,Mayo-Sava,Sera Doumda,Seradoumda,10.98767,14.19319,,MEDIUM,"OCHA Cameroon Humanitarian Bulletin No. 23, August 2021; OCHA situation report, 7 October 2021",RESOLVED_LOCALITY,LOCALITY_COORDINATES,MEDIUM,"GeoNames Sera Doumda record (ID 2222091), surfaced through Mapcarta: https://mapcarta.com/16789860; Cameroon ARMP confirms Séradoumda in Mora, Mayo-Sava: https://armp.cm/details?id_publication=54213&type_publication=AO",LOCALITY,NEAREST_GRID_POINT,PASSED,"Normalized locality to ‘Sera Doumda’; original Phase 1 spelling ‘Seradoumda’ is preserved in original_locality. Government sources place it in Mora, Mayo-Sava, Far North.",true
FLD-CMR-2017-001,2017-09,,Far North,Logone-et-Chari,Zina,Zina subdivision,11.26235,14.96529,,MEDIUM,"OCHA Cameroon Humanitarian Bulletin No. 4, September 2017",RESOLVED_LOCALITY,LOCALITY_COORDINATES,MEDIUM,DB-City Zina locality record: https://fr.db-city.com/Cameroun--Extr%C3%AAme-Nord--Logone-et-Chari--Zina; Cameroon NIS nomenclature confirms Zina in Logone-et-Chari: https://stat.cm/nada/index.php/catalog/166/download/1380,LOCALITY,NEAREST_GRID_POINT,PASSED,Original locality ‘Zina subdivision’ normalized to Zina. The coordinate source is a locality gazetteer; NIS confirms the administrative hierarchy. No competing coordinate was substituted without a stronger locality coordinate source.,true
