catalogue_row_id,event_id,phase1_decision,decision_reason,candidate_source_record_ids,source_documents,evidence_pages,original_event_name,original_dates,date_interpretation,geographic_evidence,merge_group,verification_notes
CMR-FLD-000001,,EXCLUDE,General flood reference; no individual event is established.,CMR-FLD-000001,humanitarian_overview_1_august_2016_en.pdf,1,Floods in Cameroon,2016-08-01 to 2016-08-01,General flood reference; no individual event is established.,,,All original evidence remains in master_events.json.
CMR-FLD-000002,,EXCLUDE,IOM Round 9 reports aggregate climate-related displacement during its survey window; it does not identify an individual flood episode.,CMR-FLD-000002,"Cameroon _ Displacement Report, Far North Region.pdf",11,Floods in Logone-et-Chari,2017-07-07 to 2017-07-07,IOM Round 9 reports aggregate climate-related displacement during its survey window; it does not identify an individual flood episode.,Logone-et-Chari; Logone-et-Chari,,All original evidence remains in master_events.json.
CMR-FLD-000003,CMR-FLD-000002,MERGE,Duplicate evidence bundle for CMR-FLD-000002; not a separate event.,CMR-FLD-000003,"Cameroon _ Displacement Report, Far North Region.pdf",12,Floods in Cameroon,2017-07-07 to 2017-07-07,Duplicate evidence bundle for CMR-FLD-000002; not a separate event.,,CMR-FLD-000002,All original evidence remains in master_events.json.
CMR-FLD-000004,,EXCLUDE,IOM Round 15 reports aggregate displacement causes during its survey window; it does not identify an individual flood episode.,CMR-FLD-000004,Report CMR DTM15 Far North_En_Version_revised.pdf,12,Floods in North,2018-09-15 to 2018-09-15,IOM Round 15 reports aggregate displacement causes during its survey window; it does not identify an individual flood episode.,"North; Cameroon,Far North,North",,All original evidence remains in master_events.json.
CMR-FLD-000005,CMR-FLD-000004,MERGE,Duplicate evidence bundle for CMR-FLD-000004; not a separate event.,CMR-FLD-000005,Report CMR DTM15 Far North_En_Version_revised.pdf,31,Floods in Cameroon,2018-09-15 to 2018-09-15,Duplicate evidence bundle for CMR-FLD-000004; not a separate event.,,CMR-FLD-000004,All original evidence remains in master_events.json.
CMR-FLD-000006,FLD-CMR-2019-001,KEEP_AS_EVENT,OCHA evidence supports a Far North flood episode; only a September–November reporting window is defensible.,CMR-FLD-000006,cmr_bulletin_humanitaire_numero_12_v_04.pdf,2,Floods in Cameroon,2019-10-09 to 2019-10-09,OCHA evidence supports a Far North flood episode; only a September–November reporting window is defensible.,,,All original evidence remains in master_events.json.
CMR-FLD-000007,FLD-CMR-2020-001,KEEP_AS_EVENT,OCHA evidence supports flooding since July 2020 in Far North; raw 2020-11-10 is not an event date.,CMR-FLD-000007,Rapport de situation - Cameroun - 7 janv. 2021-2.pdf,7,Floods in Cameroon,2020-11-10 to 2020-11-10,OCHA evidence supports flooding since July 2020 in Far North; raw 2020-11-10 is not an event date.,,,All original evidence remains in master_events.json.
CMR-FLD-000008,,EXCLUDE,"Survey-round aggregate prevalence, not an individual flood event.",CMR-FLD-000008,cd3763en.pdf,4,Floods in Cameroon,2022-05-02 to 2022-05-02,"Survey-round aggregate prevalence, not an individual flood event.",,,All original evidence remains in master_events.json.
CMR-FLD-000009,FLD-CMR-2022-001,KEEP_AS_EVENT,Primary evidence for the continuing 2022 Far North episode.,CMR-FLD-000009,Rapport de situation - Cameroun - 4 oct. 2022.pdf,1,Floods in Mayo-Danay,2022-08-31 to 2022-08-31,Primary evidence for the continuing 2022 Far North episode.,Mayo-Danay; Mayo-Danay,,All original evidence remains in master_events.json.
CMR-FLD-000010,FLD-CMR-2022-001,MERGE,September update of the continuing 2022 episode; not a new event.,CMR-FLD-000010,ocha_sitrep_extreme-nord_septembre_2022_vf.pdf,1,Floods in Cameroon,2022-09-25 to 2022-09-25,September update of the continuing 2022 episode; not a new event.,,FLD-CMR-2022-001,All original evidence remains in master_events.json.
CMR-FLD-000011,FLD-CMR-2022-001,MERGE,OCHA 15 November update of the continuing 2022 Far North flooding episode.,CMR-FLD-000011,Cameroun - Extrême-Nord - Note d’information sur les inondations n°3 (au 15 novembre 2022).pdf,1,Floods in Cameroon,2022-11-15 to 2022-11-15,OCHA 15 November update of the continuing 2022 Far North flooding episode.,,FLD-CMR-2022-001,All original evidence remains in master_events.json.
CMR-FLD-000012,,EXCLUDE,"Evidence describes flooding in Chad and arrivals into Cameroon, not a Cameroon flood event.",CMR-FLD-000012,Situation Report - Cameroon - 2 Oct 2023.pdf,4,Floods in North,2023-08-13 to 2023-08-13,"Evidence describes flooding in Chad and arrivals into Cameroon, not a Cameroon flood event.","North; Cameroon,Far North,North",,All original evidence remains in master_events.json.
CMR-FLD-000013,,EXCLUDE,"Evidence describes the Chad dike breach, not a separately established Cameroon flood event.",CMR-FLD-000013,Situation Report - Cameroon - 2 Oct 2023.pdf,4,Floods in Cameroon,2023-08-13 to 2023-08-13,"Evidence describes the Chad dike breach, not a separately established Cameroon flood event.",,,All original evidence remains in master_events.json.
CMR-FLD-000014,FLD-CMR-2024-001,MERGE,IFRC operation update confirms the 2024 Cameroon flood crisis; UNFPA and UNICEF flash updates identify the Far North episode as beginning in July 2024.,CMR-FLD-000014,Cameroon - Floods 2024 Emergency Appeal Operation Update MDRCM039.pdf,1,Floods in North,2024-05-09 to ,IFRC operation update confirms the 2024 Cameroon flood crisis; UNFPA and UNICEF flash updates identify the Far North episode as beginning in July 2024.,"North; Cameroon,Far North,North",FLD-CMR-2024-001,All original evidence remains in master_events.json.
CMR-FLD-000015,FLD-CMR-2024-001,MERGE,Situation-update evidence for the 2024 Far North rainy-season flood episode.,CMR-FLD-000015,Cameroon Humanitarian Flash Update3 Floods Far North fv.pdf,1,Floods in North,2024-09-06 to 2024-09-06,Situation-update evidence for the 2024 Far North rainy-season flood episode.,"North; Far North,North",FLD-CMR-2024-001,All original evidence remains in master_events.json.
CMR-FLD-000016,FLD-CMR-2024-001,MERGE,Impact update for the same 2024 Far North flood episode.,CMR-FLD-000016,Cameroon Humanitarian Flash Update3 Floods Far North fv.pdf,1,Floods in Cameroon,2024-09-25 to 2024-09-25,Impact update for the same 2024 Far North flood episode.,,FLD-CMR-2024-001,All original evidence remains in master_events.json.
CMR-FLD-000017,FLD-CMR-2024-001,KEEP_AS_EVENT,OCHA explicitly attributes Far North flooding to the July–September 2024 rainy season.,CMR-FLD-000017,CMR_Inondations_26102024.pdf,1,Floods in Nord,2024-10-18 to 2024-10-18,OCHA explicitly attributes Far North flooding to the July–September 2024 rainy season.,"North; Mayo-Danay; Cameroon,Extrême-Nord,Mayo-Danay,Nord",,All original evidence remains in master_events.json.
CMR-FLD-000018,FLD-CMR-2024-001,MERGE,Impact-table continuation of the OCHA 2024 flood snapshot.,CMR-FLD-000018,CMR_Inondations_26102024.pdf,2,Floods in Cameroon,2024-10-18 to 2024-10-18,Impact-table continuation of the OCHA 2024 flood snapshot.,,FLD-CMR-2024-001,All original evidence remains in master_events.json.
CMR-FLD-000019,,EXCLUDE,"FAO survey shock-prevalence chart, not an individual flood event.",CMR-FLD-000019,cd3763fr.pdf,4,Floods in Cameroon,2024-11-04 to 2024-11-04,"FAO survey shock-prevalence chart, not an individual flood event.",,,All original evidence remains in master_events.json.
CMR-FLD-000020,FLD-CMR-2024-001,MERGE,UNICEF/OCHA update of the same 2024 Far North flood episode.,CMR-FLD-000020,Cameroon Humanitarian Flash Update 6 FINAL.pdf,1,Floods in Nord,2024-11-11 to 2024-11-11,UNICEF/OCHA update of the same 2024 Far North flood episode.,"North; Cameroon,Extrême-Nord,Nord",FLD-CMR-2024-001,All original evidence remains in master_events.json.
CMR-FLD-000021,FLD-CMR-2024-001,MERGE,FEWS NET describes heavy rains and flooding during the ongoing 2024 rainy season; raw 2026/2024 dates are rejected.,CMR-FLD-000021,cm-fso-2024-10-1730587635.pdf,5,Floods in Cameroon,2026-01-01 to 2024-08-01,FEWS NET describes heavy rains and flooding during the ongoing 2024 rainy season; raw 2026/2024 dates are rejected.,,FLD-CMR-2024-001,All original evidence remains in master_events.json.
CMR-FLD-000022,FLD-CMR-2024-001,MERGE,FEWS NET describes flood-affected households in Mayo-Danay and Diamaré during the 2024 season; raw dates are rejected.,CMR-FLD-000022,cm-fso-2024-10-1730587635.pdf,14,Floods in Diamaré,2026-02-01 to 2025-05-01,FEWS NET describes flood-affected households in Mayo-Danay and Diamaré during the 2024 season; raw dates are rejected.,Diamaré; Diamaré,FLD-CMR-2024-001,All original evidence remains in master_events.json.
CMR-FLD-000023,,EXCLUDE,Early Action Protocol for recurrent river-flooding preparedness; it does not document an observed individual flood event.,CMR-FLD-000023,MDRCM044EAP  (1).pdf,1,Floods in Mayo-Danay,2026-03-25 to 2026-03-25,Early Action Protocol for recurrent river-flooding preparedness; it does not document an observed individual flood event.,"Mayo-Danay; Cameroon,Maga,Mayo-Danay",,All original evidence remains in master_events.json.
CMR-FLD-000024,FLD-CMR-2024-001,MERGE,"UNFPA flood-response reference is an update for affected areas in the 2024 Far North episode, not a new dated event.",CMR-FLD-000024,UNFPA Cameroon SitRep #23 (Final).pdf,2,Floods in Cameroon,2026-07-01 to ,"UNFPA flood-response reference is an update for affected areas in the 2024 Far North episode, not a new dated event.",,FLD-CMR-2024-001,All original evidence remains in master_events.json.
CMR-FLD-000025,FLD-CMR-2023-001,KEEP_AS_EVENT,"OCHA documents flooding at Blangoua after the Chari overflow, affecting nearly 10,000 people; only November 2023 is defensible.",CMR-FLD-000025,OCHA_SITREP_Extrême Nord_Novembre 2023 inputs VF.pdf,1,Floods in Blangoua,2026-08-01 to 2023-11-30,"OCHA documents flooding at Blangoua after the Chari overflow, affecting nearly 10,000 people; only November 2023 is defensible.",Blangoua,,All original evidence remains in master_events.json.
CMR-FLD-000026,,EXCLUDE,"Source reports villages threatened by river flooding, not a flood occurrence.",CMR-FLD-000026,ocha_sitrep_extreme-nord_septembre_2022_vf.pdf,2,Floods in Cameroon,2026-09-29 to 2026-10-01,"Source reports villages threatened by river flooding, not a flood occurrence.",,,All original evidence remains in master_events.json.
CMR-FLD-000027,,EXCLUDE,"FEWS NET outlook projection for 2026, not observed flood-event evidence.",CMR-FLD-000027,20260601-FEWS-NET-cm-fso-1782848864.pdf,1,Floods in Mayo-Sava,2026-10-01 to 2026-01-01,"FEWS NET outlook projection for 2026, not observed flood-event evidence.","Mayo-Sava; Cameroon,Logone-et-Chari,Mayo-Sava",,All original evidence remains in master_events.json.
CMR-FLD-000028,FLD-CMR-2019-001,MERGE,UNICEF response evidence for the 2019 Logone River flooding in Zina and Kai-Kai.,CMR-FLD-000028,UNICEF Cameroon Humanitarian Situation Report - October 2019 (1).pdf,5,Floods in Zina,2026-11-04 to 2019-06-01,UNICEF response evidence for the 2019 Logone River flooding in Zina and Kai-Kai.,"North; Far North,North,Zina",FLD-CMR-2019-001,All original evidence remains in master_events.json.
CMR-FLD-000029,,EXCLUDE,Cross-document generic flood references with no single identifiable event.,CMR-FLD-000029,"20260601-FEWS-NET-cm-fso-1782848864.pdf; Cameroon - Floods 2024 Emergency Appeal Operation Update MDRCM039.pdf; Cameroon Humanitarian Flash Update 6 FINAL.pdf; Cameroon Humanitarian Flash Update3 Floods Far North fv.pdf; Situation Report - Cameroon - 2 Oct 2023.pdf; UNFPA Cameroon Humanitarian SitRep #24  (Final).pdf; UNFPA Cameroon SitRep #23 (Final).pdf; UNFPA Cameroon SitRep #25.pdf; UNICEF Cameroon Humanitarian Situation Report - October 2019 (1).pdf; UNICEF Cameroon Humanitarian Situation Report No. 4 ( End of Year), 31 December 2025 (1).pdf; WFP COUNTRY BRIEF CAMEROON NOVEMBER 2019.pdf; cd3763en.pdf; cm-fso-2024-10-1730587635.pdf; humanitarian_overview_1_august_2016_en.pdf; n2435075.pdf",1; 10; 12; 13; 14; 2; 3; 4; 5; 6; 7; 8; 9,Floods in North, to ,Cross-document generic flood references with no single identifiable event.,"North; Adamawa,East,Far North,North; Adamawa,East,Far North,North,South,West; Bertoua,Buea,Douala,Far North,North; Cameroon,Far North,Maga,North; Cameroon,Far North,North; Far North,North; Far North,North,South,West; North",,All original evidence remains in master_events.json.
CMR-FLD-000030,,EXCLUDE,"Mixed evidence bundle: it combines 2020 Cameroon flooding, 2023 Chad flooding, 2024 response activity, and preparedness material; it is not one event.",CMR-FLD-000030,Cameroon Humanitarian Flash Update 6 FINAL.pdf; MDRCM044EAP  (1).pdf; OCHA_SITREP_Extrême Nord_Novembre 2023 inputs VF.pdf; Rapport de situation - Cameroon - 25 nov. 2020.pdf,2; 3,Floods in Maga, to ,"Mixed evidence bundle: it combines 2020 Cameroon flooding, 2023 Chad flooding, 2024 response activity, and preparedness material; it is not one event.",Maga,,All original evidence remains in master_events.json.
CMR-FLD-000031,FLD-CMR-2024-001,MERGE,Direct impact evidence for the 2024 Far North flooding in Mayo-Danay and Logone-et-Chari.,CMR-FLD-000031,20260601-FEWS-NET-cm-fso-1782848864.pdf; Cameroon Humanitarian Flash Update3 Floods Far North fv.pdf; UNFPA Cameroon Humanitarian SitRep #24  (Final).pdf; UNFPA Cameroon SitRep #23 (Final).pdf,1; 2; 4; 7,Floods in North, to ,Direct impact evidence for the 2024 Far North flooding in Mayo-Danay and Logone-et-Chari.,"North; Mayo-Danay; Cameroon,Far North,Mayo-Danay,North; Far North,Logone-et-Chari,Mayo-Danay,North",FLD-CMR-2024-001,All original evidence remains in master_events.json.
CMR-FLD-000032,,EXCLUDE,"IOM aggregate refugee displacement statistic; it does not establish an individual flood episode, date, or flood location.",CMR-FLD-000032,IOM_Rapport_Cameroun_Extreme-Nord_DTM_RD18_vf_20190528.pdf,28,Floods in Mayo-Kani, to ,"IOM aggregate refugee displacement statistic; it does not establish an individual flood episode, date, or flood location.","East; Mayo-Kani; Cameroon,Est,Mayo-Danay,Mayo-Kani",,All original evidence remains in master_events.json.
CMR-FLD-000033,FLD-CMR-2024-001,MERGE,OCHA flood notes identify the 2024 rainy-season event across five Far North divisions.,CMR-FLD-000033,Note d'information n°2_Inondations_Extreme Nord_19092024.pdf; Note d'informat°_Inondations_Ext reme Nord_au 11 novembre 2024.pdf,1,Floods in Diamaré, to ,OCHA flood notes identify the 2024 rainy-season event across five Far North divisions.,"North; Diamaré; Diamaré,Extrême-Nord,Mayo-Danay,Mayo-Kani,Mayo-Tsanaga,Nord; Diamaré,Mayo-Danay,Mayo-Kani,Mayo-Tsanaga,Nord",FLD-CMR-2024-001,All original evidence remains in master_events.json.
CMR-FLD-000034,,EXCLUDE,"Mixed 2018, 2022, and 2024 flood/risk statements; it is not one identifiable physical event.",CMR-FLD-000034,Cameroun - Extrême-Nord - Note d’information sur les inondations n°3 (au 15 novembre 2022).pdf; Note d'information n°2_Inondations_Extreme Nord_19092024.pdf; Note d'informat°_Inondations_Ext reme Nord_au 11 novembre 2024.pdf; OCHA_SITREP_Extrême Nord_septembre 2024.pdf; Rapport de situation - Cameroun - 4 oct. 2022.pdf; Report DTM 14 Extreme Nord.pdf; ocha_sitrep_extreme-nord_septembre_2022_vf.pdf,1; 2; 3; 35; 4,Floods in Est, to ;  to 2026-08-31,"Mixed 2018, 2022, and 2024 flood/risk statements; it is not one identifiable physical event.",East; Est,,All original evidence remains in master_events.json.
CMR-FLD-000035,FLD-CMR-2024-001,MERGE,September 2024 OCHA impact update for the same Far North episode.,CMR-FLD-000035,Cameroon Humanitarian Flash Update 5 Floods fv.pdf; Cameroun - Extrême-Nord - Note d’information sur les inondations n°3 (au 15 novembre 2022).pdf; IOM_Rapport_Cameroun_Extreme-Nord_DTM_RD18_vf_20190528.pdf; Note d'information n°2_Inondations_Extreme Nord_19092024.pdf; Note d'informat°_Inondations_Ext reme Nord_au 11 novembre 2024.pdf; OCHA_SITREP_Extrême Nord_Decembre 2023 et Janvier 2024 Final.pdf; OCHA_SITREP_Extrême Nord_septembre 2024.pdf; Rapport de situation - Cameroon - 25 nov. 2020.pdf; Rapport de situation - Cameroun - 4 oct. 2022.pdf; Report CMR DTM15 Far North_En_Version_revised.pdf; Report DTM 14 Extreme Nord.pdf,1; 2; 3; 31; 34; 35; 4,Floods in Mayo-Danay, to ,September 2024 OCHA impact update for the same Far North episode.,"Mayo-Danay; Logone-et-Chari,Mayo-Danay; Maga,Mayo-Danay; Mayo-Danay",FLD-CMR-2024-001,All original evidence remains in master_events.json.
CMR-FLD-000036,,EXCLUDE,Cross-episode aggregate evidence from several years; it is not one identifiable flood event.,CMR-FLD-000036,Note d'information n°2_Inondations_Extreme Nord_19092024.pdf; OCHA Cameroon Sitrep Far North - December 2020.pdf; OCHA_SITREP_Extrême Nord_Decembre 2023 et Janvier 2024 Final.pdf; OCHA_SITREP_Extrême Nord_Novembre 2023 inputs VF.pdf; Rapport de situation - Cameroun - 7 janv. 2021-2.pdf; Report CMR DTM15 Far North_En_Version_revised.pdf; SITREP_Extrême Nord_Dec 2025 final (2).pdf,1; 2; 27; 3; 4; 7,Floods in Blangoua, to ,Cross-episode aggregate evidence from several years; it is not one identifiable flood event.,"Blangoua; Blangoua,Kousseri; Blangoua,Mora; Blangoua,Zina",,All original evidence remains in master_events.json.
CMR-FLD-000037,FLD-CMR-2024-001,MERGE,OCHA total affected-population update for the 2024 Far North episode.,CMR-FLD-000037,Note d'information n°2_Inondations_Extreme Nord_19092024.pdf; Note d'informat°_Inondations_Ext reme Nord_au 11 novembre 2024.pdf; OCHA Cameroon Sitrep Far North - December 2020.pdf; cm-fso-2024-10-1730587635.pdf,1; 2; 7,Floods in Diamaré, to ,OCHA total affected-population update for the 2024 Far North episode.,"Diamaré; Diamaré; Diamaré,Mayo-Danay; Diamaré,Mayo-Danay,Mayo-Kani,Mayo-Tsanaga",FLD-CMR-2024-001,All original evidence remains in master_events.json.
CMR-FLD-000038,,EXCLUDE,"Aggregate displacement-cause statistics, not an individual flood event.",CMR-FLD-000038,Cameroun - Extrême-Nord - Note d’information sur les inondations n°3 (au 15 novembre 2022).pdf; IOM_Rapport_Cameroun_Extreme-Nord_DTM_RD18_vf_20190528.pdf; Note d'information n°2_Inondations_Extreme Nord_19092024.pdf; Note d'informat°_Inondations_Ext reme Nord_au 11 novembre 2024.pdf; OCHA_SITREP_Extrême Nord_septembre 2024.pdf; Rapport de situation - Cameroun - 7 janv. 2021-2.pdf; Report DTM 14 Extreme Nord.pdf; Situation Report - Cameroon - 2 Oct 2023.pdf,1; 12; 2; 3; 5; 7; 8,Floods in Nord, to ,"Aggregate displacement-cause statistics, not an individual flood event.","North; Cameroon,Est,Extrême-Nord,Nord; Cameroon,Extrême-Nord,Nord; Extrême-Nord,Maroua,Nord; Extrême-Nord,Nord; Nord",,All original evidence remains in master_events.json.
CMR-FLD-000039,FLD-CMR-2019-001,MERGE,UNICEF identifies the Logone River flooding of Zina and Kai-Kai in the 2019 episode.,CMR-FLD-000039,UNICEF Cameroon Humanitarian Situation Report - October 2019 (1).pdf,3,Floods in Zina, to ,UNICEF identifies the Logone River flooding of Zina and Kai-Kai in the 2019 episode.,"East; East,Maga,South,Zina",FLD-CMR-2019-001,All original evidence remains in master_events.json.
CMR-FLD-000040,FLD-CMR-2024-001,MERGE,Source explicitly dates the 2024 torrential rainfall and seasonal flooding to since July 2024.,CMR-FLD-000040,Cameroun - Extrême-Nord - Note d’information sur les inondations n°3 (au 15 novembre 2022).pdf; Note d'informat°_Inondations_Ext reme Nord_au 11 novembre 2024.pdf; SITREP_Extrême Nord_Dec 2025 final (2).pdf; cm-fso-2024-10-1730587635.pdf; ocha_sitrep_extreme-nord_septembre_2022_vf.pdf,1; 2; 3; 6,Floods in Mayo-Tsanaga, to ,Source explicitly dates the 2024 torrential rainfall and seasonal flooding to since July 2024.,"Mayo-Tsanaga; Diamaré,Mayo-Danay,Mayo-Tsanaga; Mayo-Danay,Mayo-Tsanaga; Mayo-Danay,Mayo-Tsanaga,Mokolo; Mayo-Tsanaga",FLD-CMR-2024-001,All original evidence remains in master_events.json.
CMR-FLD-000041,FLD-CMR-2024-001,MERGE,Affected-population figure is an update for the documented 2024 Far North episode.,CMR-FLD-000041,cd3763fr.pdf; cmr_bulletin_humanitaire_numero_12_v_04.pdf; n2435076.pdf; ocha_cameroon_sitrep_far_north_-_november_2020.pdf,1; 12; 3; 8,Floods in Extrême-Nord, to ,Affected-population figure is an update for the documented 2024 Far North episode.,"Far North; Cameroon,Extrême-Nord,Nord; Extrême-Nord,Nord",FLD-CMR-2024-001,All original evidence remains in master_events.json.
CMR-FLD-000042,FLD-CMR-2024-001,MERGE,Flood-impact situation analysis is supporting evidence for the 2024 episode.,CMR-FLD-000042,"Cameroon - Floods 2024 Emergency Appeal Operation Update MDRCM039.pdf; Cameroon Humanitarian Flash Update 6 FINAL.pdf; MDRCM044EAP  (1).pdf; OCHA_SITREP_Extrême Nord_Decembre 2023 et Janvier 2024 Final.pdf; OCHA_SITREP_Extrême Nord_septembre 2024.pdf; SITREP_Extrême Nord_Dec 2025 final (2).pdf; UNICEF Cameroon Humanitarian Situation Report No. 4 ( End of Year), 31 December 2025 (1).pdf; cameroon_en.pdf",1; 2; 3; 4,Floods in Cameroon, to ,Flood-impact situation analysis is supporting evidence for the 2024 episode.,Cameroon,FLD-CMR-2024-001,All original evidence remains in master_events.json.
CMR-FLD-000043,,EXCLUDE,"Response-actor map, not flood-event evidence.",CMR-FLD-000043,CMR_Inondations_26102024.pdf,4,Floods in Moulvoudaye, to ,"Response-actor map, not flood-event evidence.","North; Mayo-Sava; Blangoua,Bogo,Kolofata,Kousseri,Logone-et-Chari,Maga,Makary,Maroua,Mayo-Kani,Mayo-Sava,Mayo-Tsanaga,Mokolo,Mora,Moulvoudaye,Nord,Pette,Yagoua,Zina",,All original evidence remains in master_events.json.
CMR-FLD-000044,,EXCLUDE,"Flooding-risk outlook, not observed flood-event evidence.",CMR-FLD-000044,20260601-FEWS-NET-cm-fso-1782848864.pdf,1,Floods in South, to ,"Flooding-risk outlook, not observed flood-event evidence.",South; South,,All original evidence remains in master_events.json.
CMR-FLD-000045,,EXCLUDE,"Flood-proneness/risk statement, not an observed individual event.",CMR-FLD-000045,20260601-FEWS-NET-cm-fso-1782848864.pdf; Cameroon Humanitarian Flash Update3 Floods Far North fv.pdf; ocha_sitrep_extreme-nord_septembre_2022_vf.pdf,12; 2,Floods in Logone-et-Chari, to ,"Flood-proneness/risk statement, not an observed individual event.",Logone-et-Chari; Logone-et-Chari,,All original evidence remains in master_events.json.
CMR-FLD-000046,,EXCLUDE,Cross-episode response activity across several documents; not one identifiable event.,CMR-FLD-000046,Cameroon - Floods 2024 Emergency Appeal Operation Update MDRCM039.pdf; Cameroon Humanitarian Flash Update 5 Floods fv.pdf; Cameroon Humanitarian Flash Update 6 FINAL.pdf; Cameroun - Extrême-Nord - Note d’information sur les inondations n°3 (au 15 novembre 2022).pdf; MDRCM044EAP  (1).pdf; OCHA Cameroon Sitrep Far North - December 2020.pdf; OCHA_SITREP_Extrême Nord_Novembre 2023 inputs VF.pdf; Rapport de situation - Cameroun - 7 janv. 2021-2.pdf; ocha_cameroon_sitrep_far_north_-_february_2021.pdf,1; 2; 3; 4; 6,Floods in Kousseri, to ,Cross-episode response activity across several documents; not one identifiable event.,"Bogo,Kousseri,Maroua; Kousseri; Kousseri,Maga,Yagoua; Kousseri,Mora; Kousseri,Yagoua",,All original evidence remains in master_events.json.
CMR-FLD-000047,FLD-CMR-2024-001,MERGE,October 2024 assistance record for children affected by the same Far North floods.,CMR-FLD-000047,Cameroon Humanitarian Flash Update 5 Floods fv.pdf,2,Floods in Maga, to ,October 2024 assistance record for children affected by the same Far North floods.,"Logone-et-Chari; Logone-et-Chari,Maga",FLD-CMR-2024-001,All original evidence remains in master_events.json.
CMR-FLD-000048,FLD-CMR-2024-001,MERGE,Flood-affected health-district response is supporting evidence for the 2024 episode.,CMR-FLD-000048,Cameroon Humanitarian Flash Update 5 Floods fv.pdf; Cameroon Humanitarian Flash Update 6 FINAL.pdf,2; 3,Floods in Makary, to ,Flood-affected health-district response is supporting evidence for the 2024 episode.,"Mayo-Danay; Bogo,Kousseri,Logone-et-Chari,Maga,Makary,Mayo-Danay,Yagoua; Bogo,Kousseri,Maga,Makary,Mayo-Danay,Yagoua",FLD-CMR-2024-001,All original evidence remains in master_events.json.
CMR-FLD-000049,FLD-CMR-2024-001,MERGE,October 2024 response at a flooded Maga health centre supports the same episode.,CMR-FLD-000049,Cameroon Humanitarian Flash Update 5 Floods fv.pdf,3,Floods in Guirvidig, to ,October 2024 response at a flooded Maga health centre supports the same episode.,"Centre; Centre,Guirvidig,Maga",FLD-CMR-2024-001,All original evidence remains in master_events.json.
CMR-FLD-000050,,EXCLUDE,Cross-document response aggregate spanning multiple years and episodes; not one event.,CMR-FLD-000050,"20260401-FEWS-NET-cm-fsou-1778018657.pdf; 20260601-FEWS-NET-cm-fso-1782848864.pdf; CMR_Inondations_26102024.pdf; Cameroon - Floods 2024 Emergency Appeal Operation Update MDRCM039.pdf; Cameroon Humanitarian Flash Update 5 Floods fv.pdf; Cameroon Humanitarian Flash Update 6 FINAL.pdf; Cameroon Humanitarian Flash Update3 Floods Far North fv.pdf; Cameroon _ Displacement Report, Far North Region.pdf; Cameroun - Extrême-Nord - Note d’information sur les inondations n°3 (au 15 novembre 2022).pdf; Cameroun - Extrême-Nord, Rapport de situation No. 44 - juin 2024.pdf; MDRCM044EAP  (1).pdf; Note d'information n°2_Inondations_Extreme Nord_19092024.pdf; Note d'informat°_Inondations_Ext reme Nord_au 11 novembre 2024.pdf; OCHA Cameroon Sitrep Far North - December 2020.pdf; OCHA_SITREP_Extrême Nord_Decembre 2023 et Janvier 2024 Final.pdf; OCHA_SITREP_Extrême Nord_Novembre 2023 inputs VF.pdf; OCHA_SITREP_Extrême Nord_septembre 2024.pdf; Rapport de situation - Cameroon - 25 nov. 2020.pdf; Rapport de situation - Cameroun - 4 oct. 2022.pdf; Rapport de situation - Cameroun - 7 janv. 2021-2.pdf; Report CMR DTM15 Far North_En_Version_revised.pdf; Report DTM 14 Extreme Nord.pdf; SITREP_Extrême Nord_Dec 2025 final (2).pdf; Situation Report - Cameroon - 1 Nov 2022.pdf; Situation Report - Cameroon - 2 Oct 2023.pdf; UNFPA Cameroon Humanitarian SitRep #24  (Final).pdf; UNFPA Cameroon SitRep #23 (Final).pdf; UNICEF Cameroon Humanitarian Situation Report - October 2019 (1).pdf; UNICEF Cameroon Humanitarian Situation Report No. 4 ( End of Year), 31 December 2025 (1).pdf; UNICEF Cameroon Humanitarian Situation Report No. 8 - August 2021 (1).pdf; cameroon_en.pdf; cd3763en.pdf; cd3763fr.pdf; cm-fso-2024-10-1730587635.pdf; cmr_bulletin_humanitaire_numero_12_v_04.pdf; n2435075.pdf; n2435076.pdf; ocha_cameroon_sitrep_far_north_-_november_2020.pdf; ocha_sitrep_extreme-nord_septembre_2022_vf.pdf",1; 10; 11; 12; 13; 14; 2; 20; 3; 31; 35; 36; 39; 4; 47; 5; 6; 7; 8; 9,Floods in Cameroon, to ,Cross-document response aggregate spanning multiple years and episodes; not one event.,,,All original evidence remains in master_events.json.
CMR-FLD-000051,FLD-CMR-2024-001,MERGE,Flood-affected schools in Mayo-Danay and Logone-et-Chari are part of the 2024 episode.,CMR-FLD-000051,Cameroon Humanitarian Flash Update3 Floods Far North fv.pdf,2,Floods in Zina, to ,Flood-affected schools in Mayo-Danay and Logone-et-Chari are part of the 2024 episode.,"Mayo-Danay; Logone-et-Chari,Maga,Mayo-Danay,Yagoua,Zina",FLD-CMR-2024-001,All original evidence remains in master_events.json.
CMR-FLD-000052,FLD-CMR-2024-001,MERGE,2024 UNICEF documentation of a flooded Yagoua neighbourhood supports the same episode.,CMR-FLD-000052,Cameroon Humanitarian Flash Update3 Floods Far North fv.pdf; Cameroun - Extrême-Nord - Note d’information sur les inondations n°3 (au 15 novembre 2022).pdf; Rapport de situation - Cameroon - 25 nov. 2020.pdf; ocha_sitrep_extreme-nord_septembre_2022_vf.pdf,2; 4; 5,Floods in Maroua, to ,2024 UNICEF documentation of a flooded Yagoua neighbourhood supports the same episode.,"Cameroon,Maroua; Maroua; Maroua,Yagoua",FLD-CMR-2024-001,All original evidence remains in master_events.json.
CMR-FLD-000053,,EXCLUDE,"Flood simulation exercise, not an observed flood event.",CMR-FLD-000053,Cameroun - Extrême-Nord - Note d’information sur les inondations n°3 (au 15 novembre 2022).pdf,3,Floods in Makary, to ,"Flood simulation exercise, not an observed flood event.","Centre; Blangoua,Centre,Makary",,All original evidence remains in master_events.json.
CMR-FLD-000054,FLD-CMR-2021-001,KEEP_AS_EVENT,"OCHA's August 2021 humanitarian bulletin explicitly dates flooding affecting more than 2,400 people in Mayo-Sava to July 2021; the October situation report supplies Seradoumda as an affected locality.",CMR-FLD-000054,"Cameroun - Rapport de situation, 7 octobre 2021.pdf",7,Floods in Mayo-Sava, to ,"OCHA's August 2021 humanitarian bulletin explicitly dates flooding affecting more than 2,400 people in Mayo-Sava to July 2021; the October situation report supplies Seradoumda as an affected locality.",Mayo-Sava; Mayo-Sava,,All original evidence remains in master_events.json.
CMR-FLD-000055,FLD-CMR-2024-001,MERGE,Relocation-site evidence for people affected by the 2024 Far North floods.,CMR-FLD-000055,Cameroon - Floods 2024 Emergency Appeal Operation Update MDRCM039.pdf; MDRCM044EAP  (1).pdf; Note d'information n°2_Inondations_Extreme Nord_19092024.pdf; OCHA_SITREP_Extrême Nord_septembre 2024.pdf; Report CMR DTM15 Far North_En_Version_revised.pdf,2; 3; 47; 7,Floods in Yagoua, to ,Relocation-site evidence for people affected by the 2024 Far North floods.,"Maga,Yagoua; Yagoua",FLD-CMR-2024-001,All original evidence remains in master_events.json.
CMR-FLD-000056,,EXCLUDE,"Forward-looking flood-risk statement, not a flood occurrence.",CMR-FLD-000056,Note d'information n°2_Inondations_Extreme Nord_19092024.pdf,3,Floods in Mokolo, to ,"Forward-looking flood-risk statement, not a flood occurrence.",Mokolo,,All original evidence remains in master_events.json.
CMR-FLD-000057,,EXCLUDE,Response-supply table without an individual flood event.,CMR-FLD-000057,Note d'information n°2_Inondations_Extreme Nord_19092024.pdf,6,Floods in Yagoua, to ,Response-supply table without an individual flood event.,"Mayo-Danay; Mayo-Danay,Yagoua",,All original evidence remains in master_events.json.
CMR-FLD-000058,FLD-CMR-2024-001,MERGE,OCHA documents schools affected by the 2024 floods.,CMR-FLD-000058,Note d'informat°_Inondations_Ext reme Nord_au 11 novembre 2024.pdf,2; 4,Floods in Mayo-Kani, to ,OCHA documents schools affected by the 2024 floods.,"Mayo-Kani; Mayo-Danay,Mayo-Kani; Mayo-Kani",FLD-CMR-2024-001,All original evidence remains in master_events.json.
CMR-FLD-000059,FLD-CMR-2020-001,MERGE,December 2020 response to the same Far North flood episode.,CMR-FLD-000059,OCHA Cameroon Sitrep Far North - December 2020.pdf,7,Floods in Zina, to ,December 2020 response to the same Far North flood episode.,"Mayo-Tsanaga; Mayo-Tsanaga,Mokolo,Mora,Zina",FLD-CMR-2020-001,All original evidence remains in master_events.json.
CMR-FLD-000060,FLD-CMR-2024-001,MERGE,Flood-affected school response in the 2024 Far North episode.,CMR-FLD-000060,OCHA_SITREP_Extrême Nord_septembre 2024.pdf; Rapport de situation - Cameroon - 25 nov. 2020.pdf; UNFPA Cameroon Humanitarian SitRep #24  (Final).pdf,2; 4,Floods in Makary, to ,Flood-affected school response in the 2024 Far North episode.,"Blangoua,Makary,Zina; Kousseri,Makary,Yagoua; Makary,Zina",FLD-CMR-2024-001,All original evidence remains in master_events.json.
CMR-FLD-000061,FLD-CMR-2024-001,MERGE,September 2024 OCHA flood-response needs update.,CMR-FLD-000061,OCHA_SITREP_Extrême Nord_septembre 2024.pdf,3,Floods in Blangoua, to ,September 2024 OCHA flood-response needs update.,"Mayo-Danay; Blangoua,Kolofata,Mayo-Danay,Mokolo,Mora",FLD-CMR-2024-001,All original evidence remains in master_events.json.
CMR-FLD-000062,FLD-CMR-2024-001,MERGE,"2024 flood-response coordination update, not a separate event.",CMR-FLD-000062,Cameroon - Floods 2024 Emergency Appeal Operation Update MDRCM039.pdf; OCHA_SITREP_Extrême Nord_septembre 2024.pdf,5; 6,Floods in Centre, to ,"2024 flood-response coordination update, not a separate event.","Centre; Centre,Kousseri,Mokolo,Mora; Centre,Yagoua",FLD-CMR-2024-001,All original evidence remains in master_events.json.
CMR-FLD-000063,FLD-CMR-2020-001,MERGE,Source directly ties the impassable Maroua–Kousseri axis to flooding since July 2020.,CMR-FLD-000063,Rapport de situation - Cameroun - 7 janv. 2021-2.pdf; UNICEF Cameroon Humanitarian Situation Report - October 2019 (1).pdf,1; 5,Floods in Zina, to ,Source directly ties the impassable Maroua–Kousseri axis to flooding since July 2020.,"Kousseri,Maroua,Zina; Zina",FLD-CMR-2020-001,All original evidence remains in master_events.json.
CMR-FLD-000064,,EXCLUDE,"Generic 2025 reference to flood-affected populations without an identifiable event, date, or footprint.",CMR-FLD-000064,SITREP_Extrême Nord_Dec 2025 final (2).pdf,3,Floods in Blangoua, to ,"Generic 2025 reference to flood-affected populations without an identifiable event, date, or footprint.","Mayo-Tsanaga; Blangoua,Mayo-Danay,Mayo-Tsanaga",,All original evidence remains in master_events.json.
CMR-FLD-000065,FLD-CMR-2023-002,KEEP_AS_EVENT,"Source explicitly identifies late-July floods and landslides in Limbe, Fako division.",CMR-FLD-000065,SITREP_NWSW_August 2023_final.pdf,4,Floods in Limbe, to ,"Source explicitly identifies late-July floods and landslides in Limbe, Fako division.","Fako; Fako,Limbe",,All original evidence remains in master_events.json.
CMR-FLD-000066,FLD-CMR-2022-002,KEEP_AS_EVENT,OCHA situation report covers 1 August–30 September 2022 and explicitly says heavy rains caused floods in Fako during that reporting period.,CMR-FLD-000066,Situation Report - Cameroon - 1 Nov 2022.pdf,6,Floods in Fako, to ,OCHA situation report covers 1 August–30 September 2022 and explicitly says heavy rains caused floods in Fako during that reporting period.,Fako; Fako,,All original evidence remains in master_events.json.
CMR-FLD-000067,,EXCLUDE,"Early-intervention protocol for recurrent flooding, not an observed event.",CMR-FLD-000067,MDRCM044EAP  (1).pdf,2,Floods in Zina, to ,"Early-intervention protocol for recurrent flooding, not an observed event.","North; Mayo-Danay; Cameroon,Far North,Kousseri,Logone-et-Chari,Mayo-Danay,North,Yagoua,Zina",,All original evidence remains in master_events.json.
CMR-FLD-000068,,EXCLUDE,"Situation-report overview; it identifies Chad flooding and general Far North hazards, not a Cameroon flood episode.",CMR-FLD-000068,Situation Report - Cameroon - 2 Oct 2023.pdf,1; 11,Floods in West, to ,"Situation-report overview; it identifies Chad flooding and general Far North hazards, not a Cameroon flood episode.","West; Cameroon,Far North,North,South,West; Far North,North,South,West",,All original evidence remains in master_events.json.
CMR-FLD-000069,FLD-CMR-2024-001,MERGE,UNFPA flood-response coordination evidence for Makary and Blangoua in the 2024 episode.,CMR-FLD-000069,UNFPA Cameroon SitRep #23 (Final).pdf,5,Floods in Makary, to ,UNFPA flood-response coordination evidence for Makary and Blangoua in the 2024 episode.,"North; Blangoua,Far North,Makary,North",FLD-CMR-2024-001,All original evidence remains in master_events.json.
CMR-FLD-000070,FLD-CMR-2019-001,MERGE,UNICEF initial response to the 2019 Zina and Kai-Kai flooding.,CMR-FLD-000070,UNICEF Cameroon Humanitarian Situation Report - October 2019 (1).pdf,1,Floods in Zina, to ,UNICEF initial response to the 2019 Zina and Kai-Kai flooding.,"North; Cameroon,Far North,North,Zina",FLD-CMR-2019-001,All original evidence remains in master_events.json.
CMR-FLD-000071,,EXCLUDE,"Human-interest/table-of-contents reference to flood victims, not flood-event evidence.",CMR-FLD-000071,"UNICEF Cameroon Humanitarian Situation Report No. 4 ( End of Year), 31 December 2025 (1).pdf",9,Floods in North, to ,"Human-interest/table-of-contents reference to flood victims, not flood-event evidence.","North; Mezam; Maga,Mezam,North",,All original evidence remains in master_events.json.
CMR-FLD-000072,FLD-CMR-2024-001,MERGE,FEWS NET explicitly describes August–September 2024 seasonal flooding across Far North divisions.,CMR-FLD-000072,cm-fso-2024-10-1730587635.pdf,6,Floods in Mayo-Tsanaga, to ,FEWS NET explicitly describes August–September 2024 seasonal flooding across Far North divisions.,"North; Mayo-Tsanaga; Far North,Mayo-Danay,Mayo-Tsanaga,North",FLD-CMR-2024-001,All original evidence remains in master_events.json.
CMR-FLD-000073,FLD-CMR-2024-001,MERGE,Flood-related crop losses are supporting evidence for the 2024 Far North episode.,CMR-FLD-000073,cm-fso-2024-10-1730587635.pdf,10,Floods in North, to ,Flood-related crop losses are supporting evidence for the 2024 Far North episode.,"North; Diamaré; Diamaré,Far North,North",FLD-CMR-2024-001,All original evidence remains in master_events.json.
CMR-FLD-000074,FLD-CMR-2017-001,KEEP_AS_EVENT,"OCHA's September 2017 bulletin describes recent heavy-rain flooding in Zina subdivision, Logone-et-Chari; only September 2017 is retained, not the bulletin publication day.",CMR-FLD-000074,ocha_cmr_bulletin20humanitaire_no.004_20171011.pdf,1,Floods in Logone-et-Chari, to ,"OCHA's September 2017 bulletin describes recent heavy-rain flooding in Zina subdivision, Logone-et-Chari; only September 2017 is retained, not the bulletin publication day.","Far North; Logone-et-Chari; Est,Extrême-Nord,Logone-et-Chari,Nord",,All original evidence remains in master_events.json.
CMR-FLD-000075,FLD-CMR-2022-001,MERGE,Flood-ravaged plantations are supporting evidence for the 2022 Mayo-Danay/Mayo-Tsanaga episode.,CMR-FLD-000075,ocha_sitrep_extreme-nord_septembre_2022_vf.pdf,3,Floods in Mayo-Danay, to ,Flood-ravaged plantations are supporting evidence for the 2022 Mayo-Danay/Mayo-Tsanaga episode.,"East; Mayo-Danay; Est,Mayo-Danay",FLD-CMR-2022-001,All original evidence remains in master_events.json.
